{"Mean":{"confidence_interval":{"confidence_level":0.95,"lower_bound":79196200.90580948,"upper_bound":79612765.24603528},"point_estimate":79390726.2415158,"standard_error":106929.55633606797},"Median":{"confidence_interval":{"confidence_level":0.95,"lower_bound":78951707.55882353,"upper_bound":79127921.0},"point_estimate":79003106.04244033,"standard_error":43531.33055207053},"MedianAbsDev":{"confidence_interval":{"confidence_level":0.95,"lower_bound":274673.46395287674,"upper_bound":571879.1554747463},"point_estimate":376684.57520355284,"standard_error":76896.11795835616},"Slope":{"confidence_interval":{"confidence_level":0.95,"lower_bound":78960069.21820648,"upper_bound":79250566.34938374},"point_estimate":79095645.91874391,"standard_error":74103.93353628293},"StdDev":{"confidence_interval":{"confidence_level":0.95,"lower_bound":707279.1286191877,"upper_bound":1438029.816717872},"point_estimate":1077505.9741555308,"standard_error":190246.48465123173}}