{"Mean":{"confidence_interval":{"confidence_level":0.95,"lower_bound":16325121.013985075,"upper_bound":16536919.645986317},"point_estimate":16412004.922128351,"standard_error":55209.0026884181},"Median":{"confidence_interval":{"confidence_level":0.95,"lower_bound":16261412.151515152,"upper_bound":16346830.761574075},"point_estimate":16301757.341379311,"standard_error":24087.445904083834},"MedianAbsDev":{"confidence_interval":{"confidence_level":0.95,"lower_bound":119186.83795209766,"upper_bound":203377.12528199924},"point_estimate":152943.56904633393,"standard_error":21575.27746735385},"Slope":{"confidence_interval":{"confidence_level":0.95,"lower_bound":16273662.279632103,"upper_bound":16352726.768480578},"point_estimate":16310845.496949904,"standard_error":20181.326183059107},"StdDev":{"confidence_interval":{"confidence_level":0.95,"lower_bound":165702.35122664447,"upper_bound":879204.5176812066},"point_estimate":549684.8984819831,"standard_error":205507.69733947932}}