{"Mean":{"confidence_interval":{"confidence_level":0.95,"lower_bound":-0.20954657902350818,"upper_bound":0.03359563347985745},"point_estimate":-0.10002541564484091,"standard_error":0.06173545147473554},"Median":{"confidence_interval":{"confidence_level":0.95,"lower_bound":-0.11907152161099699,"upper_bound":-0.0310235122732492},"point_estimate":-0.08343324912125694,"standard_error":0.02169008219059041}}