{"Mean":{"confidence_interval":{"confidence_level":0.95,"lower_bound":310911.3343718203,"upper_bound":358951.6874254078},"point_estimate":331258.18068494386,"standard_error":12406.810180557723},"Median":{"confidence_interval":{"confidence_level":0.95,"lower_bound":296034.6822916666,"upper_bound":303974.36413043475},"point_estimate":299224.3774597496,"standard_error":2276.3460067767255},"MedianAbsDev":{"confidence_interval":{"confidence_level":0.95,"lower_bound":9968.934595407374,"upper_bound":18989.17762873192},"point_estimate":14323.46623853237,"standard_error":2485.8933663242756},"Slope":{"confidence_interval":{"confidence_level":0.95,"lower_bound":292056.4061454594,"upper_bound":295445.66115497635},"point_estimate":293692.9011740801,"standard_error":864.510858891625},"StdDev":{"confidence_interval":{"confidence_level":0.95,"lower_bound":42206.38538697003,"upper_bound":194962.56397578793},"point_estimate":124419.36284507511,"standard_error":42093.289333738314}}