{"Mean":{"confidence_interval":{"confidence_level":0.95,"lower_bound":57192.44732808873,"upper_bound":67655.37404343589},"point_estimate":61645.73337687606,"standard_error":2711.549290694592},"Median":{"confidence_interval":{"confidence_level":0.95,"lower_bound":52936.75471230158,"upper_bound":55992.03918918919},"point_estimate":54363.807652072835,"standard_error":734.7160551022356},"MedianAbsDev":{"confidence_interval":{"confidence_level":0.95,"lower_bound":2895.390617376929,"upper_bound":6669.738391965239},"point_estimate":4868.348163066801,"standard_error":932.0150065168616},"Slope":{"confidence_interval":{"confidence_level":0.95,"lower_bound":52234.090876251255,"upper_bound":53668.191678863885},"point_estimate":52867.51591133442,"standard_error":366.25934317598535},"StdDev":{"confidence_interval":{"confidence_level":0.95,"lower_bound":9367.49128375488,"upper_bound":42601.6029849648},"point_estimate":27284.282417755767,"standard_error":9199.92534213782}}