{"Mean":{"confidence_interval":{"confidence_level":0.95,"lower_bound":15490.890220848394,"upper_bound":18833.131156825802},"point_estimate":16873.54163809604,"standard_error":871.6883726736055},"Median":{"confidence_interval":{"confidence_level":0.95,"lower_bound":14538.916110509861,"upper_bound":15243.158981115503},"point_estimate":14792.158385806113,"standard_error":204.09449316606285},"MedianAbsDev":{"confidence_interval":{"confidence_level":0.95,"lower_bound":811.274788348041,"upper_bound":1600.1718502514088},"point_estimate":1097.7098583581856,"standard_error":219.12190552168659},"Slope":{"confidence_interval":{"confidence_level":0.95,"lower_bound":14487.387869997592,"upper_bound":14804.963554297414},"point_estimate":14637.819333396026,"standard_error":81.14984382701358},"StdDev":{"confidence_interval":{"confidence_level":0.95,"lower_bound":2470.31790906974,"upper_bound":13908.542648077673},"point_estimate":8734.018264727649,"standard_error":3245.0006857281114}}