{"Mean":{"confidence_interval":{"confidence_level":0.95,"lower_bound":4304406.514404517,"upper_bound":4496372.734817705},"point_estimate":4387162.809537237,"standard_error":49673.22448455155},"Median":{"confidence_interval":{"confidence_level":0.95,"lower_bound":4225934.94117647,"upper_bound":4279977.428571428},"point_estimate":4249970.310344827,"standard_error":13703.985336981157},"MedianAbsDev":{"confidence_interval":{"confidence_level":0.95,"lower_bound":71620.77904408294,"upper_bound":138813.36591859366},"point_estimate":102542.68713719549,"standard_error":17337.297471357157},"Slope":{"confidence_interval":{"confidence_level":0.95,"lower_bound":4202005.989985779,"upper_bound":4235757.992477441},"point_estimate":4217892.637679917,"standard_error":8572.026860388232},"StdDev":{"confidence_interval":{"confidence_level":0.95,"lower_bound":198420.8196688314,"upper_bound":767927.5764699619},"point_estimate":500384.22647822206,"standard_error":156974.69458023037}}