{"Mean":{"confidence_interval":{"confidence_level":0.95,"lower_bound":671429.3010249826,"upper_bound":774658.7482260596},"point_estimate":716362.9929360753,"standard_error":26492.222880744164},"Median":{"confidence_interval":{"confidence_level":0.95,"lower_bound":633865.5208333334,"upper_bound":660079.3485260771},"point_estimate":645066.1803233,"standard_error":5874.905068970964},"MedianAbsDev":{"confidence_interval":{"confidence_level":0.95,"lower_bound":33518.25822510738,"upper_bound":57918.93015939951},"point_estimate":45241.86422484537,"standard_error":6205.8776016716},"Slope":{"confidence_interval":{"confidence_level":0.95,"lower_bound":615153.3121766226,"upper_bound":628641.0108663467},"point_estimate":621681.3044687454,"standard_error":3442.3851146955994},"StdDev":{"confidence_interval":{"confidence_level":0.95,"lower_bound":113221.74805054147,"upper_bound":402121.0583546498},"point_estimate":265780.3712413921,"standard_error":78336.75292281456}}