{"Mean":{"confidence_interval":{"confidence_level":0.95,"lower_bound":-0.13389737672949695,"upper_bound":0.15092150224522327},"point_estimate":-0.008488767520490104,"standard_error":0.07478244171004689},"Median":{"confidence_interval":{"confidence_level":0.95,"lower_bound":-0.02542386886664305,"upper_bound":0.028185968035723707},"point_estimate":0.003964438075104937,"standard_error":0.013672228171832466}}