{"Mean":{"confidence_interval":{"confidence_level":0.95,"lower_bound":-0.11323724875858,"upper_bound":0.13972737179551642},"point_estimate":0.006106694504960375,"standard_error":0.06499081003140227},"Median":{"confidence_interval":{"confidence_level":0.95,"lower_bound":-0.03867607943626705,"upper_bound":0.02295356456220965},"point_estimate":-0.006187413171238831,"standard_error":0.016332461656584585}}