{"Mean":{"confidence_interval":{"confidence_level":0.95,"lower_bound":-0.026303923568264255,"upper_bound":0.030331078169378148},"point_estimate":0.0021304501565906353,"standard_error":0.01432295893842721},"Median":{"confidence_interval":{"confidence_level":0.95,"lower_bound":-0.006484317175672327,"upper_bound":0.010298334004959386},"point_estimate":0.0009672554219664065,"standard_error":0.004391051565122499}}