{"Mean":{"confidence_interval":{"confidence_level":0.95,"lower_bound":17632.572131119065,"upper_bound":21094.108737220147},"point_estimate":19076.608300219134,"standard_error":903.5316402326209},"Median":{"confidence_interval":{"confidence_level":0.95,"lower_bound":16527.248392752776,"upper_bound":17255.05693111429},"point_estimate":16800.09086060783,"standard_error":165.47440642237135},"MedianAbsDev":{"confidence_interval":{"confidence_level":0.95,"lower_bound":786.1248067107432,"upper_bound":1714.866447704757},"point_estimate":1220.040724531504,"standard_error":230.96909514016056},"Slope":{"confidence_interval":{"confidence_level":0.95,"lower_bound":16372.547597309842,"upper_bound":16737.855913809362},"point_estimate":16551.069707979652,"standard_error":92.9861825324527},"StdDev":{"confidence_interval":{"confidence_level":0.95,"lower_bound":2675.506522428853,"upper_bound":14500.549121213422},"point_estimate":9117.899493915093,"standard_error":3380.1429564711048}}