{"Mean":{"confidence_interval":{"confidence_level":0.95,"lower_bound":20893.973951206226,"upper_bound":25155.90672385174},"point_estimate":22713.920984202832,"standard_error":1097.408997241251},"Median":{"confidence_interval":{"confidence_level":0.95,"lower_bound":19367.922602089267,"upper_bound":19996.09576936718},"point_estimate":19627.36745865362,"standard_error":152.61855601898523},"MedianAbsDev":{"confidence_interval":{"confidence_level":0.95,"lower_bound":880.1434555834771,"upper_bound":1696.759186543168},"point_estimate":1245.3984107861384,"standard_error":202.54630058275714},"Slope":{"confidence_interval":{"confidence_level":0.95,"lower_bound":19117.313969191848,"upper_bound":19426.493881021164},"point_estimate":19261.927764368476,"standard_error":78.95627250104761},"StdDev":{"confidence_interval":{"confidence_level":0.95,"lower_bound":4508.097225893893,"upper_bound":16974.043382450836},"point_estimate":11028.349896616286,"standard_error":3488.518233607533}}