{"Mean":{"confidence_interval":{"confidence_level":0.95,"lower_bound":22626.924914668663,"upper_bound":27740.9071462752},"point_estimate":24787.62470184919,"standard_error":1332.8670421203274},"Median":{"confidence_interval":{"confidence_level":0.95,"lower_bound":21268.640775761705,"upper_bound":22000.966632962587},"point_estimate":21619.487638667837,"standard_error":191.12470174332734},"MedianAbsDev":{"confidence_interval":{"confidence_level":0.95,"lower_bound":1390.8976338747761,"upper_bound":2992.921557223629},"point_estimate":2091.5310168719902,"standard_error":424.3896214446144},"Slope":{"confidence_interval":{"confidence_level":0.95,"lower_bound":21165.429882130793,"upper_bound":21914.2558940578},"point_estimate":21538.109314285124,"standard_error":190.68178905365377},"StdDev":{"confidence_interval":{"confidence_level":0.95,"lower_bound":4281.261867162845,"upper_bound":21059.84220578375},"point_estimate":13413.086262826802,"standard_error":4643.960155975993}}