{"Mean":{"confidence_interval":{"confidence_level":0.95,"lower_bound":52342.85097881953,"upper_bound":62800.94977457465},"point_estimate":56771.249996708015,"standard_error":2702.8548027439206},"Median":{"confidence_interval":{"confidence_level":0.95,"lower_bound":49526.41258741259,"upper_bound":50834.23377742947},"point_estimate":50205.596432246995,"standard_error":343.8703007542992},"MedianAbsDev":{"confidence_interval":{"confidence_level":0.95,"lower_bound":1627.4897501987614,"upper_bound":3720.411905756155},"point_estimate":2424.5857990608615,"standard_error":560.1799916586681},"Slope":{"confidence_interval":{"confidence_level":0.95,"lower_bound":48301.9746716617,"upper_bound":49489.812924459846},"point_estimate":48896.99687937451,"standard_error":303.69518652244585},"StdDev":{"confidence_interval":{"confidence_level":0.95,"lower_bound":8800.490723154224,"upper_bound":42313.49258115958},"point_estimate":27144.477767581426,"standard_error":8916.109474074883}}