{"Mean":{"confidence_interval":{"confidence_level":0.95,"lower_bound":-0.42812333649684664,"upper_bound":-0.28026147684835634},"point_estimate":-0.3579954044752668,"standard_error":0.03772696548613785},"Median":{"confidence_interval":{"confidence_level":0.95,"lower_bound":-0.40415488210484973,"upper_bound":-0.23692268849436893},"point_estimate":-0.2819361060124058,"standard_error":0.04733008132709533}}