{"Mean":{"confidence_interval":{"confidence_level":0.95,"lower_bound":123903738.78338724,"upper_bound":124359014.04833332},"point_estimate":124124332.79564749,"standard_error":116958.5481083869},"Median":{"confidence_interval":{"confidence_level":0.95,"lower_bound":123635298.69090909,"upper_bound":124159207.73376623},"point_estimate":123786654.68153596,"standard_error":150326.9139547007},"MedianAbsDev":{"confidence_interval":{"confidence_level":0.95,"lower_bound":707423.3664434305,"upper_bound":1207739.4096265202},"point_estimate":869549.8197925381,"standard_error":128861.09532864185},"Slope":{"confidence_interval":{"confidence_level":0.95,"lower_bound":123693611.25699492,"upper_bound":124207410.93792066},"point_estimate":123941758.9704182,"standard_error":130802.10603082398},"StdDev":{"confidence_interval":{"confidence_level":0.95,"lower_bound":948350.9359533536,"upper_bound":1381430.109195568},"point_estimate":1177811.536760312,"standard_error":110863.90867407488}}