{"Mean":{"confidence_interval":{"confidence_level":0.95,"lower_bound":66908.09722888502,"upper_bound":79537.69119389624},"point_estimate":72206.18140310523,"standard_error":3265.033947591829},"Median":{"confidence_interval":{"confidence_level":0.95,"lower_bound":62666.30020283975,"upper_bound":64415.82232893157},"point_estimate":63403.63451797386,"standard_error":440.3349680970302},"MedianAbsDev":{"confidence_interval":{"confidence_level":0.95,"lower_bound":2117.8028347590757,"upper_bound":4298.860618812132},"point_estimate":3087.65363656219,"standard_error":544.0847354272382},"Slope":{"confidence_interval":{"confidence_level":0.95,"lower_bound":62245.55820302718,"upper_bound":62973.996122698},"point_estimate":62583.18345117743,"standard_error":186.30425194421116},"StdDev":{"confidence_interval":{"confidence_level":0.95,"lower_bound":10906.670650568469,"upper_bound":51890.86359082245},"point_estimate":32821.44302280937,"standard_error":11471.71749401528}}