{"Mean":{"confidence_interval":{"confidence_level":0.95,"lower_bound":-0.11386756261766531,"upper_bound":0.06553004043746817},"point_estimate":-0.024357014289455248,"standard_error":0.04567274334322981},"Median":{"confidence_interval":{"confidence_level":0.95,"lower_bound":-0.03603654078715102,"upper_bound":0.004568321530427371},"point_estimate":-0.010239293332922839,"standard_error":0.009951523450724965}}