{"Mean":{"confidence_interval":{"confidence_level":0.95,"lower_bound":9600665.315804437,"upper_bound":22306065.902347732},"point_estimate":15002754.224356268,"standard_error":3298503.139693382},"Median":{"confidence_interval":{"confidence_level":0.95,"lower_bound":5029565.93220339,"upper_bound":7259155.268292683},"point_estimate":5885185.917058824,"standard_error":557064.6132391812},"MedianAbsDev":{"confidence_interval":{"confidence_level":0.95,"lower_bound":2291895.359240269,"upper_bound":5050425.208845119},"point_estimate":3388512.538872044,"standard_error":713938.2681495232},"Slope":{"confidence_interval":{"confidence_level":0.95,"lower_bound":4261416.892617073,"upper_bound":4878345.601903928},"point_estimate":4530289.552729422,"standard_error":157734.07984885518},"StdDev":{"confidence_interval":{"confidence_level":0.95,"lower_bound":11228001.8639731,"upper_bound":51698911.027649395},"point_estimate":33134050.390727315,"standard_error":11174732.842770994}}