{"Mean":{"confidence_interval":{"confidence_level":0.95,"lower_bound":-0.00018369858197094744,"upper_bound":0.012562580891130637},"point_estimate":0.006251242100915766,"standard_error":0.003256891442638631},"Median":{"confidence_interval":{"confidence_level":0.95,"lower_bound":0.0007551446400215767,"upper_bound":0.009837167820249348},"point_estimate":0.004344284757793693,"standard_error":0.0023094015333303326}}