{"Mean":{"confidence_interval":{"confidence_level":0.95,"lower_bound":-0.0025093085559745676,"upper_bound":0.011961918834853038},"point_estimate":0.0046425715442837134,"standard_error":0.003685418595144811},"Median":{"confidence_interval":{"confidence_level":0.95,"lower_bound":0.0006296282754041371,"upper_bound":0.008417505217219512},"point_estimate":0.004355943491276548,"standard_error":0.0019147271239492016}}