{"Mean":{"confidence_interval":{"confidence_level":0.95,"lower_bound":17527194.91941064,"upper_bound":17772535.300147805},"point_estimate":17638328.210301142,"standard_error":62833.67303635821},"Median":{"confidence_interval":{"confidence_level":0.95,"lower_bound":17441058.513888888,"upper_bound":17608717.0375},"point_estimate":17530623.191677175,"standard_error":45109.303593427634},"MedianAbsDev":{"confidence_interval":{"confidence_level":0.95,"lower_bound":253901.35887804534,"upper_bound":401315.90292626864},"point_estimate":330557.5831646013,"standard_error":37063.69833700627},"Slope":{"confidence_interval":{"confidence_level":0.95,"lower_bound":17391475.73744252,"upper_bound":17528542.298977945},"point_estimate":17458655.79062805,"standard_error":35139.09100275091},"StdDev":{"confidence_interval":{"confidence_level":0.95,"lower_bound":359818.2633705956,"upper_bound":893690.6970406728},"point_estimate":630588.2871317565,"standard_error":141418.11891408137}}