{"Mean":{"confidence_interval":{"confidence_level":0.95,"lower_bound":-0.12635028422861713,"upper_bound":0.13301820339472584},"point_estimate":-0.007171249379178679,"standard_error":0.06648871875206591},"Median":{"confidence_interval":{"confidence_level":0.95,"lower_bound":-0.023827272471788175,"upper_bound":0.04536721361438412},"point_estimate":0.006594709701276624,"standard_error":0.016918265229607838}}