{"Mean":{"confidence_interval":{"confidence_level":0.95,"lower_bound":-0.041737163563687105,"upper_bound":0.024586375526252164},"point_estimate":-0.008405097610301837,"standard_error":0.01684252386743337},"Median":{"confidence_interval":{"confidence_level":0.95,"lower_bound":-0.014689929805024593,"upper_bound":0.006249525897687569},"point_estimate":-0.005165766412138173,"standard_error":0.005240305808532102}}