{"Mean":{"confidence_interval":{"confidence_level":0.95,"lower_bound":-0.13560910014539543,"upper_bound":0.13674974317937905},"point_estimate":-0.005933732695990734,"standard_error":0.06928415342839092},"Median":{"confidence_interval":{"confidence_level":0.95,"lower_bound":-0.027876131531010984,"upper_bound":0.04639496191819892},"point_estimate":0.009172848538171463,"standard_error":0.01847863155865014}}