{"Mean":{"confidence_interval":{"confidence_level":0.95,"lower_bound":52659.15459133276,"upper_bound":62832.5905092267},"point_estimate":57049.674535305836,"standard_error":2615.559463200458},"Median":{"confidence_interval":{"confidence_level":0.95,"lower_bound":49038.42792207792,"upper_bound":50865.57520053476},"point_estimate":50002.744277422724,"standard_error":524.9269125018601},"MedianAbsDev":{"confidence_interval":{"confidence_level":0.95,"lower_bound":2670.872274177929,"upper_bound":5166.038326117136},"point_estimate":4045.9251564683095,"standard_error":654.218349731201},"Slope":{"confidence_interval":{"confidence_level":0.95,"lower_bound":48036.06783748317,"upper_bound":49228.66098434489},"point_estimate":48562.08065746873,"standard_error":306.059040321837},"StdDev":{"confidence_interval":{"confidence_level":0.95,"lower_bound":10329.872829805718,"upper_bound":40074.32045960826},"point_estimate":26213.188210092227,"standard_error":7976.858063557195}}