{"Mean":{"confidence_interval":{"confidence_level":0.95,"lower_bound":40429.161725391,"upper_bound":47757.35282880407},"point_estimate":43522.45285164033,"standard_error":1894.628435360213},"Median":{"confidence_interval":{"confidence_level":0.95,"lower_bound":37758.60532687651,"upper_bound":39613.014285714286},"point_estimate":38497.07585034013,"standard_error":409.8973837857385},"MedianAbsDev":{"confidence_interval":{"confidence_level":0.95,"lower_bound":1657.874212306523,"upper_bound":3738.651996193565},"point_estimate":2541.832407364059,"standard_error":500.6068562728079},"Slope":{"confidence_interval":{"confidence_level":0.95,"lower_bound":37733.78506076505,"upper_bound":39136.8572079669},"point_estimate":38378.850979860246,"standard_error":359.4372876881699},"StdDev":{"confidence_interval":{"confidence_level":0.95,"lower_bound":6253.710799201139,"upper_bound":29900.426631828755},"point_estimate":19051.431073756572,"standard_error":6568.755275515571}}