{"Mean":{"confidence_interval":{"confidence_level":0.95,"lower_bound":-0.15825121122956615,"upper_bound":-0.05109927004827536},"point_estimate":-0.10430268106067819,"standard_error":0.02727730164057065},"Median":{"confidence_interval":{"confidence_level":0.95,"lower_bound":-0.12311330211567932,"upper_bound":-0.04342567911101125},"point_estimate":-0.08124171852451778,"standard_error":0.023425410846789604}}