{"Mean":{"confidence_interval":{"confidence_level":0.95,"lower_bound":65970.68212871536,"upper_bound":78965.52236183952},"point_estimate":71511.36818440467,"standard_error":3361.8514307291307},"Median":{"confidence_interval":{"confidence_level":0.95,"lower_bound":60317.4281926407,"upper_bound":63636.350793650796},"point_estimate":62059.747851153035,"standard_error":939.8470180369117},"MedianAbsDev":{"confidence_interval":{"confidence_level":0.95,"lower_bound":3700.8513836009156,"upper_bound":7488.264764159147},"point_estimate":5967.6854893386035,"standard_error":1077.2906917497178},"Slope":{"confidence_interval":{"confidence_level":0.95,"lower_bound":59446.67174442966,"upper_bound":61391.17663908795},"point_estimate":60336.283689801814,"standard_error":496.29727689211785},"StdDev":{"confidence_interval":{"confidence_level":0.95,"lower_bound":13694.210474363921,"upper_bound":52217.771392376475},"point_estimate":33754.91813775361,"standard_error":11039.758343386073}}