{"Mean":{"confidence_interval":{"confidence_level":0.95,"lower_bound":303753.648475201,"upper_bound":350582.3920798331},"point_estimate":323966.31444766663,"standard_error":12127.23340886722},"Median":{"confidence_interval":{"confidence_level":0.95,"lower_bound":289437.69946755073,"upper_bound":298323.859375},"point_estimate":293063.91924376297,"standard_error":2489.2801564200718},"MedianAbsDev":{"confidence_interval":{"confidence_level":0.95,"lower_bound":14105.792150532756,"upper_bound":31070.786271931687},"point_estimate":20964.5223204833,"standard_error":4335.80979228639},"Slope":{"confidence_interval":{"confidence_level":0.95,"lower_bound":281270.96681455045,"upper_bound":287588.76028060843},"point_estimate":284456.12191591546,"standard_error":1614.528668387461},"StdDev":{"confidence_interval":{"confidence_level":0.95,"lower_bound":47564.07374046779,"upper_bound":187515.71371423357},"point_estimate":122298.1612417691,"standard_error":38655.31251786709}}