{"Mean":{"confidence_interval":{"confidence_level":0.95,"lower_bound":-0.19606068145992075,"upper_bound":0.011502014675344546},"point_estimate":-0.09682022010216451,"standard_error":0.05316878048752983},"Median":{"confidence_interval":{"confidence_level":0.95,"lower_bound":-0.08200143116276389,"upper_bound":-0.0064542383238531675},"point_estimate":-0.0343935102263051,"standard_error":0.019016584655231004}}