{"Mean":{"confidence_interval":{"confidence_level":0.95,"lower_bound":27039989.0887999,"upper_bound":27558717.972264066},"point_estimate":27266497.607382786,"standard_error":133891.44574401493},"Median":{"confidence_interval":{"confidence_level":0.95,"lower_bound":26848457.27140023,"upper_bound":26974945.783333335},"point_estimate":26885562.891304348,"standard_error":33277.3289399964},"MedianAbsDev":{"confidence_interval":{"confidence_level":0.95,"lower_bound":182419.2532574106,"upper_bound":382129.0601732308},"point_estimate":242454.92145597428,"standard_error":51907.27132883548},"Slope":{"confidence_interval":{"confidence_level":0.95,"lower_bound":26791373.77927848,"upper_bound":26896971.531673074},"point_estimate":26842168.484513078,"standard_error":26935.411672293474},"StdDev":{"confidence_interval":{"confidence_level":0.95,"lower_bound":550984.7855750824,"upper_bound":2024489.5553572238},"point_estimate":1343930.9370076915,"standard_error":392979.8482506484}}