{"Mean":{"confidence_interval":{"confidence_level":0.95,"lower_bound":-0.20119724917471735,"upper_bound":0.2790405898309212},"point_estimate":-0.004210724545364308,"standard_error":0.12162789357402203},"Median":{"confidence_interval":{"confidence_level":0.95,"lower_bound":-0.03744465293873511,"upper_bound":0.04954198786074149},"point_estimate":0.000598852945611128,"standard_error":0.022475076440533658}}