{"Mean":{"confidence_interval":{"confidence_level":0.95,"lower_bound":34106.04508721983,"upper_bound":34663.183183942165},"point_estimate":34350.65658296003,"standard_error":142.90874902863658},"Median":{"confidence_interval":{"confidence_level":0.95,"lower_bound":34006.64272030651,"upper_bound":34272.19451637818},"point_estimate":34157.62576503956,"standard_error":69.81664022254832},"MedianAbsDev":{"confidence_interval":{"confidence_level":0.95,"lower_bound":441.5137894873903,"upper_bound":749.1443770137181},"point_estimate":595.4250001232203,"standard_error":81.71390003594199},"Slope":{"confidence_interval":{"confidence_level":0.95,"lower_bound":34298.69354425692,"upper_bound":34761.539178319166},"point_estimate":34500.672038442135,"standard_error":118.59933699420581},"StdDev":{"confidence_interval":{"confidence_level":0.95,"lower_bound":727.9255749124964,"upper_bound":2174.121954009187},"point_estimate":1434.3641880734692,"standard_error":436.9743169063012}}