{"Mean":{"confidence_interval":{"confidence_level":0.95,"lower_bound":-0.12480432897325947,"upper_bound":0.13089616271990545},"point_estimate":-0.008483898452377181,"standard_error":0.06522663133336333},"Median":{"confidence_interval":{"confidence_level":0.95,"lower_bound":-0.04054333737479343,"upper_bound":0.015614051910139981},"point_estimate":-0.018812303982447265,"standard_error":0.014550170219870548}}