{"Mean":{"confidence_interval":{"confidence_level":0.95,"lower_bound":-0.12967678954298162,"upper_bound":0.10993483961573267},"point_estimate":-0.020870168578829618,"standard_error":0.0608718870479725},"Median":{"confidence_interval":{"confidence_level":0.95,"lower_bound":-0.04313279887370469,"upper_bound":0.009171442169528587},"point_estimate":-0.022873221153809187,"standard_error":0.012639689563639157}}