{"Mean":{"confidence_interval":{"confidence_level":0.95,"lower_bound":-0.007731321627000911,"upper_bound":0.017641860807911466},"point_estimate":0.005019312746704863,"standard_error":0.006394493035218304},"Median":{"confidence_interval":{"confidence_level":0.95,"lower_bound":-0.0012386199512524065,"upper_bound":0.005767095810903691},"point_estimate":0.0010537444008615893,"standard_error":0.0018486555951846948}}