{"Mean":{"confidence_interval":{"confidence_level":0.95,"lower_bound":-0.4790325003857762,"upper_bound":-0.3368781467890455},"point_estimate":-0.41458677445599545,"standard_error":0.03626121409716577},"Median":{"confidence_interval":{"confidence_level":0.95,"lower_bound":-0.48397812292315623,"upper_bound":-0.37895505546574526},"point_estimate":-0.42319589462971907,"standard_error":0.027995750772997388}}