{"Mean":{"confidence_interval":{"confidence_level":0.95,"lower_bound":12408.811839754604,"upper_bound":14931.439492794298},"point_estimate":13462.837580448326,"standard_error":653.8147173052495},"Median":{"confidence_interval":{"confidence_level":0.95,"lower_bound":11636.366043173599,"upper_bound":11972.458454999556},"point_estimate":11741.894086925733,"standard_error":94.69962963695353},"MedianAbsDev":{"confidence_interval":{"confidence_level":0.95,"lower_bound":471.10054667538293,"upper_bound":1102.9454054033038},"point_estimate":678.7404588757666,"standard_error":163.10910774459003},"Slope":{"confidence_interval":{"confidence_level":0.95,"lower_bound":11706.905981673915,"upper_bound":12016.09424430582},"point_estimate":11855.63707444729,"standard_error":78.61443628002193},"StdDev":{"confidence_interval":{"confidence_level":0.95,"lower_bound":2038.6648071563357,"upper_bound":10376.096584330317},"point_estimate":6562.783477859805,"standard_error":2318.2053530838784}}