{"Mean":{"confidence_interval":{"confidence_level":0.95,"lower_bound":7038664.232514855,"upper_bound":16506332.393751925},"point_estimate":11059581.222999163,"standard_error":2442911.102947244},"Median":{"confidence_interval":{"confidence_level":0.95,"lower_bound":3719764.4,"upper_bound":5157214.997619048},"point_estimate":4282869.039803921,"standard_error":380701.9953064456},"MedianAbsDev":{"confidence_interval":{"confidence_level":0.95,"lower_bound":1678777.7784879375,"upper_bound":3592735.3789605875},"point_estimate":2487362.603330524,"standard_error":502577.33606377273},"Slope":{"confidence_interval":{"confidence_level":0.95,"lower_bound":3115625.6818945184,"upper_bound":3566808.8327348735},"point_estimate":3311583.0637180433,"standard_error":115037.70039659219},"StdDev":{"confidence_interval":{"confidence_level":0.95,"lower_bound":8429007.455657521,"upper_bound":38272586.2414745},"point_estimate":24551177.469878033,"standard_error":8153713.890573181}}