{"Mean":{"confidence_interval":{"confidence_level":0.95,"lower_bound":-0.011096480271291205,"upper_bound":0.008735623088274013},"point_estimate":-0.0013603383303454342,"standard_error":0.005067123596199392},"Median":{"confidence_interval":{"confidence_level":0.95,"lower_bound":0.0013013612946064512,"upper_bound":0.008004007012166303},"point_estimate":0.004395443462074544,"standard_error":0.001624281876790578}}