{"Mean":{"confidence_interval":{"confidence_level":0.95,"lower_bound":12079.879461985573,"upper_bound":14532.418503276522},"point_estimate":13125.512714714918,"standard_error":637.5996232820517},"Median":{"confidence_interval":{"confidence_level":0.95,"lower_bound":11341.478392745466,"upper_bound":11811.364815775818},"point_estimate":11521.713748829035,"standard_error":113.33030692969297},"MedianAbsDev":{"confidence_interval":{"confidence_level":0.95,"lower_bound":715.2693523072187,"upper_bound":1367.8096372341408},"point_estimate":1119.7544500760387,"standard_error":172.71729199631176},"Slope":{"confidence_interval":{"confidence_level":0.95,"lower_bound":11301.685461600147,"upper_bound":11667.946519025405},"point_estimate":11484.109592030189,"standard_error":93.11078053170309},"StdDev":{"confidence_interval":{"confidence_level":0.95,"lower_bound":2069.8097028716306,"upper_bound":10039.718973659366},"point_estimate":6422.4879800704475,"standard_error":2173.949955617854}}