{"Mean":{"confidence_interval":{"confidence_level":0.95,"lower_bound":-0.1315985668456822,"upper_bound":0.16199858829208305},"point_estimate":0.003102154462152784,"standard_error":0.07507090703327074},"Median":{"confidence_interval":{"confidence_level":0.95,"lower_bound":-0.04370642242239431,"upper_bound":0.035553194045472525},"point_estimate":0.0030551810653431932,"standard_error":0.021005626536485057}}