{"Mean":{"confidence_interval":{"confidence_level":0.95,"lower_bound":12020.630067963664,"upper_bound":14233.893787519768},"point_estimate":12958.60533285802,"standard_error":573.2027293488122},"Median":{"confidence_interval":{"confidence_level":0.95,"lower_bound":11219.5250231696,"upper_bound":12051.288403614459},"point_estimate":11416.110099974365,"standard_error":213.13345910740276},"MedianAbsDev":{"confidence_interval":{"confidence_level":0.95,"lower_bound":786.5282219726455,"upper_bound":1587.2687636373412},"point_estimate":1223.8347964666427,"standard_error":207.8912239170406},"Slope":{"confidence_interval":{"confidence_level":0.95,"lower_bound":11214.737867731244,"upper_bound":11609.899457701003},"point_estimate":11408.30596516404,"standard_error":101.1349016775854},"StdDev":{"confidence_interval":{"confidence_level":0.95,"lower_bound":2016.0715224659216,"upper_bound":8984.65413604206},"point_estimate":5742.738438646751,"standard_error":1939.4066796999793}}