{"Mean":{"confidence_interval":{"confidence_level":0.95,"lower_bound":3964127.9291935717,"upper_bound":4169309.063669531},"point_estimate":4052580.926808643,"standard_error":52919.14355031586},"Median":{"confidence_interval":{"confidence_level":0.95,"lower_bound":3889089.4054054054,"upper_bound":3943701.7010309277},"point_estimate":3919326.2326241136,"standard_error":14863.577237427287},"MedianAbsDev":{"confidence_interval":{"confidence_level":0.95,"lower_bound":76256.02458254859,"upper_bound":135612.46289437488},"point_estimate":99970.89489898927,"standard_error":14622.740320243556},"Slope":{"confidence_interval":{"confidence_level":0.95,"lower_bound":3858122.4572114595,"upper_bound":3886484.70522372},"point_estimate":3871656.7562317126,"standard_error":7232.978834058097},"StdDev":{"confidence_interval":{"confidence_level":0.95,"lower_bound":207956.49496701025,"upper_bound":823157.0281722678},"point_estimate":532984.9936114821,"standard_error":171716.2122408822}}