{"Mean":{"confidence_interval":{"confidence_level":0.95,"lower_bound":-0.12851228976373583,"upper_bound":0.12839220831765724},"point_estimate":-0.00975096611023385,"standard_error":0.06588060409476489},"Median":{"confidence_interval":{"confidence_level":0.95,"lower_bound":-0.034178072785388425,"upper_bound":0.021741660102422955},"point_estimate":-0.010241280426019017,"standard_error":0.013728355161060732}}