{"Mean":{"confidence_interval":{"confidence_level":0.95,"lower_bound":51232.647683533585,"upper_bound":61796.46287699093},"point_estimate":55663.723002723644,"standard_error":2736.8924214890267},"Median":{"confidence_interval":{"confidence_level":0.95,"lower_bound":48302.72556390977,"upper_bound":49370.1371482684},"point_estimate":48798.78464717101,"standard_error":280.5117466534571},"MedianAbsDev":{"confidence_interval":{"confidence_level":0.95,"lower_bound":1658.029096927733,"upper_bound":3552.3776696036166},"point_estimate":2427.380509995455,"standard_error":481.19762542500166},"Slope":{"confidence_interval":{"confidence_level":0.95,"lower_bound":46860.60763379935,"upper_bound":48013.64275226607},"point_estimate":47439.63229522952,"standard_error":294.89458388365875},"StdDev":{"confidence_interval":{"confidence_level":0.95,"lower_bound":9460.300851371403,"upper_bound":43399.508593428975},"point_estimate":27537.28768283793,"standard_error":9677.384100696063}}