{"Mean":{"confidence_interval":{"confidence_level":0.95,"lower_bound":91187.3664504002,"upper_bound":111225.43820106119},"point_estimate":99741.02986014656,"standard_error":5165.55798428754},"Median":{"confidence_interval":{"confidence_level":0.95,"lower_bound":84551.17484035759,"upper_bound":86417.52380952382},"point_estimate":85388.18632739212,"standard_error":516.318604738193},"MedianAbsDev":{"confidence_interval":{"confidence_level":0.95,"lower_bound":2689.497438471389,"upper_bound":5702.583891975956},"point_estimate":4066.056809371881,"standard_error":790.8203997102005},"Slope":{"confidence_interval":{"confidence_level":0.95,"lower_bound":84346.90760277813,"upper_bound":85340.42819477842},"point_estimate":84826.74735013054,"standard_error":253.1166277882648},"StdDev":{"confidence_interval":{"confidence_level":0.95,"lower_bound":20276.817177875528,"upper_bound":79936.74446726039},"point_estimate":51739.52834881306,"standard_error":16582.72000040254}}