{"Mean":{"confidence_interval":{"confidence_level":0.95,"lower_bound":21485.64633150029,"upper_bound":26025.300753314652},"point_estimate":23394.678530834546,"standard_error":1178.7419325350434},"Median":{"confidence_interval":{"confidence_level":0.95,"lower_bound":20111.578442140657,"upper_bound":21093.44262770238},"point_estimate":20265.96772849861,"standard_error":251.50785464601884},"MedianAbsDev":{"confidence_interval":{"confidence_level":0.95,"lower_bound":1919.6604336306955,"upper_bound":3197.161730841896},"point_estimate":2311.2507908381313,"standard_error":334.52249644428156},"Slope":{"confidence_interval":{"confidence_level":0.95,"lower_bound":20014.04891074627,"upper_bound":20882.061209777756},"point_estimate":20431.705914544247,"standard_error":221.7168462802953},"StdDev":{"confidence_interval":{"confidence_level":0.95,"lower_bound":3900.2502642826917,"upper_bound":18656.082110880638},"point_estimate":11852.407305596078,"standard_error":4162.485318619085}}