{"Mean":{"confidence_interval":{"confidence_level":0.95,"lower_bound":16277.794889682362,"upper_bound":19519.92993090018},"point_estimate":17618.918478755422,"standard_error":840.1444507299638},"Median":{"confidence_interval":{"confidence_level":0.95,"lower_bound":15308.129411764707,"upper_bound":16134.80912653523},"point_estimate":15649.05186210848,"standard_error":189.90017519170792},"MedianAbsDev":{"confidence_interval":{"confidence_level":0.95,"lower_bound":1193.3538552843245,"upper_bound":1996.1014076821693},"point_estimate":1620.2797733969142,"standard_error":202.4302417593621},"Slope":{"confidence_interval":{"confidence_level":0.95,"lower_bound":14985.981732707925,"upper_bound":15430.726311806005},"point_estimate":15201.846500186894,"standard_error":113.83675285759806},"StdDev":{"confidence_interval":{"confidence_level":0.95,"lower_bound":2618.5159134424875,"upper_bound":13452.729779183992},"point_estimate":8428.630041694712,"standard_error":3107.642586761309}}