{"Mean":{"confidence_interval":{"confidence_level":0.95,"lower_bound":-0.48689367989846627,"upper_bound":-0.2455529058067114},"point_estimate":-0.37021613833577516,"standard_error":0.06213526987919989},"Median":{"confidence_interval":{"confidence_level":0.95,"lower_bound":-0.3908151715012127,"upper_bound":-0.3295734682521406},"point_estimate":-0.3510873290141342,"standard_error":0.016027954717678764}}