{"Mean":{"confidence_interval":{"confidence_level":0.95,"lower_bound":-0.18374838935685556,"upper_bound":0.04426244561045973},"point_estimate":-0.07659745072807789,"standard_error":0.0579329227030302},"Median":{"confidence_interval":{"confidence_level":0.95,"lower_bound":-0.12247898424713305,"upper_bound":-0.018045767429371917},"point_estimate":-0.06808086916748468,"standard_error":0.02858434988290879}}