{"Mean":{"confidence_interval":{"confidence_level":0.95,"lower_bound":-0.12351178993216849,"upper_bound":0.14496780547585805},"point_estimate":0.002051470888024376,"standard_error":0.06848889584395879},"Median":{"confidence_interval":{"confidence_level":0.95,"lower_bound":-0.024424599188304308,"upper_bound":0.02598255347698042},"point_estimate":0.009848668937114002,"standard_error":0.013336073798245494}}