{"Mean":{"confidence_interval":{"confidence_level":0.95,"lower_bound":-0.15001517902901715,"upper_bound":0.11884587275850846},"point_estimate":-0.019609059989844635,"standard_error":0.0681201882358308},"Median":{"confidence_interval":{"confidence_level":0.95,"lower_bound":-0.03838716061794578,"upper_bound":0.028791568786486303},"point_estimate":-0.0006837856000018183,"standard_error":0.015242968758269046}}