{"Mean":{"confidence_interval":{"confidence_level":0.95,"lower_bound":199333.65805493682,"upper_bound":229363.45200826623},"point_estimate":212276.5028222815,"standard_error":7728.276082492225},"Median":{"confidence_interval":{"confidence_level":0.95,"lower_bound":187519.00925925927,"upper_bound":196362.33333333334},"point_estimate":192337.34174594784,"standard_error":2357.422813464219},"MedianAbsDev":{"confidence_interval":{"confidence_level":0.95,"lower_bound":11742.026610559104,"upper_bound":22536.528180643127},"point_estimate":17325.302914829466,"standard_error":2747.0758139756535},"Slope":{"confidence_interval":{"confidence_level":0.95,"lower_bound":183145.26952656935,"upper_bound":187221.00067462618},"point_estimate":185012.46740111324,"standard_error":1040.104809669497},"StdDev":{"confidence_interval":{"confidence_level":0.95,"lower_bound":30804.188220618802,"upper_bound":119130.88845636572},"point_estimate":77863.71809569001,"standard_error":23813.15738298931}}