{"Mean":{"confidence_interval":{"confidence_level":0.95,"lower_bound":-0.261348461279738,"upper_bound":0.01373942853233204},"point_estimate":-0.1345066581172587,"standard_error":0.07020296971190104},"Median":{"confidence_interval":{"confidence_level":0.95,"lower_bound":-0.1338830248338151,"upper_bound":-0.026173791506710398},"point_estimate":-0.09393754910521723,"standard_error":0.029305505585551336}}