{"Mean":{"confidence_interval":{"confidence_level":0.95,"lower_bound":32098.64318160336,"upper_bound":37937.01383310021},"point_estimate":34570.56544884435,"standard_error":1511.3200680650639},"Median":{"confidence_interval":{"confidence_level":0.95,"lower_bound":30009.30663265306,"upper_bound":31377.473891625617},"point_estimate":30488.431593406593,"standard_error":464.6728931332129},"MedianAbsDev":{"confidence_interval":{"confidence_level":0.95,"lower_bound":1703.0750433804524,"upper_bound":3587.6802071519405},"point_estimate":2321.7808918535093,"standard_error":530.5948209847335},"Slope":{"confidence_interval":{"confidence_level":0.95,"lower_bound":29404.7683916036,"upper_bound":30199.413083794643},"point_estimate":29759.26585893728,"standard_error":203.62908038457303},"StdDev":{"confidence_interval":{"confidence_level":0.95,"lower_bound":5031.731549542617,"upper_bound":23678.319976174345},"point_estimate":15158.600485457308,"standard_error":5111.949334812651}}