{"Mean":{"confidence_interval":{"confidence_level":0.95,"lower_bound":11524.831526364875,"upper_bound":14063.085893689657},"point_estimate":12585.93592436529,"standard_error":660.2502496117938},"Median":{"confidence_interval":{"confidence_level":0.95,"lower_bound":10770.098288690475,"upper_bound":11247.932205513784},"point_estimate":10973.433344555968,"standard_error":117.41629530190073},"MedianAbsDev":{"confidence_interval":{"confidence_level":0.95,"lower_bound":643.6905109244252,"upper_bound":1230.6176680047154},"point_estimate":792.152634506135,"standard_error":150.94512939607233},"Slope":{"confidence_interval":{"confidence_level":0.95,"lower_bound":10802.865265920163,"upper_bound":11097.109665858126},"point_estimate":10950.158727824808,"standard_error":75.20717054081851},"StdDev":{"confidence_interval":{"confidence_level":0.95,"lower_bound":2154.0700391886417,"upper_bound":10475.996537711995},"point_estimate":6628.035629177289,"standard_error":2366.5130883143916}}