{"Mean":{"confidence_interval":{"confidence_level":0.95,"lower_bound":1790039.3512357967,"upper_bound":1988962.8806407235},"point_estimate":1874872.657686512,"standard_error":51484.76502767006},"Median":{"confidence_interval":{"confidence_level":0.95,"lower_bound":1709969.5380297825,"upper_bound":1765871.3711755234},"point_estimate":1731276.356524874,"standard_error":16026.008872849827},"MedianAbsDev":{"confidence_interval":{"confidence_level":0.95,"lower_bound":62703.69946962081,"upper_bound":128052.80637881871},"point_estimate":88905.03152585305,"standard_error":18991.95246491748},"Slope":{"confidence_interval":{"confidence_level":0.95,"lower_bound":1690097.5967494755,"upper_bound":1709330.5653232923},"point_estimate":1698983.193781587,"standard_error":4898.958750991035},"StdDev":{"confidence_interval":{"confidence_level":0.95,"lower_bound":193981.57892303783,"upper_bound":802811.5087293476},"point_estimate":517050.5912051444,"standard_error":167669.966699709}}