{"Mean":{"confidence_interval":{"confidence_level":0.95,"lower_bound":-0.46407517932434234,"upper_bound":-0.2328474255416547},"point_estimate":-0.3592291349828022,"standard_error":0.05890884079795763},"Median":{"confidence_interval":{"confidence_level":0.95,"lower_bound":-0.4201986758524411,"upper_bound":-0.17620080405551686},"point_estimate":-0.3652846624096526,"standard_error":0.05371805284977011}}