{"Mean":{"confidence_interval":{"confidence_level":0.95,"lower_bound":1452589.9775248899,"upper_bound":3133792.6807614136},"point_estimate":2163699.9336017687,"standard_error":435477.9105251943},"Median":{"confidence_interval":{"confidence_level":0.95,"lower_bound":809870.1803278689,"upper_bound":1131479.0},"point_estimate":949369.533946912,"standard_error":77284.168402624},"MedianAbsDev":{"confidence_interval":{"confidence_level":0.95,"lower_bound":284692.75213930936,"upper_bound":687942.6706597749},"point_estimate":464139.78099081735,"standard_error":101538.25817194046},"Slope":{"confidence_interval":{"confidence_level":0.95,"lower_bound":730267.2218748089,"upper_bound":814705.1238027778},"point_estimate":767154.4913413132,"standard_error":21548.482896776713},"StdDev":{"confidence_interval":{"confidence_level":0.95,"lower_bound":1511693.6011684092,"upper_bound":6836640.266922811},"point_estimate":4369137.8790090475,"standard_error":1479946.625465941}}