{"Mean":{"confidence_interval":{"confidence_level":0.95,"lower_bound":-0.02139858674789502,"upper_bound":0.020673782284324066},"point_estimate":-0.0010363443690833973,"standard_error":0.010578359135899752},"Median":{"confidence_interval":{"confidence_level":0.95,"lower_bound":-0.005092679230618069,"upper_bound":0.007905469432132177},"point_estimate":0.0016414784481408873,"standard_error":0.0031798396274782172}}