{"Mean":{"confidence_interval":{"confidence_level":0.95,"lower_bound":1308893.5878342206,"upper_bound":1505426.0370920761},"point_estimate":1392553.7884821936,"standard_error":50621.87075823559},"Median":{"confidence_interval":{"confidence_level":0.95,"lower_bound":1242910.3902789173,"upper_bound":1284629.1292682928},"point_estimate":1263860.9062345373,"standard_error":10693.950768868941},"MedianAbsDev":{"confidence_interval":{"confidence_level":0.95,"lower_bound":61133.021982678634,"upper_bound":113445.84162112355},"point_estimate":83071.39977376747,"standard_error":13054.151624167078},"Slope":{"confidence_interval":{"confidence_level":0.95,"lower_bound":1211020.3963438775,"upper_bound":1230710.035651299},"point_estimate":1220206.85237476,"standard_error":4998.815129926052},"StdDev":{"confidence_interval":{"confidence_level":0.95,"lower_bound":186188.73120950293,"upper_bound":792045.2510986659},"point_estimate":509765.45710400434,"standard_error":166885.51044091425}}