{"Mean":{"confidence_interval":{"confidence_level":0.95,"lower_bound":16806.68547124476,"upper_bound":20181.162507789963},"point_estimate":18233.506139296325,"standard_error":872.0172457103371},"Median":{"confidence_interval":{"confidence_level":0.95,"lower_bound":15487.700080677692,"upper_bound":16808.640958130694},"point_estimate":16022.059925731917,"standard_error":311.42971254715485},"MedianAbsDev":{"confidence_interval":{"confidence_level":0.95,"lower_bound":1477.525584107791,"upper_bound":2763.339480147754},"point_estimate":2156.58558586311,"standard_error":307.47618538217034},"Slope":{"confidence_interval":{"confidence_level":0.95,"lower_bound":15166.730905083046,"upper_bound":15677.468352194777},"point_estimate":15409.377200505525,"standard_error":130.49142723894},"StdDev":{"confidence_interval":{"confidence_level":0.95,"lower_bound":3094.7052701112793,"upper_bound":13656.74679540263},"point_estimate":8752.635498831185,"standard_error":2933.7809271998317}}