{"Mean":{"confidence_interval":{"confidence_level":0.95,"lower_bound":-0.006202990600358559,"upper_bound":0.013099809616659365},"point_estimate":0.003079916221388368,"standard_error":0.004860880591067431},"Median":{"confidence_interval":{"confidence_level":0.95,"lower_bound":-0.003132549551017716,"upper_bound":0.006110793829797734},"point_estimate":0.0019464520002330232,"standard_error":0.0022505166777881404}}