{"Mean":{"confidence_interval":{"confidence_level":0.95,"lower_bound":-0.14596281247385556,"upper_bound":0.13756626703299185},"point_estimate":-0.006408204958275321,"standard_error":0.07214320360552},"Median":{"confidence_interval":{"confidence_level":0.95,"lower_bound":-0.016110256102505716,"upper_bound":0.025575150509462574},"point_estimate":0.004530345604427,"standard_error":0.010651742260835565}}