{"Mean":{"confidence_interval":{"confidence_level":0.95,"lower_bound":-0.13340524701233764,"upper_bound":0.14137409383868865},"point_estimate":-0.003082751124351746,"standard_error":0.07016969506905059},"Median":{"confidence_interval":{"confidence_level":0.95,"lower_bound":-0.03584252430498658,"upper_bound":0.008927005855317027},"point_estimate":-0.017458702511650714,"standard_error":0.011155517550862517}}