{"Mean":{"confidence_interval":{"confidence_level":0.95,"lower_bound":0.043754180628246486,"upper_bound":0.1661866381086275},"point_estimate":0.09635214651551927,"standard_error":0.03256692079989937},"Median":{"confidence_interval":{"confidence_level":0.95,"lower_bound":-0.002518666949514081,"upper_bound":0.007656968772946386},"point_estimate":0.0027403615119918623,"standard_error":0.0025191752103627557}}