{"Mean":{"confidence_interval":{"confidence_level":0.95,"lower_bound":6853567.140792674,"upper_bound":7056060.212399179},"point_estimate":6943014.408428583,"standard_error":51916.95161353013},"Median":{"confidence_interval":{"confidence_level":0.95,"lower_bound":6763901.075,"upper_bound":6853065.564339043},"point_estimate":6799228.548029557,"standard_error":22127.32182964809},"MedianAbsDev":{"confidence_interval":{"confidence_level":0.95,"lower_bound":114485.03759305211,"upper_bound":197685.45173964326},"point_estimate":142163.62407294931,"standard_error":22352.00095987043},"Slope":{"confidence_interval":{"confidence_level":0.95,"lower_bound":6727358.465112923,"upper_bound":6770746.456099774},"point_estimate":6748097.566531698,"standard_error":11080.25751414353},"StdDev":{"confidence_interval":{"confidence_level":0.95,"lower_bound":254494.45792353596,"upper_bound":771658.3907357518},"point_estimate":522173.29097995843,"standard_error":139044.46154133618}}