{"Mean":{"confidence_interval":{"confidence_level":0.95,"lower_bound":1043856.6301379717,"upper_bound":1143373.11053644},"point_estimate":1088192.599495476,"standard_error":25595.145015693244},"Median":{"confidence_interval":{"confidence_level":0.95,"lower_bound":997769.6722831766,"upper_bound":1026429.8353658537},"point_estimate":1007162.4575923393,"standard_error":7065.264036800186},"MedianAbsDev":{"confidence_interval":{"confidence_level":0.95,"lower_bound":52143.09371161358,"upper_bound":98009.71650261704},"point_estimate":72818.71928290864,"standard_error":12706.96319399464},"Slope":{"confidence_interval":{"confidence_level":0.95,"lower_bound":1020136.7048694962,"upper_bound":1116362.2715657589},"point_estimate":1067333.2863780109,"standard_error":24587.08543288136},"StdDev":{"confidence_interval":{"confidence_level":0.95,"lower_bound":132643.83389066576,"upper_bound":378288.0587318765},"point_estimate":256779.9600678491,"standard_error":67546.9947476794}}