{"Mean":{"confidence_interval":{"confidence_level":0.95,"lower_bound":79098793.80839272,"upper_bound":79918501.04527822},"point_estimate":79463702.28008302,"standard_error":211189.8253693411},"Median":{"confidence_interval":{"confidence_level":0.95,"lower_bound":78773520.8125,"upper_bound":79008298.93065575},"point_estimate":78924722.08,"standard_error":58529.943119684714},"MedianAbsDev":{"confidence_interval":{"confidence_level":0.95,"lower_bound":388096.066910089,"upper_bound":793275.1058061692},"point_estimate":602981.67451353,"standard_error":111334.61355922544},"Slope":{"confidence_interval":{"confidence_level":0.95,"lower_bound":78824057.49003801,"upper_bound":80707572.71787633},"point_estimate":79602735.9255416,"standard_error":498986.7298520405},"StdDev":{"confidence_interval":{"confidence_level":0.95,"lower_bound":921025.4325999602,"upper_bound":3050891.515809245},"point_estimate":2115654.5164621035,"standard_error":546211.2939523599}}