{"Mean":{"confidence_interval":{"confidence_level":0.95,"lower_bound":16354131.99267301,"upper_bound":16549723.30355831},"point_estimate":16436813.541557884,"standard_error":50769.59597664532},"Median":{"confidence_interval":{"confidence_level":0.95,"lower_bound":16285167.47826087,"upper_bound":16360557.133001423},"point_estimate":16330738.627130682,"standard_error":19978.87804163107},"MedianAbsDev":{"confidence_interval":{"confidence_level":0.95,"lower_bound":100975.45426997727,"upper_bound":178611.48942145827},"point_estimate":136333.0505442347,"standard_error":21137.246751136772},"Slope":{"confidence_interval":{"confidence_level":0.95,"lower_bound":16285080.50569355,"upper_bound":16352440.413400132},"point_estimate":16317163.7954219,"standard_error":17220.719422956263},"StdDev":{"confidence_interval":{"confidence_level":0.95,"lower_bound":197602.54008291883,"upper_bound":800236.8472998359},"point_estimate":510464.27715118486,"standard_error":177980.17479947567}}