{"Mean":{"confidence_interval":{"confidence_level":0.95,"lower_bound":30450.805592540393,"upper_bound":31206.561354982026},"point_estimate":30818.160051287025,"standard_error":192.37798507628932},"Median":{"confidence_interval":{"confidence_level":0.95,"lower_bound":29920.941666666666,"upper_bound":30938.004662004663},"point_estimate":30367.006926406924,"standard_error":229.98231380706233},"MedianAbsDev":{"confidence_interval":{"confidence_level":0.95,"lower_bound":1178.5734236250767,"upper_bound":1957.247097355535},"point_estimate":1599.6017207442453,"standard_error":192.64955557909113},"Slope":{"confidence_interval":{"confidence_level":0.95,"lower_bound":30374.913884897134,"upper_bound":31354.03244080109},"point_estimate":30839.445319845418,"standard_error":250.1715565620143},"StdDev":{"confidence_interval":{"confidence_level":0.95,"lower_bound":1529.4727926878747,"upper_bound":2333.1818150282343},"point_estimate":1932.8183533220536,"standard_error":206.83803650736155}}