{"Mean":{"confidence_interval":{"confidence_level":0.95,"lower_bound":-0.23946310126367254,"upper_bound":-0.09149165889118037},"point_estimate":-0.16710628659043114,"standard_error":0.03780458514104745},"Median":{"confidence_interval":{"confidence_level":0.95,"lower_bound":-0.14127028652250428,"upper_bound":-0.053139163379954835},"point_estimate":-0.08589256810862134,"standard_error":0.020694531391293097}}