{"Mean":{"confidence_interval":{"confidence_level":0.95,"lower_bound":-0.11962954381101258,"upper_bound":-0.06047636807154386},"point_estimate":-0.08939690419490809,"standard_error":0.015113752655327781},"Median":{"confidence_interval":{"confidence_level":0.95,"lower_bound":-0.07353630456560926,"upper_bound":-0.05524892361090383},"point_estimate":-0.06657263483528841,"standard_error":0.004768572989455673}}