{"Mean":{"confidence_interval":{"confidence_level":0.95,"lower_bound":44677.13237731166,"upper_bound":53316.87413354301},"point_estimate":48259.603117051665,"standard_error":2249.2002283166003},"Median":{"confidence_interval":{"confidence_level":0.95,"lower_bound":42263.454545454544,"upper_bound":43523.018229166664},"point_estimate":42734.18416098323,"standard_error":291.22564882871467},"MedianAbsDev":{"confidence_interval":{"confidence_level":0.95,"lower_bound":1554.572582766669,"upper_bound":3539.3729660761715},"point_estimate":2198.5891271138444,"standard_error":525.1187458155542},"Slope":{"confidence_interval":{"confidence_level":0.95,"lower_bound":41632.86803661573,"upper_bound":42345.17340140271},"point_estimate":41983.229463080635,"standard_error":181.56128715522698},"StdDev":{"confidence_interval":{"confidence_level":0.95,"lower_bound":6782.839134744068,"upper_bound":35912.05369650493},"point_estimate":22582.49501074868,"standard_error":8223.084891954128}}