{"Mean":{"confidence_interval":{"confidence_level":0.95,"lower_bound":-0.12413014789756323,"upper_bound":0.11809251083131642},"point_estimate":-0.00816604164459156,"standard_error":0.06168794928524868},"Median":{"confidence_interval":{"confidence_level":0.95,"lower_bound":-0.041122636774256094,"upper_bound":0.05357448960942787},"point_estimate":-0.0016899224285897851,"standard_error":0.023262735305813975}}