{"Mean":{"confidence_interval":{"confidence_level":0.95,"lower_bound":-0.13261692694071625,"upper_bound":0.12657150468705378},"point_estimate":-0.00963913545732864,"standard_error":0.06658092475029792},"Median":{"confidence_interval":{"confidence_level":0.95,"lower_bound":-0.025888138270674033,"upper_bound":0.021542364504855593},"point_estimate":0.0004938820585753678,"standard_error":0.010810881157319666}}