{"Mean":{"confidence_interval":{"confidence_level":0.95,"lower_bound":-0.15819446695068495,"upper_bound":0.12620571694459823},"point_estimate":-0.032848650785503586,"standard_error":0.07223206571635445},"Median":{"confidence_interval":{"confidence_level":0.95,"lower_bound":-0.021615414693725632,"upper_bound":0.03900628219331897},"point_estimate":0.0007870347594935989,"standard_error":0.014632911015555687}}