{"Mean":{"confidence_interval":{"confidence_level":0.95,"lower_bound":-0.08461638051534658,"upper_bound":0.11949996440103261},"point_estimate":0.007028790310592337,"standard_error":0.05132359735641636},"Median":{"confidence_interval":{"confidence_level":0.95,"lower_bound":-0.02570302473554631,"upper_bound":0.023680335522790346},"point_estimate":-0.005832242791015685,"standard_error":0.013385020560311026}}