{"Mean":{"confidence_interval":{"confidence_level":0.95,"lower_bound":1249101.618897314,"upper_bound":1473997.9182880863},"point_estimate":1345161.8183890325,"standard_error":57960.228943732654},"Median":{"confidence_interval":{"confidence_level":0.95,"lower_bound":1164729.8248514596,"upper_bound":1204949.3880952382},"point_estimate":1187693.7184707052,"standard_error":11160.082109783476},"MedianAbsDev":{"confidence_interval":{"confidence_level":0.95,"lower_bound":55211.49234313328,"upper_bound":112994.48244222287},"point_estimate":85703.98707629708,"standard_error":14741.755114355205},"Slope":{"confidence_interval":{"confidence_level":0.95,"lower_bound":1139889.8420842488,"upper_bound":1159415.182331926},"point_estimate":1148977.8314496824,"standard_error":4964.564094559195},"StdDev":{"confidence_interval":{"confidence_level":0.95,"lower_bound":213748.96718526847,"upper_bound":905466.4603043324},"point_estimate":583051.5836457604,"standard_error":191746.09801089528}}