{"Mean":{"confidence_interval":{"confidence_level":0.95,"lower_bound":17257.907418766514,"upper_bound":20310.56847972144},"point_estimate":18569.509904266237,"standard_error":792.0288560938224},"Median":{"confidence_interval":{"confidence_level":0.95,"lower_bound":16279.45928226363,"upper_bound":16878.78492063492},"point_estimate":16630.863627819548,"standard_error":175.19612547009126},"MedianAbsDev":{"confidence_interval":{"confidence_level":0.95,"lower_bound":689.0396670144929,"upper_bound":1401.759905169774},"point_estimate":1122.8869797528785,"standard_error":202.95914563264125},"Slope":{"confidence_interval":{"confidence_level":0.95,"lower_bound":16158.237829516738,"upper_bound":16425.735373253672},"point_estimate":16286.044472826814,"standard_error":67.95864559386146},"StdDev":{"confidence_interval":{"confidence_level":0.95,"lower_bound":2723.0999953810456,"upper_bound":12355.403804027268},"point_estimate":7986.655318139097,"standard_error":2568.2760161799697}}