{"Mean":{"confidence_interval":{"confidence_level":0.95,"lower_bound":35614.24301352572,"upper_bound":43263.28487785028},"point_estimate":38910.13969232769,"standard_error":1976.8136477618568},"Median":{"confidence_interval":{"confidence_level":0.95,"lower_bound":32546.999155405407,"upper_bound":34590.559121138445},"point_estimate":33278.08276772247,"standard_error":586.6385160058197},"MedianAbsDev":{"confidence_interval":{"confidence_level":0.95,"lower_bound":1575.0665499957568,"upper_bound":3782.544848732958},"point_estimate":2476.3890014612216,"standard_error":561.2808229457073},"Slope":{"confidence_interval":{"confidence_level":0.95,"lower_bound":32228.58483110455,"upper_bound":33074.11749767291},"point_estimate":32617.172780127825,"standard_error":216.06832392001402},"StdDev":{"confidence_interval":{"confidence_level":0.95,"lower_bound":8070.268529394799,"upper_bound":30585.359205591805},"point_estimate":19887.602256239406,"standard_error":6325.635842895067}}