{"Mean":{"confidence_interval":{"confidence_level":0.95,"lower_bound":32794.9703313571,"upper_bound":37808.679446108676},"point_estimate":34967.411123415135,"standard_error":1287.7967908870667},"Median":{"confidence_interval":{"confidence_level":0.95,"lower_bound":31607.463675213676,"upper_bound":32825.156134792625},"point_estimate":32354.281836219336,"standard_error":342.0063090162302},"MedianAbsDev":{"confidence_interval":{"confidence_level":0.95,"lower_bound":2609.095234631676,"upper_bound":4995.122822485509},"point_estimate":3945.629698958558,"standard_error":592.5933030726927},"Slope":{"confidence_interval":{"confidence_level":0.95,"lower_bound":31310.034215617474,"upper_bound":32676.06903548614},"point_estimate":31943.359915556586,"standard_error":347.8804401583492},"StdDev":{"confidence_interval":{"confidence_level":0.95,"lower_bound":5517.107262370287,"upper_bound":19773.48708238547},"point_estimate":12960.895316266187,"standard_error":3953.0947204872145}}