{"Mean":{"confidence_interval":{"confidence_level":0.95,"lower_bound":46111.739386279005,"upper_bound":55731.223897693795},"point_estimate":50179.59548070196,"standard_error":2485.0466177605163},"Median":{"confidence_interval":{"confidence_level":0.95,"lower_bound":42951.43830787309,"upper_bound":45451.652710681694},"point_estimate":43800.33686830498,"standard_error":706.8370513302548},"MedianAbsDev":{"confidence_interval":{"confidence_level":0.95,"lower_bound":2608.8234404973177,"upper_bound":5291.946893640673},"point_estimate":3577.34835938898,"standard_error":734.3163879694107},"Slope":{"confidence_interval":{"confidence_level":0.95,"lower_bound":43098.07122762336,"upper_bound":44063.91722886443},"point_estimate":43572.24494856754,"standard_error":246.52768302684277},"StdDev":{"confidence_interval":{"confidence_level":0.95,"lower_bound":8113.326220459567,"upper_bound":39008.40855509109},"point_estimate":24909.180397641347,"standard_error":8382.733830809006}}