{"Mean":{"confidence_interval":{"confidence_level":0.95,"lower_bound":-0.11795383875572361,"upper_bound":0.14300195214623299},"point_estimate":0.0029353934598912446,"standard_error":0.06669650499353565},"Median":{"confidence_interval":{"confidence_level":0.95,"lower_bound":-0.02141786301135762,"upper_bound":0.02317214789203903},"point_estimate":-0.002771762557264301,"standard_error":0.0117330238119051}}