{"Mean":{"confidence_interval":{"confidence_level":0.95,"lower_bound":316680.0055877346,"upper_bound":364111.1897244917},"point_estimate":337206.13914933876,"standard_error":12226.166100387918},"Median":{"confidence_interval":{"confidence_level":0.95,"lower_bound":300163.22463768115,"upper_bound":308843.0396825397},"point_estimate":304960.45002815314,"standard_error":2017.5084259637981},"MedianAbsDev":{"confidence_interval":{"confidence_level":0.95,"lower_bound":12506.419106230504,"upper_bound":23759.47908155993},"point_estimate":16875.28922365259,"standard_error":2939.4325183132555},"Slope":{"confidence_interval":{"confidence_level":0.95,"lower_bound":293882.0571085957,"upper_bound":298769.86478374596},"point_estimate":296273.38870769914,"standard_error":1240.7535477655122},"StdDev":{"confidence_interval":{"confidence_level":0.95,"lower_bound":46220.67547290352,"upper_bound":188236.24186085848},"point_estimate":123310.09745856535,"standard_error":37492.38341445629}}