{"Mean":{"confidence_interval":{"confidence_level":0.95,"lower_bound":5736225.243691924,"upper_bound":6144955.191959429},"point_estimate":5931275.749548508,"standard_error":104281.92860010751},"Median":{"confidence_interval":{"confidence_level":0.95,"lower_bound":5349034.861252991,"upper_bound":5528130.1875},"point_estimate":5395451.588164251,"standard_error":48047.993028240766},"MedianAbsDev":{"confidence_interval":{"confidence_level":0.95,"lower_bound":176562.10019965994,"upper_bound":439933.7870845021},"point_estimate":259536.91087918685,"standard_error":71225.60214825804},"Slope":{"confidence_interval":{"confidence_level":0.95,"lower_bound":5977464.785580411,"upper_bound":6673530.014700653},"point_estimate":6328930.698412886,"standard_error":177638.2098163863},"StdDev":{"confidence_interval":{"confidence_level":0.95,"lower_bound":819891.0912523214,"upper_bound":1243716.3429457238},"point_estimate":1048571.100176363,"standard_error":108141.46035589102}}