{"Mean":{"confidence_interval":{"confidence_level":0.95,"lower_bound":34115.83394054073,"upper_bound":40546.976778145894},"point_estimate":36850.21031784538,"standard_error":1664.0710044807245},"Median":{"confidence_interval":{"confidence_level":0.95,"lower_bound":31854.88273809524,"upper_bound":32600.002152939654},"point_estimate":32132.458038720535,"standard_error":208.88496430800072},"MedianAbsDev":{"confidence_interval":{"confidence_level":0.95,"lower_bound":1039.963488562464,"upper_bound":2273.016952697829},"point_estimate":1494.3651871313245,"standard_error":317.87597209670355},"Slope":{"confidence_interval":{"confidence_level":0.95,"lower_bound":31560.797889282487,"upper_bound":32089.661773879572},"point_estimate":31801.9603568118,"standard_error":134.9842715028784},"StdDev":{"confidence_interval":{"confidence_level":0.95,"lower_bound":5882.374723115041,"upper_bound":25947.506070219028},"point_estimate":16702.979024902495,"standard_error":5510.281373145945}}