{"Mean":{"confidence_interval":{"confidence_level":0.95,"lower_bound":35582.43473050562,"upper_bound":42707.69800815899},"point_estimate":38693.50867263632,"standard_error":1836.0909312352444},"Median":{"confidence_interval":{"confidence_level":0.95,"lower_bound":32689.007971875617,"upper_bound":34097.9708459596},"point_estimate":33110.93563535135,"standard_error":399.6144823245022},"MedianAbsDev":{"confidence_interval":{"confidence_level":0.95,"lower_bound":1530.5217503897916,"upper_bound":3577.07732394229},"point_estimate":2241.6049524980094,"standard_error":530.3544857750537},"Slope":{"confidence_interval":{"confidence_level":0.95,"lower_bound":32353.85317602006,"upper_bound":33135.024317183386},"point_estimate":32706.26284356794,"standard_error":199.9102892205058},"StdDev":{"confidence_interval":{"confidence_level":0.95,"lower_bound":7524.735279050834,"upper_bound":28179.22158301433},"point_estimate":18578.772554542273,"standard_error":5570.907509180585}}