{"Mean":{"confidence_interval":{"confidence_level":0.95,"lower_bound":37433.513825271744,"upper_bound":37776.72083579769},"point_estimate":37602.386410730374,"standard_error":87.26239306891411},"Median":{"confidence_interval":{"confidence_level":0.95,"lower_bound":37357.503192848024,"upper_bound":37580.47456709956},"point_estimate":37448.5186301431,"standard_error":58.44641944828371},"MedianAbsDev":{"confidence_interval":{"confidence_level":0.95,"lower_bound":426.8286686649102,"upper_bound":755.1116563471694},"point_estimate":588.6503504213563,"standard_error":83.84279398857544},"Slope":{"confidence_interval":{"confidence_level":0.95,"lower_bound":37355.538779851486,"upper_bound":37580.7037646229},"point_estimate":37463.480873739114,"standard_error":57.43110007428216},"StdDev":{"confidence_interval":{"confidence_level":0.95,"lower_bound":689.5309399324071,"upper_bound":1044.185509255611},"point_estimate":873.2313595258785,"standard_error":90.71223916647295}}