{"Mean":{"confidence_interval":{"confidence_level":0.95,"lower_bound":632625.8060418305,"upper_bound":1270275.653079926},"point_estimate":901829.3335046496,"standard_error":165183.58982057602},"Median":{"confidence_interval":{"confidence_level":0.95,"lower_bound":401301.4815226452,"upper_bound":515848.75384615385},"point_estimate":440789.03392156865,"standard_error":27798.45313876173},"MedianAbsDev":{"confidence_interval":{"confidence_level":0.95,"lower_bound":119844.89922303826,"upper_bound":260094.31700120616},"point_estimate":169280.57097514637,"standard_error":37353.14650015988},"Slope":{"confidence_interval":{"confidence_level":0.95,"lower_bound":360283.1077864423,"upper_bound":392400.1556129871},"point_estimate":374373.8987019359,"standard_error":8205.388976981709},"StdDev":{"confidence_interval":{"confidence_level":0.95,"lower_bound":569538.0717582209,"upper_bound":2609463.4903674405},"point_estimate":1661601.292539239,"standard_error":570305.6713466444}}