{"Mean":{"confidence_interval":{"confidence_level":0.95,"lower_bound":121139.4785748924,"upper_bound":122765.18325853368},"point_estimate":121878.15048784099,"standard_error":417.3297802244707},"Median":{"confidence_interval":{"confidence_level":0.95,"lower_bound":120806.3961352657,"upper_bound":121775.82424242425},"point_estimate":121266.48399108503,"standard_error":258.9249619066755},"MedianAbsDev":{"confidence_interval":{"confidence_level":0.95,"lower_bound":1278.6562226955969,"upper_bound":2234.5761868036175},"point_estimate":1663.0815177732925,"standard_error":240.042064877591},"Slope":{"confidence_interval":{"confidence_level":0.95,"lower_bound":121285.22337446662,"upper_bound":122060.39323062055},"point_estimate":121676.87120930004,"standard_error":197.4863218218483},"StdDev":{"confidence_interval":{"confidence_level":0.95,"lower_bound":2057.744988648396,"upper_bound":5954.979409760439},"point_estimate":4185.506291595339,"standard_error":1009.5912801512169}}