{"Mean":{"confidence_interval":{"confidence_level":0.95,"lower_bound":-0.19409293642342823,"upper_bound":0.023375513414075292},"point_estimate":-0.09286988914786642,"standard_error":0.05583061973577003},"Median":{"confidence_interval":{"confidence_level":0.95,"lower_bound":-0.06601554872212168,"upper_bound":0.013184312416062216},"point_estimate":-0.029358496938243328,"standard_error":0.01934601703094384}}