{"Mean":{"confidence_interval":{"confidence_level":0.95,"lower_bound":395441.3128020873,"upper_bound":468359.16337977815},"point_estimate":426755.53721864097,"standard_error":18831.817749199086},"Median":{"confidence_interval":{"confidence_level":0.95,"lower_bound":369599.2489177489,"upper_bound":384065.425030525},"point_estimate":376242.21411764703,"standard_error":4325.349102306724},"MedianAbsDev":{"confidence_interval":{"confidence_level":0.95,"lower_bound":19643.572223095995,"upper_bound":41865.857899227885},"point_estimate":28005.897399700956,"standard_error":5395.118565413085},"Slope":{"confidence_interval":{"confidence_level":0.95,"lower_bound":354759.9368990735,"upper_bound":364435.4776868112},"point_estimate":359499.7982178218,"standard_error":2470.3632870866395},"StdDev":{"confidence_interval":{"confidence_level":0.95,"lower_bound":76179.48131790855,"upper_bound":291294.55458945985},"point_estimate":189037.38642741618,"standard_error":60322.30479844484}}