{"Mean":{"confidence_interval":{"confidence_level":0.95,"lower_bound":210938.27389014143,"upper_bound":355927.8378543479},"point_estimate":272245.55943744077,"standard_error":37616.63970505024},"Median":{"confidence_interval":{"confidence_level":0.95,"lower_bound":159033.90025299654,"upper_bound":185607.90476190476},"point_estimate":165266.3120940171,"standard_error":7023.866710149793},"MedianAbsDev":{"confidence_interval":{"confidence_level":0.95,"lower_bound":27269.52242705889,"upper_bound":61517.67306027206},"point_estimate":37521.95410668099,"standard_error":8923.801432152775},"Slope":{"confidence_interval":{"confidence_level":0.95,"lower_bound":148266.63271536087,"upper_bound":155883.8539605598},"point_estimate":151594.30152734678,"standard_error":1936.9535803775805},"StdDev":{"confidence_interval":{"confidence_level":0.95,"lower_bound":128981.64610832448,"upper_bound":594706.1978437606},"point_estimate":378726.2741690741,"standard_error":129686.80757420749}}