{"Mean":{"confidence_interval":{"confidence_level":0.95,"lower_bound":-0.13565798811400934,"upper_bound":0.12461903785550328},"point_estimate":-0.008168589189357811,"standard_error":0.06608182666829127},"Median":{"confidence_interval":{"confidence_level":0.95,"lower_bound":-0.036477835792579044,"upper_bound":0.020687160145640204},"point_estimate":-0.016911924950110735,"standard_error":0.015067283044954765}}