{"Mean":{"confidence_interval":{"confidence_level":0.95,"lower_bound":32277.653990533894,"upper_bound":32766.5061228367},"point_estimate":32512.723810345564,"standard_error":124.64630089160197},"Median":{"confidence_interval":{"confidence_level":0.95,"lower_bound":32190.164777680904,"upper_bound":32446.292729898894},"point_estimate":32282.126132463967,"standard_error":65.84091891421271},"MedianAbsDev":{"confidence_interval":{"confidence_level":0.95,"lower_bound":582.758130099808,"upper_bound":1026.3200578544438},"point_estimate":741.4382201984706,"standard_error":110.19685273676453},"Slope":{"confidence_interval":{"confidence_level":0.95,"lower_bound":32160.308056252958,"upper_bound":32531.426968394262},"point_estimate":32347.392466476307,"standard_error":94.87886769033852},"StdDev":{"confidence_interval":{"confidence_level":0.95,"lower_bound":952.5049231670441,"upper_bound":1512.2193562406717},"point_estimate":1248.3578690845247,"standard_error":142.85134980925554}}