{"Mean":{"confidence_interval":{"confidence_level":0.95,"lower_bound":0.0507915221652988,"upper_bound":0.3200149104074472},"point_estimate":0.17759489594683786,"standard_error":0.06838207618400256},"Median":{"confidence_interval":{"confidence_level":0.95,"lower_bound":0.1995184583786278,"upper_bound":0.26828436000723044},"point_estimate":0.24171005228443732,"standard_error":0.017938792092567258}}