{"Mean":{"confidence_interval":{"confidence_level":0.95,"lower_bound":-0.14407740963983579,"upper_bound":0.11429636261497417},"point_estimate":-0.022357208408877227,"standard_error":0.06626461892049981},"Median":{"confidence_interval":{"confidence_level":0.95,"lower_bound":-0.05196047184981402,"upper_bound":0.04114846889819858},"point_estimate":-0.006729994695644392,"standard_error":0.02050637888485909}}