{"Mean":{"confidence_interval":{"confidence_level":0.95,"lower_bound":7695483.214902396,"upper_bound":7909884.349382189},"point_estimate":7786309.270863749,"standard_error":55383.14295166102},"Median":{"confidence_interval":{"confidence_level":0.95,"lower_bound":7618848.953488372,"upper_bound":7674716.472505669},"point_estimate":7635483.272620447,"standard_error":15691.440881205619},"MedianAbsDev":{"confidence_interval":{"confidence_level":0.95,"lower_bound":70112.47402079827,"upper_bound":130272.48737713984},"point_estimate":95869.99673951388,"standard_error":16105.879519708742},"Slope":{"confidence_interval":{"confidence_level":0.95,"lower_bound":7603488.994277725,"upper_bound":7643257.268057725},"point_estimate":7622473.37197281,"standard_error":10173.063873800076},"StdDev":{"confidence_interval":{"confidence_level":0.95,"lower_bound":208211.8576928008,"upper_bound":869597.3224250035},"point_estimate":555501.7028542843,"standard_error":191339.10810523102}}