{"Mean":{"confidence_interval":{"confidence_level":0.95,"lower_bound":88691.2630526294,"upper_bound":105002.82751324064},"point_estimate":95583.62223935366,"standard_error":4224.497394847396},"Median":{"confidence_interval":{"confidence_level":0.95,"lower_bound":83325.7435897436,"upper_bound":86067.07574300698},"point_estimate":84542.45791734861,"standard_error":683.0178808579707},"MedianAbsDev":{"confidence_interval":{"confidence_level":0.95,"lower_bound":3014.4378790286514,"upper_bound":6232.102742734714},"point_estimate":4363.3680143986385,"standard_error":829.9195902422151},"Slope":{"confidence_interval":{"confidence_level":0.95,"lower_bound":82598.68530294746,"upper_bound":84402.84946465348},"point_estimate":83426.38307305817,"standard_error":460.5106533761383},"StdDev":{"confidence_interval":{"confidence_level":0.95,"lower_bound":13952.48350817983,"upper_bound":66495.72353181768},"point_estimate":42504.71085400364,"standard_error":14476.689572918589}}