{"Mean":{"confidence_interval":{"confidence_level":0.95,"lower_bound":-0.10098830118610101,"upper_bound":0.10306309435020077},"point_estimate":-0.005420621585756846,"standard_error":0.05180588765391199},"Median":{"confidence_interval":{"confidence_level":0.95,"lower_bound":-0.02643549429748715,"upper_bound":0.01870174203477526},"point_estimate":-0.005138617027706127,"standard_error":0.0117487490111152}}