{"Mean":{"confidence_interval":{"confidence_level":0.95,"lower_bound":-0.12820692581552792,"upper_bound":0.11997679989614085},"point_estimate":-0.011715050567245422,"standard_error":0.06339657931811904},"Median":{"confidence_interval":{"confidence_level":0.95,"lower_bound":-0.03420632147643021,"upper_bound":0.01795117515018485},"point_estimate":-0.0046923799813872735,"standard_error":0.012895898297926962}}