{"Mean":{"confidence_interval":{"confidence_level":0.95,"lower_bound":-0.43778906496433323,"upper_bound":0.8708235216333648},"point_estimate":-0.0001625982859818631,"standard_error":0.33976676195564065},"Median":{"confidence_interval":{"confidence_level":0.95,"lower_bound":-0.22300255387738843,"upper_bound":0.3006310301081414},"point_estimate":0.005327021355356454,"standard_error":0.13396017378612649}}