{"Mean":{"confidence_interval":{"confidence_level":0.95,"lower_bound":3194502.814313807,"upper_bound":3410344.4139921856},"point_estimate":3287213.2755425707,"standard_error":55866.38580974724},"Median":{"confidence_interval":{"confidence_level":0.95,"lower_bound":3118193.700331911,"upper_bound":3163741.903962704},"point_estimate":3140138.452922078,"standard_error":14097.030654899512},"MedianAbsDev":{"confidence_interval":{"confidence_level":0.95,"lower_bound":77186.1288325252,"upper_bound":143078.11505727508},"point_estimate":115463.53007711234,"standard_error":17550.503887873852},"Slope":{"confidence_interval":{"confidence_level":0.95,"lower_bound":3086867.765831995,"upper_bound":3118455.515832961},"point_estimate":3101518.754038717,"standard_error":8079.229620590861},"StdDev":{"confidence_interval":{"confidence_level":0.95,"lower_bound":213811.3508469544,"upper_bound":865398.7465666777},"point_estimate":561177.4273267008,"standard_error":179801.2595790556}}