{"Mean":{"confidence_interval":{"confidence_level":0.95,"lower_bound":45733.27639362564,"upper_bound":54891.20088929724},"point_estimate":49547.57331109077,"standard_error":2371.884016171861},"Median":{"confidence_interval":{"confidence_level":0.95,"lower_bound":43014.262173821546,"upper_bound":44206.579545454544},"point_estimate":43525.44804900182,"standard_error":303.2365581290541},"MedianAbsDev":{"confidence_interval":{"confidence_level":0.95,"lower_bound":1834.9663580025444,"upper_bound":3260.753181800359},"point_estimate":2605.910883705305,"standard_error":379.85103722366784},"Slope":{"confidence_interval":{"confidence_level":0.95,"lower_bound":42354.546158096746,"upper_bound":43121.087378455624},"point_estimate":42714.03297780897,"standard_error":195.9039252209912},"StdDev":{"confidence_interval":{"confidence_level":0.95,"lower_bound":7319.576490400421,"upper_bound":37836.55417065234},"point_estimate":23851.31740726435,"standard_error":8602.95949231736}}