{"Mean":{"confidence_interval":{"confidence_level":0.95,"lower_bound":-0.13060480246572836,"upper_bound":0.12133596661696984},"point_estimate":-0.012821807494986848,"standard_error":0.06394343493462697},"Median":{"confidence_interval":{"confidence_level":0.95,"lower_bound":-0.00956779328897528,"upper_bound":0.026561276088943986},"point_estimate":0.00799027302298616,"standard_error":0.00967786263427975}}