{"Mean":{"confidence_interval":{"confidence_level":0.95,"lower_bound":-0.030467046535660774,"upper_bound":0.023766143975733664},"point_estimate":-0.003197444572389907,"standard_error":0.013783556535911946},"Median":{"confidence_interval":{"confidence_level":0.95,"lower_bound":-0.00567025358130524,"upper_bound":0.012512975713707242},"point_estimate":0.003537134981526746,"standard_error":0.004767760245737638}}