{"Mean":{"confidence_interval":{"confidence_level":0.95,"lower_bound":-0.10344637615507214,"upper_bound":0.1431092395489196},"point_estimate":0.009960505043192791,"standard_error":0.06301264287773219},"Median":{"confidence_interval":{"confidence_level":0.95,"lower_bound":-0.018923363868740495,"upper_bound":0.028005489527767557},"point_estimate":0.00703296950817589,"standard_error":0.011811376627214678}}