{"Mean":{"confidence_interval":{"confidence_level":0.95,"lower_bound":-0.14096342646272433,"upper_bound":0.14772378305702538},"point_estimate":-0.010079517747878075,"standard_error":0.07334759091412708},"Median":{"confidence_interval":{"confidence_level":0.95,"lower_bound":-0.02958790673231526,"upper_bound":0.03699271779756267},"point_estimate":-0.001451214857545513,"standard_error":0.01730840737775317}}