{"Mean":{"confidence_interval":{"confidence_level":0.95,"lower_bound":-0.15823230693479223,"upper_bound":0.06459233100199771},"point_estimate":-0.05480570233054893,"standard_error":0.05718714730521781},"Median":{"confidence_interval":{"confidence_level":0.95,"lower_bound":-0.08772041381047624,"upper_bound":0.01770297092465145},"point_estimate":-0.028339310433610154,"standard_error":0.026154595079754782}}