{"Mean":{"confidence_interval":{"confidence_level":0.95,"lower_bound":-0.010167226437979742,"upper_bound":0.010538251647169575},"point_estimate":0.0004517589873975769,"standard_error":0.005252513360213212},"Median":{"confidence_interval":{"confidence_level":0.95,"lower_bound":-0.007157502765101076,"upper_bound":0.0078488123610915},"point_estimate":-0.001754895093034392,"standard_error":0.003734284506074751}}