{"Mean":{"confidence_interval":{"confidence_level":0.95,"lower_bound":1753756.3440914443,"upper_bound":3908255.1852014624},"point_estimate":2666186.220098085,"standard_error":558508.940297999},"Median":{"confidence_interval":{"confidence_level":0.95,"lower_bound":984921.9853369764,"upper_bound":1362259.4916666667},"point_estimate":1169010.4348366014,"standard_error":100375.01812465137},"MedianAbsDev":{"confidence_interval":{"confidence_level":0.95,"lower_bound":364095.899618359,"upper_bound":842803.8671254221},"point_estimate":574320.8678118129,"standard_error":126021.38131047778},"Slope":{"confidence_interval":{"confidence_level":0.95,"lower_bound":871147.9128287421,"upper_bound":973377.7738389317},"point_estimate":915561.8482656027,"standard_error":26151.694281953834},"StdDev":{"confidence_interval":{"confidence_level":0.95,"lower_bound":1859523.9337662894,"upper_bound":8752507.711032158},"point_estimate":5592890.578581525,"standard_error":1890194.4889713274}}