{"Mean":{"confidence_interval":{"confidence_level":0.95,"lower_bound":-0.1178811601977306,"upper_bound":0.10867318104984745},"point_estimate":-0.012982885299244407,"standard_error":0.05716249686500974},"Median":{"confidence_interval":{"confidence_level":0.95,"lower_bound":-0.02688485030170884,"upper_bound":0.015150795288656704},"point_estimate":-0.005929374364538775,"standard_error":0.01061342092423932}}