{"Mean":{"confidence_interval":{"confidence_level":0.95,"lower_bound":11735.801825524837,"upper_bound":14069.846617595116},"point_estimate":12685.965254168555,"standard_error":610.7711383312892},"Median":{"confidence_interval":{"confidence_level":0.95,"lower_bound":11078.010902848931,"upper_bound":11590.230731143753},"point_estimate":11233.026129518072,"standard_error":120.71691676466546},"MedianAbsDev":{"confidence_interval":{"confidence_level":0.95,"lower_bound":673.7882567759774,"upper_bound":1397.084475188815},"point_estimate":958.3766631360141,"standard_error":195.0207953984056},"Slope":{"confidence_interval":{"confidence_level":0.95,"lower_bound":11033.053068804067,"upper_bound":11385.541782165265},"point_estimate":11205.18721324785,"standard_error":89.61617113976992},"StdDev":{"confidence_interval":{"confidence_level":0.95,"lower_bound":1736.0471576073603,"upper_bound":9861.963023441649},"point_estimate":6127.0883108598955,"standard_error":2385.3457935865204}}