{"Mean":{"confidence_interval":{"confidence_level":0.95,"lower_bound":1451747.9090423915,"upper_bound":3149248.4647337077},"point_estimate":2169801.0737423915,"standard_error":438320.9233981548},"Median":{"confidence_interval":{"confidence_level":0.95,"lower_bound":823274.0638087153,"upper_bound":1128369.7729700855},"point_estimate":906988.0135746606,"standard_error":83031.7051560928},"MedianAbsDev":{"confidence_interval":{"confidence_level":0.95,"lower_bound":305103.3794154731,"upper_bound":700687.9623450575},"point_estimate":409585.14840627415,"standard_error":105749.0067411987},"Slope":{"confidence_interval":{"confidence_level":0.95,"lower_bound":720493.0452759449,"upper_bound":803116.4443962917},"point_estimate":756398.9503531846,"standard_error":21131.438584832063},"StdDev":{"confidence_interval":{"confidence_level":0.95,"lower_bound":1547839.62193103,"upper_bound":6861411.826262587},"point_estimate":4397553.373087986,"standard_error":1463282.0539875515}}