{"Mean":{"confidence_interval":{"confidence_level":0.95,"lower_bound":-0.23150125943298894,"upper_bound":0.11378697304230376},"point_estimate":-0.06974291481638961,"standard_error":0.08849660958344079},"Median":{"confidence_interval":{"confidence_level":0.95,"lower_bound":-0.011312514656463213,"upper_bound":0.03409440224890714},"point_estimate":0.015267960960177351,"standard_error":0.011428260997896315}}