{"Mean":{"confidence_interval":{"confidence_level":0.95,"lower_bound":12459910.337184371,"upper_bound":14012495.744569918},"point_estimate":13157269.516928595,"standard_error":399404.27377229184},"Median":{"confidence_interval":{"confidence_level":0.95,"lower_bound":11860680.875,"upper_bound":11948801.923076924},"point_estimate":11900629.153846154,"standard_error":21498.594431102494},"MedianAbsDev":{"confidence_interval":{"confidence_level":0.95,"lower_bound":151602.72962690706,"upper_bound":253931.45138533154},"point_estimate":199836.55067564608,"standard_error":26502.23078811288},"Slope":{"confidence_interval":{"confidence_level":0.95,"lower_bound":11839867.255148709,"upper_bound":11929396.201626508},"point_estimate":11880606.716293778,"standard_error":22821.26625336952},"StdDev":{"confidence_interval":{"confidence_level":0.95,"lower_bound":2022797.9564770157,"upper_bound":5596945.52547307},"point_estimate":4003613.3359835357,"standard_error":910440.9726729085}}