{"Mean":{"confidence_interval":{"confidence_level":0.95,"lower_bound":52115.61296947804,"upper_bound":62171.81980839498},"point_estimate":56354.981468581616,"standard_error":2609.917592292206},"Median":{"confidence_interval":{"confidence_level":0.95,"lower_bound":48120.15146765461,"upper_bound":51173.57925605803},"point_estimate":49461.764366883115,"standard_error":745.9463390847054},"MedianAbsDev":{"confidence_interval":{"confidence_level":0.95,"lower_bound":2563.6506162989995,"upper_bound":5703.754817022682},"point_estimate":4033.002900676893,"standard_error":810.2960385577404},"Slope":{"confidence_interval":{"confidence_level":0.95,"lower_bound":47583.00225256664,"upper_bound":49041.782548284},"point_estimate":48233.15502451738,"standard_error":373.6167558858115},"StdDev":{"confidence_interval":{"confidence_level":0.95,"lower_bound":9742.047198371221,"upper_bound":41042.773691579096},"point_estimate":26243.09896389009,"standard_error":8924.75690717697}}