{"Mean":{"confidence_interval":{"confidence_level":0.95,"lower_bound":37593.0441783029,"upper_bound":44398.03416542685},"point_estimate":40519.09894507236,"standard_error":1755.113732416978},"Median":{"confidence_interval":{"confidence_level":0.95,"lower_bound":34459.45075268817,"upper_bound":37434.98855359001},"point_estimate":35662.58181643625,"standard_error":659.8004726718609},"MedianAbsDev":{"confidence_interval":{"confidence_level":0.95,"lower_bound":2058.5292562648165,"upper_bound":5350.7951381027},"point_estimate":3537.414221658592,"standard_error":768.9149325491013},"Slope":{"confidence_interval":{"confidence_level":0.95,"lower_bound":34378.63846147054,"upper_bound":35823.16219159939},"point_estimate":35051.82529514675,"standard_error":369.35763246284813},"StdDev":{"confidence_interval":{"confidence_level":0.95,"lower_bound":6651.872921985886,"upper_bound":27202.37020859865},"point_estimate":17685.204547544516,"standard_error":5571.997450651749}}