{"Mean":{"confidence_interval":{"confidence_level":0.95,"lower_bound":-0.09867515421250811,"upper_bound":0.11847437390582276},"point_estimate":0.007249504903273696,"standard_error":0.055117701411812575},"Median":{"confidence_interval":{"confidence_level":0.95,"lower_bound":-0.018168653977640226,"upper_bound":0.02999945185417352},"point_estimate":0.005048457027762021,"standard_error":0.012172305058207848}}