{"Mean":{"confidence_interval":{"confidence_level":0.95,"lower_bound":-0.11626921463198633,"upper_bound":0.3144748975042022},"point_estimate":0.06889554764506478,"standard_error":0.11270392755420641},"Median":{"confidence_interval":{"confidence_level":0.95,"lower_bound":-0.011018621614017121,"upper_bound":0.03871676020952597},"point_estimate":0.01514133776341331,"standard_error":0.012802943074198346}}