{"Mean":{"confidence_interval":{"confidence_level":0.95,"lower_bound":8284529.7130215755,"upper_bound":19345428.03214598},"point_estimate":12981389.590171602,"standard_error":2868490.2331852606},"Median":{"confidence_interval":{"confidence_level":0.95,"lower_bound":4311106.733333333,"upper_bound":6368907.476190476},"point_estimate":5133545.610980392,"standard_error":513122.94841781154},"MedianAbsDev":{"confidence_interval":{"confidence_level":0.95,"lower_bound":1953455.3255849793,"upper_bound":4500053.054557996},"point_estimate":2997668.1056042854,"standard_error":631677.2374796293},"Slope":{"confidence_interval":{"confidence_level":0.95,"lower_bound":3676857.0155908624,"upper_bound":4214423.710933339},"point_estimate":3909543.149605438,"standard_error":137408.50084062322},"StdDev":{"confidence_interval":{"confidence_level":0.95,"lower_bound":9724981.264112191,"upper_bound":44911081.64006449},"point_estimate":28744714.420465086,"standard_error":9690509.233690955}}