{"Mean":{"confidence_interval":{"confidence_level":0.95,"lower_bound":14876.244083485199,"upper_bound":17922.220017390737},"point_estimate":16166.945636795945,"standard_error":790.4848288107434},"Median":{"confidence_interval":{"confidence_level":0.95,"lower_bound":13869.558848614073,"upper_bound":14500.613170847888},"point_estimate":14143.54406018687,"standard_error":168.58094881343956},"MedianAbsDev":{"confidence_interval":{"confidence_level":0.95,"lower_bound":985.0709839069548,"upper_bound":2017.340896866461},"point_estimate":1408.4316970423954,"standard_error":280.2397951739572},"Slope":{"confidence_interval":{"confidence_level":0.95,"lower_bound":14023.917428709732,"upper_bound":14524.099466880245},"point_estimate":14271.583527302162,"standard_error":127.61910427962849},"StdDev":{"confidence_interval":{"confidence_level":0.95,"lower_bound":2568.0356731981883,"upper_bound":12477.209229975635},"point_estimate":7947.645386558396,"standard_error":2740.699059684624}}