{"Mean":{"confidence_interval":{"confidence_level":0.95,"lower_bound":42121.20176419257,"upper_bound":49727.01984833459},"point_estimate":45392.54447811899,"standard_error":1965.7198013024506},"Median":{"confidence_interval":{"confidence_level":0.95,"lower_bound":39195.0,"upper_bound":40809.336883876356},"point_estimate":40216.60569705919,"standard_error":354.385870681663},"MedianAbsDev":{"confidence_interval":{"confidence_level":0.95,"lower_bound":2345.218159353195,"upper_bound":4480.597605168747},"point_estimate":3576.316530704117,"standard_error":530.6429131476058},"Slope":{"confidence_interval":{"confidence_level":0.95,"lower_bound":38607.45976292386,"upper_bound":39747.652453865965},"point_estimate":39118.07951635036,"standard_error":290.6435116696241},"StdDev":{"confidence_interval":{"confidence_level":0.95,"lower_bound":7315.602882566974,"upper_bound":30642.729907310386},"point_estimate":19815.688714746517,"standard_error":6355.345858614527}}