{"Mean":{"confidence_interval":{"confidence_level":0.95,"lower_bound":-0.18180583846880827,"upper_bound":0.050820223524002846},"point_estimate":-0.07583060113334661,"standard_error":0.05904932048322946},"Median":{"confidence_interval":{"confidence_level":0.95,"lower_bound":-0.07968117791136609,"upper_bound":0.0001449996349913718},"point_estimate":-0.03855950471118241,"standard_error":0.020855200075723685}}