{"Mean":{"confidence_interval":{"confidence_level":0.95,"lower_bound":-0.011742574521288528,"upper_bound":0.01772307324088711},"point_estimate":0.0027376792341409217,"standard_error":0.007459874156999321},"Median":{"confidence_interval":{"confidence_level":0.95,"lower_bound":-0.001062235321384719,"upper_bound":0.010993762689597508},"point_estimate":0.0049908160300524695,"standard_error":0.00261531219853752}}