{"Mean":{"confidence_interval":{"confidence_level":0.95,"lower_bound":-0.22428429268297867,"upper_bound":0.02353681606005186},"point_estimate":-0.101055418365813,"standard_error":0.0634699381806539},"Median":{"confidence_interval":{"confidence_level":0.95,"lower_bound":-0.10667931260180019,"upper_bound":-0.034239472088107514},"point_estimate":-0.06582533406829372,"standard_error":0.018615027815901294}}