{"Mean":{"confidence_interval":{"confidence_level":0.95,"lower_bound":35798.98047978787,"upper_bound":41866.22548256609},"point_estimate":38397.70057080364,"standard_error":1573.7392443416113},"Median":{"confidence_interval":{"confidence_level":0.95,"lower_bound":33102.00322270322,"upper_bound":35222.68595478596},"point_estimate":33808.23869846001,"standard_error":583.8696202465193},"MedianAbsDev":{"confidence_interval":{"confidence_level":0.95,"lower_bound":2286.801949169196,"upper_bound":5001.090062629691},"point_estimate":3563.43073064474,"standard_error":714.3320920262064},"Slope":{"confidence_interval":{"confidence_level":0.95,"lower_bound":32495.109489255316,"upper_bound":33716.14077822627},"point_estimate":33048.37439884287,"standard_error":312.32018536696006},"StdDev":{"confidence_interval":{"confidence_level":0.95,"lower_bound":5916.610935182249,"upper_bound":24562.682619349474},"point_estimate":15841.296270024715,"standard_error":5171.590028622315}}