{"Mean":{"confidence_interval":{"confidence_level":0.95,"lower_bound":-0.13328659767861717,"upper_bound":0.13990131581334303},"point_estimate":-0.004045411675336785,"standard_error":0.0699724931098644},"Median":{"confidence_interval":{"confidence_level":0.95,"lower_bound":-0.022625775339634835,"upper_bound":0.0170797531878375},"point_estimate":-0.0063070312302363485,"standard_error":0.009896605046677744}}