{"Mean":{"confidence_interval":{"confidence_level":0.95,"lower_bound":12827.568995143065,"upper_bound":15819.234394236044},"point_estimate":14076.86128469842,"standard_error":778.9252285933172},"Median":{"confidence_interval":{"confidence_level":0.95,"lower_bound":11905.327992957746,"upper_bound":12501.183139534884},"point_estimate":12089.05678398569,"standard_error":150.0804555404475},"MedianAbsDev":{"confidence_interval":{"confidence_level":0.95,"lower_bound":659.9735651153663,"upper_bound":1421.1059467587213},"point_estimate":924.2063475569012,"standard_error":195.99810038704263},"Slope":{"confidence_interval":{"confidence_level":0.95,"lower_bound":11783.05231081473,"upper_bound":12125.651629554513},"point_estimate":11948.051804049062,"standard_error":87.30184420182727},"StdDev":{"confidence_interval":{"confidence_level":0.95,"lower_bound":2340.095221285204,"upper_bound":12431.388585067378},"point_estimate":7830.302246624111,"standard_error":2857.9719719225036}}