{"Mean":{"confidence_interval":{"confidence_level":0.95,"lower_bound":10908398.294083487,"upper_bound":11114410.17407261},"point_estimate":10999326.573126655,"standard_error":52875.28973345221},"Median":{"confidence_interval":{"confidence_level":0.95,"lower_bound":10811679.285714285,"upper_bound":10943434.454995694},"point_estimate":10873507.578846153,"standard_error":37256.38714375576},"MedianAbsDev":{"confidence_interval":{"confidence_level":0.95,"lower_bound":177914.70348871496,"upper_bound":293456.6024000098},"point_estimate":250263.9320466991,"standard_error":32995.62921642752},"Slope":{"confidence_interval":{"confidence_level":0.95,"lower_bound":10791834.008325504,"upper_bound":10889785.690419538},"point_estimate":10837541.610332496,"standard_error":25082.31157560238},"StdDev":{"confidence_interval":{"confidence_level":0.95,"lower_bound":271841.81564446783,"upper_bound":787666.3224758984},"point_estimate":531655.2078609841,"standard_error":145894.39250040855}}