{"Mean":{"confidence_interval":{"confidence_level":0.95,"lower_bound":28385.931272828035,"upper_bound":29477.882821382613},"point_estimate":28837.106195300945,"standard_error":284.51931763059815},"Median":{"confidence_interval":{"confidence_level":0.95,"lower_bound":28225.603519099946,"upper_bound":28378.518127097625},"point_estimate":28278.58174058085,"standard_error":43.25089391620547},"MedianAbsDev":{"confidence_interval":{"confidence_level":0.95,"lower_bound":281.49349316896667,"upper_bound":500.1020074586284},"point_estimate":385.06912658603363,"standard_error":52.984789141404114},"Slope":{"confidence_interval":{"confidence_level":0.95,"lower_bound":28390.903987626323,"upper_bound":28606.596354196783},"point_estimate":28491.571758322953,"standard_error":55.1191012218389},"StdDev":{"confidence_interval":{"confidence_level":0.95,"lower_bound":821.3876617096446,"upper_bound":4555.186079898867},"point_estimate":2859.207611520724,"standard_error":1058.831008377613}}