{"Mean":{"confidence_interval":{"confidence_level":0.95,"lower_bound":-0.1298609765665854,"upper_bound":0.11270364579691078},"point_estimate":-0.017306881011161734,"standard_error":0.061463355001254716},"Median":{"confidence_interval":{"confidence_level":0.95,"lower_bound":-0.00967977906210143,"upper_bound":0.01859977301647167},"point_estimate":0.006881827038672794,"standard_error":0.007206707597270628}}