{"Mean":{"confidence_interval":{"confidence_level":0.95,"lower_bound":12439.586914911042,"upper_bound":15177.85399245058},"point_estimate":13598.087739724991,"standard_error":707.7692544468372},"Median":{"confidence_interval":{"confidence_level":0.95,"lower_bound":11627.778080435828,"upper_bound":11930.219112141202},"point_estimate":11764.36388347939,"standard_error":77.35414238871897},"MedianAbsDev":{"confidence_interval":{"confidence_level":0.95,"lower_bound":517.8425634275047,"upper_bound":1010.8548146506618},"point_estimate":733.6172972906894,"standard_error":122.46398334918109},"Slope":{"confidence_interval":{"confidence_level":0.95,"lower_bound":11655.07724336798,"upper_bound":11939.161199825961},"point_estimate":11790.633324267246,"standard_error":72.50828922712569},"StdDev":{"confidence_interval":{"confidence_level":0.95,"lower_bound":2139.457604620793,"upper_bound":11163.10567089754},"point_estimate":7129.478786937773,"standard_error":2426.3097069354285}}