{"Mean":{"confidence_interval":{"confidence_level":0.95,"lower_bound":309568.12275062443,"upper_bound":359775.29207538394},"point_estimate":331221.3244362183,"standard_error":12946.352846602851},"Median":{"confidence_interval":{"confidence_level":0.95,"lower_bound":293766.65189873416,"upper_bound":303648.83287935157},"point_estimate":298274.44639376213,"standard_error":2509.668856801424},"MedianAbsDev":{"confidence_interval":{"confidence_level":0.95,"lower_bound":14141.154526980094,"upper_bound":28345.90124468866},"point_estimate":19898.521651212446,"standard_error":3628.371571011671},"Slope":{"confidence_interval":{"confidence_level":0.95,"lower_bound":286579.162524271,"upper_bound":292623.39103449404},"point_estimate":289617.383493424,"standard_error":1541.6777098286395},"StdDev":{"confidence_interval":{"confidence_level":0.95,"lower_bound":50843.61912359581,"upper_bound":199657.75383763813},"point_estimate":130226.83737591964,"standard_error":40638.39848219449}}