{"Mean":{"confidence_interval":{"confidence_level":0.95,"lower_bound":13508.296256691836,"upper_bound":16217.320121453324},"point_estimate":14649.081834230768,"standard_error":702.3540567441761},"Median":{"confidence_interval":{"confidence_level":0.95,"lower_bound":12516.92604181687,"upper_bound":13514.859574468084},"point_estimate":12749.668183333333,"standard_error":227.53810018178694},"MedianAbsDev":{"confidence_interval":{"confidence_level":0.95,"lower_bound":818.7523732902769,"upper_bound":1911.460595012159},"point_estimate":1464.7343731547855,"standard_error":292.66261222972884},"Slope":{"confidence_interval":{"confidence_level":0.95,"lower_bound":12550.088862894147,"upper_bound":13062.175129751782},"point_estimate":12796.502780276835,"standard_error":130.97051401017617},"StdDev":{"confidence_interval":{"confidence_level":0.95,"lower_bound":2328.023066817363,"upper_bound":11098.862433371347},"point_estimate":7063.83072015341,"standard_error":2459.7318197646728}}