{"Mean":{"confidence_interval":{"confidence_level":0.95,"lower_bound":21196.05790146818,"upper_bound":24805.90410164833},"point_estimate":22727.375404500966,"standard_error":933.7038156488514},"Median":{"confidence_interval":{"confidence_level":0.95,"lower_bound":19910.97633798984,"upper_bound":20909.197877358492},"point_estimate":20284.446048613143,"standard_error":233.924742198741},"MedianAbsDev":{"confidence_interval":{"confidence_level":0.95,"lower_bound":1001.989192765965,"upper_bound":2170.381133217474},"point_estimate":1495.9511713215682,"standard_error":268.4604693631606},"Slope":{"confidence_interval":{"confidence_level":0.95,"lower_bound":19623.57810441347,"upper_bound":20150.52972430789},"point_estimate":19862.63401607691,"standard_error":134.92911517375788},"StdDev":{"confidence_interval":{"confidence_level":0.95,"lower_bound":3239.3393276209463,"upper_bound":14631.84223891434},"point_estimate":9390.959016986557,"standard_error":3144.4815642862754}}