{"Mean":{"confidence_interval":{"confidence_level":0.95,"lower_bound":-0.13167393284629106,"upper_bound":0.1129111528764137},"point_estimate":-0.019233987119777196,"standard_error":0.062026094408155534},"Median":{"confidence_interval":{"confidence_level":0.95,"lower_bound":-0.034990994637444595,"upper_bound":0.03869959152299147},"point_estimate":0.02153822693908336,"standard_error":0.020218677790865718}}