{"Mean":{"confidence_interval":{"confidence_level":0.95,"lower_bound":-0.44206984586989223,"upper_bound":0.8807043906242457},"point_estimate":-0.00009748625334027317,"standard_error":0.3400803132525569},"Median":{"confidence_interval":{"confidence_level":0.95,"lower_bound":-0.2105881854798214,"upper_bound":0.30512808720753903},"point_estimate":0.0019436335291949103,"standard_error":0.12920548191076728}}