{"Mean":{"confidence_interval":{"confidence_level":0.95,"lower_bound":437872.8069842475,"upper_bound":845426.5314116628},"point_estimate":609774.1146411423,"standard_error":105385.40588371504},"Median":{"confidence_interval":{"confidence_level":0.95,"lower_bound":291643.42512771394,"upper_bound":361218.74166666664},"point_estimate":318190.590751634,"standard_error":18445.54282698719},"MedianAbsDev":{"confidence_interval":{"confidence_level":0.95,"lower_bound":74124.1966618914,"upper_bound":164737.8131188816},"point_estimate":105517.24524612947,"standard_error":23993.94803039633},"Slope":{"confidence_interval":{"confidence_level":0.95,"lower_bound":266075.78558198066,"upper_bound":285856.6872501081},"point_estimate":274642.2412166888,"standard_error":5055.956591031277},"StdDev":{"confidence_interval":{"confidence_level":0.95,"lower_bound":363792.3133497503,"upper_bound":1663011.8573443727},"point_estimate":1061357.539405788,"standard_error":362360.60198029765}}