{"Mean":{"confidence_interval":{"confidence_level":0.95,"lower_bound":29559.13519056801,"upper_bound":35646.34668563123},"point_estimate":32092.907312321055,"standard_error":1585.5459526058175},"Median":{"confidence_interval":{"confidence_level":0.95,"lower_bound":27454.856209150326,"upper_bound":28615.264001806685},"point_estimate":28103.393397435895,"standard_error":285.57355729734303},"MedianAbsDev":{"confidence_interval":{"confidence_level":0.95,"lower_bound":1306.0308316670285,"upper_bound":2817.4306367091135},"point_estimate":2007.756839751594,"standard_error":383.6348682405292},"Slope":{"confidence_interval":{"confidence_level":0.95,"lower_bound":27131.98500000956,"upper_bound":27773.851133508982},"point_estimate":27408.54333119879,"standard_error":164.10005124861465},"StdDev":{"confidence_interval":{"confidence_level":0.95,"lower_bound":4811.77510918105,"upper_bound":25335.027389510906},"point_estimate":15913.935663903338,"standard_error":5877.288002244456}}