{"Mean":{"confidence_interval":{"confidence_level":0.95,"lower_bound":125282.19397958707,"upper_bound":190969.6974722723},"point_estimate":152881.76776648423,"standard_error":16989.42357378419},"Median":{"confidence_interval":{"confidence_level":0.95,"lower_bound":102502.85418771347,"upper_bound":112531.08667917448},"point_estimate":105836.84133437992,"standard_error":2854.1072373760194},"MedianAbsDev":{"confidence_interval":{"confidence_level":0.95,"lower_bound":10404.633110514946,"upper_bound":23560.010958000294},"point_estimate":15813.479430765236,"standard_error":3666.1257624512327},"Slope":{"confidence_interval":{"confidence_level":0.95,"lower_bound":98828.1775200085,"upper_bound":102109.37680095233},"point_estimate":100308.9638389924,"standard_error":835.8499642154726},"StdDev":{"confidence_interval":{"confidence_level":0.95,"lower_bound":57001.130698346795,"upper_bound":269051.134644285},"point_estimate":171183.78315666376,"standard_error":59655.87239349229}}