{"Mean":{"confidence_interval":{"confidence_level":0.95,"lower_bound":-0.13587262834258043,"upper_bound":0.10887666047256277},"point_estimate":-0.025263515371141576,"standard_error":0.062350465911027865},"Median":{"confidence_interval":{"confidence_level":0.95,"lower_bound":-0.03899486279030118,"upper_bound":0.012383994820576172},"point_estimate":-0.020502323887489515,"standard_error":0.013328103147858766}}