{"Mean":{"confidence_interval":{"confidence_level":0.95,"lower_bound":1238149.5162871885,"upper_bound":1456283.5416477316},"point_estimate":1330489.7801712714,"standard_error":56457.57429647421},"Median":{"confidence_interval":{"confidence_level":0.95,"lower_bound":1155866.6507936507,"upper_bound":1203121.5912698412},"point_estimate":1179349.587339112,"standard_error":13371.088697365107},"MedianAbsDev":{"confidence_interval":{"confidence_level":0.95,"lower_bound":57454.51669268011,"upper_bound":111524.55514012062},"point_estimate":80985.6243991193,"standard_error":14023.313366755792},"Slope":{"confidence_interval":{"confidence_level":0.95,"lower_bound":1128361.2838194112,"upper_bound":1147698.6319305194},"point_estimate":1137283.0570237918,"standard_error":4930.085328196398},"StdDev":{"confidence_interval":{"confidence_level":0.95,"lower_bound":221181.196914179,"upper_bound":883492.1252467588},"point_estimate":567633.3485889547,"standard_error":190477.5150810764}}