{"Mean":{"confidence_interval":{"confidence_level":0.95,"lower_bound":48423.74499926555,"upper_bound":57913.89920385206},"point_estimate":52612.02698048042,"standard_error":2440.930311587929},"Median":{"confidence_interval":{"confidence_level":0.95,"lower_bound":43751.18201754386,"upper_bound":45956.361666666664},"point_estimate":44684.876896797454,"standard_error":515.5928578698282},"MedianAbsDev":{"confidence_interval":{"confidence_level":0.95,"lower_bound":2350.1080451527364,"upper_bound":5170.203376103417},"point_estimate":3362.6597365472476,"standard_error":685.092697413825},"Slope":{"confidence_interval":{"confidence_level":0.95,"lower_bound":43456.23736605444,"upper_bound":44794.80199562393},"point_estimate":44085.68651926013,"standard_error":342.1058522376357},"StdDev":{"confidence_interval":{"confidence_level":0.95,"lower_bound":12135.444265067503,"upper_bound":36152.87056616866},"point_estimate":24560.82067256305,"standard_error":6488.816753714028}}