{"Mean":{"confidence_interval":{"confidence_level":0.95,"lower_bound":1223547.5073659117,"upper_bound":1427583.1267573612},"point_estimate":1311249.8985495954,"standard_error":52870.96168247065},"Median":{"confidence_interval":{"confidence_level":0.95,"lower_bound":1145999.169247116,"upper_bound":1187318.2443589745},"point_estimate":1160627.6006410257,"standard_error":9280.516912581754},"MedianAbsDev":{"confidence_interval":{"confidence_level":0.95,"lower_bound":59471.343403797626,"upper_bound":106752.03706693441},"point_estimate":78640.70634526758,"standard_error":11874.845805977258},"Slope":{"confidence_interval":{"confidence_level":0.95,"lower_bound":1119097.4032637859,"upper_bound":1137552.526034263},"point_estimate":1127758.0255149992,"standard_error":4699.469772595918},"StdDev":{"confidence_interval":{"confidence_level":0.95,"lower_bound":210968.72334613613,"upper_bound":815525.7367115166},"point_estimate":530173.2418304596,"standard_error":166669.06296347428}}