{"Mean":{"confidence_interval":{"confidence_level":0.95,"lower_bound":85374.2574688258,"upper_bound":102017.84406489925},"point_estimate":92493.27109810444,"standard_error":4302.2948907402715},"Median":{"confidence_interval":{"confidence_level":0.95,"lower_bound":79971.65182186235,"upper_bound":83326.45207100592},"point_estimate":81306.53071036107,"standard_error":736.847350664516},"MedianAbsDev":{"confidence_interval":{"confidence_level":0.95,"lower_bound":3599.526184952199,"upper_bound":6642.297543177045},"point_estimate":5161.613644824578,"standard_error":774.3453806712453},"Slope":{"confidence_interval":{"confidence_level":0.95,"lower_bound":77959.68798926628,"upper_bound":79590.21698441257},"point_estimate":78764.66222618817,"standard_error":415.6814754161441},"StdDev":{"confidence_interval":{"confidence_level":0.95,"lower_bound":15769.850811926937,"upper_bound":66802.14950899711},"point_estimate":43199.075316054674,"standard_error":13926.601201555994}}