{"Mean":{"confidence_interval":{"confidence_level":0.95,"lower_bound":-0.005301948844481424,"upper_bound":0.01883797280076363},"point_estimate":0.0066817673620389595,"standard_error":0.0061305673130898665},"Median":{"confidence_interval":{"confidence_level":0.95,"lower_bound":0.0004907592596219423,"upper_bound":0.012071177408490952},"point_estimate":0.0065128242058904995,"standard_error":0.0029768919026006324}}