{"Mean":{"confidence_interval":{"confidence_level":0.95,"lower_bound":-0.10729612706323088,"upper_bound":0.09160967511290001},"point_estimate":-0.009567862428442098,"standard_error":0.05069976690588599},"Median":{"confidence_interval":{"confidence_level":0.95,"lower_bound":-0.03328623043304524,"upper_bound":0.022688272243878593},"point_estimate":-0.0037739232497391306,"standard_error":0.01429527959186935}}