{"Mean":{"confidence_interval":{"confidence_level":0.95,"lower_bound":742843.1501627602,"upper_bound":837895.3738761648},"point_estimate":783825.2097690079,"standard_error":24500.073788416405},"Median":{"confidence_interval":{"confidence_level":0.95,"lower_bound":704338.3977272727,"upper_bound":723099.7256348662},"point_estimate":714993.7201238391,"standard_error":4945.295583259534},"MedianAbsDev":{"confidence_interval":{"confidence_level":0.95,"lower_bound":31238.463533124173,"upper_bound":60685.84925244131},"point_estimate":45291.618972569515,"standard_error":7367.875823552924},"Slope":{"confidence_interval":{"confidence_level":0.95,"lower_bound":694278.063479406,"upper_bound":711389.6773124173},"point_estimate":701903.9790128565,"standard_error":4377.457576281128},"StdDev":{"confidence_interval":{"confidence_level":0.95,"lower_bound":108532.98357442427,"upper_bound":375625.027618404},"point_estimate":245568.2670288698,"standard_error":77106.01394162406}}