{"Mean":{"confidence_interval":{"confidence_level":0.95,"lower_bound":-0.4194035251924051,"upper_bound":0.7572148709654652},"point_estimate":0.005616183786933515,"standard_error":0.3051246127153855},"Median":{"confidence_interval":{"confidence_level":0.95,"lower_bound":-0.19594021024013852,"upper_bound":0.24603454959783755},"point_estimate":-0.010623739317489722,"standard_error":0.10839645161290005}}