{"Mean":{"confidence_interval":{"confidence_level":0.95,"lower_bound":86584.43682152226,"upper_bound":104008.69780956191},"point_estimate":94017.8277070275,"standard_error":4500.213879876498},"Median":{"confidence_interval":{"confidence_level":0.95,"lower_bound":80960.12556561086,"upper_bound":82719.37746274345},"point_estimate":81542.16411405496,"standard_error":418.2329241589631},"MedianAbsDev":{"confidence_interval":{"confidence_level":0.95,"lower_bound":2182.19158723009,"upper_bound":4472.206553799777},"point_estimate":2975.8860400815292,"standard_error":594.6846466402355},"Slope":{"confidence_interval":{"confidence_level":0.95,"lower_bound":80816.4385487343,"upper_bound":81672.5981722102},"point_estimate":81217.93234679611,"standard_error":218.21166292922464},"StdDev":{"confidence_interval":{"confidence_level":0.95,"lower_bound":16495.71031632011,"upper_bound":69878.49774394864},"point_estimate":45124.87248582637,"standard_error":14555.022287712809}}