{"Mean":{"confidence_interval":{"confidence_level":0.95,"lower_bound":-0.13882235765102646,"upper_bound":0.1406513951461676},"point_estimate":-0.008356722338310085,"standard_error":0.07107597582747271},"Median":{"confidence_interval":{"confidence_level":0.95,"lower_bound":-0.053330397873676445,"upper_bound":-0.0018189748843837263},"point_estimate":-0.02821802987602129,"standard_error":0.013384177355321733}}