{"Mean":{"confidence_interval":{"confidence_level":0.95,"lower_bound":35445.59811197661,"upper_bound":43290.514561075775},"point_estimate":38811.349005076394,"standard_error":2020.0696536087312},"Median":{"confidence_interval":{"confidence_level":0.95,"lower_bound":32613.022602217672,"upper_bound":33707.195880681815},"point_estimate":33077.91647831499,"standard_error":276.5526079987434},"MedianAbsDev":{"confidence_interval":{"confidence_level":0.95,"lower_bound":1666.719174859362,"upper_bound":3268.062480416445},"point_estimate":2343.8715248285553,"standard_error":412.90627623148976},"Slope":{"confidence_interval":{"confidence_level":0.95,"lower_bound":32147.916860775757,"upper_bound":33036.34501042007},"point_estimate":32546.862172860943,"standard_error":228.17741160599277},"StdDev":{"confidence_interval":{"confidence_level":0.95,"lower_bound":8151.772742993048,"upper_bound":31309.729736671783},"point_estimate":20355.726915437994,"standard_error":6431.386304880992}}