{"Mean":{"confidence_interval":{"confidence_level":0.95,"lower_bound":286734.51769028016,"upper_bound":520727.3046189134},"point_estimate":385694.6357892005,"standard_error":60753.01843209116},"Median":{"confidence_interval":{"confidence_level":0.95,"lower_bound":204226.35709745763,"upper_bound":245898.81929898646},"point_estimate":220350.32818653778,"standard_error":11148.786292186598},"MedianAbsDev":{"confidence_interval":{"confidence_level":0.95,"lower_bound":43107.362912248136,"upper_bound":96038.52727570162},"point_estimate":62449.23745788002,"standard_error":13767.167511657542},"Slope":{"confidence_interval":{"confidence_level":0.95,"lower_bound":187626.38021596454,"upper_bound":199712.96281257362},"point_estimate":192921.38452194474,"standard_error":3080.0446847834855},"StdDev":{"confidence_interval":{"confidence_level":0.95,"lower_bound":206484.70810570812,"upper_bound":956552.3185310689},"point_estimate":610490.2279510798,"standard_error":209967.5488959735}}