{"Mean":{"confidence_interval":{"confidence_level":0.95,"lower_bound":-0.004070868454735951,"upper_bound":0.014584159594523392},"point_estimate":0.005182232259032471,"standard_error":0.004636280010450891},"Median":{"confidence_interval":{"confidence_level":0.95,"lower_bound":0.0013489375859763175,"upper_bound":0.006438307176801272},"point_estimate":0.003997697110974308,"standard_error":0.0013481679228896863}}