{"Mean":{"confidence_interval":{"confidence_level":0.95,"lower_bound":220179.56382154138,"upper_bound":253748.88488049994},"point_estimate":234671.30455264932,"standard_error":8628.40506544681},"Median":{"confidence_interval":{"confidence_level":0.95,"lower_bound":207899.58438818564,"upper_bound":215826.54665242165},"point_estimate":211717.19337406015,"standard_error":1990.6749750312651},"MedianAbsDev":{"confidence_interval":{"confidence_level":0.95,"lower_bound":12850.499694358026,"upper_bound":24651.6799469702},"point_estimate":18723.934006365947,"standard_error":3119.775975989204},"Slope":{"confidence_interval":{"confidence_level":0.95,"lower_bound":200943.0509101191,"upper_bound":205497.59008258788},"point_estimate":203146.85548544407,"standard_error":1163.4665888412096},"StdDev":{"confidence_interval":{"confidence_level":0.95,"lower_bound":34700.77092324463,"upper_bound":132774.32135484504},"point_estimate":86770.54272534986,"standard_error":26656.19391388386}}