{"Mean":{"confidence_interval":{"confidence_level":0.95,"lower_bound":-0.13939402728497968,"upper_bound":0.1305013155691601},"point_estimate":-0.01040989359437361,"standard_error":0.06864155669449297},"Median":{"confidence_interval":{"confidence_level":0.95,"lower_bound":-0.03687984348850781,"upper_bound":0.03194732153214819},"point_estimate":0.004799696825703803,"standard_error":0.01764323002761963}}