{"Mean":{"confidence_interval":{"confidence_level":0.95,"lower_bound":-0.20706954085810605,"upper_bound":0.0048191706100753},"point_estimate":-0.1061382233395265,"standard_error":0.05397344470364272},"Median":{"confidence_interval":{"confidence_level":0.95,"lower_bound":-0.12314444254089621,"upper_bound":-0.03476981185044081},"point_estimate":-0.08649626855981707,"standard_error":0.023830002589816542}}