{"Mean":{"confidence_interval":{"confidence_level":0.95,"lower_bound":-0.12030775178817904,"upper_bound":0.16662364693818338},"point_estimate":0.011848852309024993,"standard_error":0.0731104546326859},"Median":{"confidence_interval":{"confidence_level":0.95,"lower_bound":-0.027776446473137928,"upper_bound":0.053995987539797285},"point_estimate":0.010398234729289468,"standard_error":0.021020163544528854}}