{"Mean":{"confidence_interval":{"confidence_level":0.95,"lower_bound":12786.5669206377,"upper_bound":15242.154998993483},"point_estimate":13825.46565217784,"standard_error":635.4612784591961},"Median":{"confidence_interval":{"confidence_level":0.95,"lower_bound":11940.51822259602,"upper_bound":12487.703436807094},"point_estimate":12152.523845381525,"standard_error":120.14761798333504},"MedianAbsDev":{"confidence_interval":{"confidence_level":0.95,"lower_bound":643.0361072333558,"upper_bound":1401.4559487771328},"point_estimate":1012.2911302532837,"standard_error":205.16558948144305},"Slope":{"confidence_interval":{"confidence_level":0.95,"lower_bound":11955.166080926885,"upper_bound":12286.579507061091},"point_estimate":12118.870117247618,"standard_error":84.45829171216124},"StdDev":{"confidence_interval":{"confidence_level":0.95,"lower_bound":2097.5936670158317,"upper_bound":10033.615120787874},"point_estimate":6407.121552165312,"standard_error":2164.6850685626246}}