{"Mean":{"confidence_interval":{"confidence_level":0.95,"lower_bound":14470.504319713547,"upper_bound":17728.811132598537},"point_estimate":15822.739452406782,"standard_error":846.7751913458145},"Median":{"confidence_interval":{"confidence_level":0.95,"lower_bound":13540.008233762255,"upper_bound":14173.716806280096},"point_estimate":13883.028511379076,"standard_error":173.14288846629026},"MedianAbsDev":{"confidence_interval":{"confidence_level":0.95,"lower_bound":879.8506381280852,"upper_bound":1780.323434156023},"point_estimate":1269.8093483328414,"standard_error":231.45621326383053},"Slope":{"confidence_interval":{"confidence_level":0.95,"lower_bound":13595.799255770706,"upper_bound":14001.514257803263},"point_estimate":13799.659003389612,"standard_error":103.17226524639679},"StdDev":{"confidence_interval":{"confidence_level":0.95,"lower_bound":2594.374877973186,"upper_bound":13569.154547881246},"point_estimate":8512.83938703184,"standard_error":3141.1858760727605}}