{"Mean":{"confidence_interval":{"confidence_level":0.95,"lower_bound":35627763.40151646,"upper_bound":35888360.853797875},"point_estimate":35746124.52144005,"standard_error":66621.73066047029},"Median":{"confidence_interval":{"confidence_level":0.95,"lower_bound":35460295.13851351,"upper_bound":35640890.99307345},"point_estimate":35570633.82181819,"standard_error":39556.25538846876},"MedianAbsDev":{"confidence_interval":{"confidence_level":0.95,"lower_bound":215481.69973759842,"upper_bound":401063.14912970416},"point_estimate":316989.70807781554,"standard_error":45048.46030974145},"Slope":{"confidence_interval":{"confidence_level":0.95,"lower_bound":35447108.94746542,"upper_bound":35539088.24361348},"point_estimate":35491582.450258605,"standard_error":23468.469572877806},"StdDev":{"confidence_interval":{"confidence_level":0.95,"lower_bound":379511.14557288535,"upper_bound":966652.536954957},"point_estimate":669380.7822402432,"standard_error":165256.82525327365}}