{"Mean":{"confidence_interval":{"confidence_level":0.95,"lower_bound":619572.4203465754,"upper_bound":1252594.1867597676},"point_estimate":886924.2266564312,"standard_error":163691.90131722033},"Median":{"confidence_interval":{"confidence_level":0.95,"lower_bound":386234.83103448275,"upper_bound":518191.2585365854},"point_estimate":439141.0785822021,"standard_error":28868.30885038476},"MedianAbsDev":{"confidence_interval":{"confidence_level":0.95,"lower_bound":99938.07362792194,"upper_bound":261692.93166024145},"point_estimate":167832.19783915847,"standard_error":36690.896252446335},"Slope":{"confidence_interval":{"confidence_level":0.95,"lower_bound":356152.22343109484,"upper_bound":386445.6622038879},"point_estimate":369336.9006537609,"standard_error":7742.546313386748},"StdDev":{"confidence_interval":{"confidence_level":0.95,"lower_bound":556176.0986559516,"upper_bound":2574816.298291579},"point_estimate":1643723.1961852529,"standard_error":564865.4780651983}}