{"Mean":{"confidence_interval":{"confidence_level":0.95,"lower_bound":-0.15134117153433446,"upper_bound":0.12187998631380674},"point_estimate":-0.02336748153657553,"standard_error":0.06942662263920367},"Median":{"confidence_interval":{"confidence_level":0.95,"lower_bound":-0.026998378375030052,"upper_bound":0.016930252554979337},"point_estimate":-0.004222221695771355,"standard_error":0.010254536960662263}}