{"Mean":{"confidence_interval":{"confidence_level":0.95,"lower_bound":-0.174760166910724,"upper_bound":0.020749602393802087},"point_estimate":-0.08497293028273822,"standard_error":0.04972082708135019},"Median":{"confidence_interval":{"confidence_level":0.95,"lower_bound":-0.07127478175320698,"upper_bound":0.0029958353111085856},"point_estimate":-0.01560886281750018,"standard_error":0.018045795461443245}}