{"Mean":{"confidence_interval":{"confidence_level":0.95,"lower_bound":-0.00558489443686334,"upper_bound":0.005804146092415296},"point_estimate":0.00018154812376125484,"standard_error":0.0028919916690056074},"Median":{"confidence_interval":{"confidence_level":0.95,"lower_bound":-0.0027859686341975554,"upper_bound":0.005200852258410826},"point_estimate":0.001909421608363271,"standard_error":0.002139985501920639}}