{"Mean":{"confidence_interval":{"confidence_level":0.95,"lower_bound":-0.1985531462545816,"upper_bound":0.020434295645244238},"point_estimate":-0.09741944548069681,"standard_error":0.05580585580056549},"Median":{"confidence_interval":{"confidence_level":0.95,"lower_bound":-0.09012797518993898,"upper_bound":0.0031808415606824347},"point_estimate":-0.027000603748515428,"standard_error":0.02298135911631801}}