{"Mean":{"confidence_interval":{"confidence_level":0.95,"lower_bound":18533.62227074107,"upper_bound":18880.93809489226},"point_estimate":18698.47909853021,"standard_error":89.03469534165016},"Median":{"confidence_interval":{"confidence_level":0.95,"lower_bound":18327.399628827716,"upper_bound":18506.291172282865},"point_estimate":18405.19702755316,"standard_error":40.35839559254065},"MedianAbsDev":{"confidence_interval":{"confidence_level":0.95,"lower_bound":300.8800679736768,"upper_bound":511.4157019352463},"point_estimate":391.9906526365305,"standard_error":54.18449463940631},"Slope":{"confidence_interval":{"confidence_level":0.95,"lower_bound":18398.483221578917,"upper_bound":18795.791826177454},"point_estimate":18575.81234420091,"standard_error":102.12794766833494},"StdDev":{"confidence_interval":{"confidence_level":0.95,"lower_bound":631.1234019639176,"upper_bound":1120.445617160748},"point_estimate":895.6234110607371,"standard_error":125.37388224748373}}