{"Mean":{"confidence_interval":{"confidence_level":0.95,"lower_bound":-0.1530410352010354,"upper_bound":0.07159811489889498},"point_estimate":-0.04713146722672057,"standard_error":0.05745977542381398},"Median":{"confidence_interval":{"confidence_level":0.95,"lower_bound":-0.0919484611223168,"upper_bound":0.012122692268063506},"point_estimate":-0.048875148426191894,"standard_error":0.02654053029091024}}