{"Mean":{"confidence_interval":{"confidence_level":0.95,"lower_bound":-0.136519448765632,"upper_bound":0.1506798282252074},"point_estimate":0.001230957176012959,"standard_error":0.07329286191655573},"Median":{"confidence_interval":{"confidence_level":0.95,"lower_bound":-0.01385058146328943,"upper_bound":0.034413850141429725},"point_estimate":0.013788955486641497,"standard_error":0.0122091072599417}}