{"Mean":{"confidence_interval":{"confidence_level":0.95,"lower_bound":29960.473216122464,"upper_bound":30352.62578657056},"point_estimate":30147.93396497034,"standard_error":100.19300313280924},"Median":{"confidence_interval":{"confidence_level":0.95,"lower_bound":29765.817708333332,"upper_bound":29992.20563168449},"point_estimate":29860.508954831934,"standard_error":59.83939719947322},"MedianAbsDev":{"confidence_interval":{"confidence_level":0.95,"lower_bound":409.82863793386895,"upper_bound":723.9556975897557},"point_estimate":542.7778036609217,"standard_error":80.19027427458776},"Slope":{"confidence_interval":{"confidence_level":0.95,"lower_bound":29987.667184337228,"upper_bound":30342.788083544838},"point_estimate":30151.936945008867,"standard_error":90.9481740770145},"StdDev":{"confidence_interval":{"confidence_level":0.95,"lower_bound":748.3212368066692,"upper_bound":1228.5871832016774},"point_estimate":1002.3387109244029,"standard_error":122.62876681062828}}