{"Mean":{"confidence_interval":{"confidence_level":0.95,"lower_bound":-0.4123307045141576,"upper_bound":0.6222942630751341},"point_estimate":-0.009112222586844076,"standard_error":0.26786312843017884},"Median":{"confidence_interval":{"confidence_level":0.95,"lower_bound":-0.15646490299657068,"upper_bound":0.22455577938372207},"point_estimate":-0.02196041799263504,"standard_error":0.09728856831278898}}