{"Mean":{"confidence_interval":{"confidence_level":0.95,"lower_bound":16517816.86116265,"upper_bound":16762577.607602848},"point_estimate":16628826.164124276,"standard_error":62924.18433589717},"Median":{"confidence_interval":{"confidence_level":0.95,"lower_bound":16398652.04667468,"upper_bound":16499435.316464553},"point_estimate":16451787.242337165,"standard_error":25971.925065049374},"MedianAbsDev":{"confidence_interval":{"confidence_level":0.95,"lower_bound":164887.82203265582,"upper_bound":328480.12031537393},"point_estimate":254736.28706194824,"standard_error":44031.83985657243},"Slope":{"confidence_interval":{"confidence_level":0.95,"lower_bound":16327346.48412814,"upper_bound":16397415.75784211},"point_estimate":16360506.76702527,"standard_error":17875.112603180747},"StdDev":{"confidence_interval":{"confidence_level":0.95,"lower_bound":351192.50184975885,"upper_bound":908364.4680341502},"point_estimate":632011.714457414,"standard_error":148883.6621998471}}