{"Mean":{"confidence_interval":{"confidence_level":0.95,"lower_bound":-0.009492105934922317,"upper_bound":0.022680769709542515},"point_estimate":0.007543779937331463,"standard_error":0.008207418572023223},"Median":{"confidence_interval":{"confidence_level":0.95,"lower_bound":-0.008021090427955057,"upper_bound":0.01949550466276384},"point_estimate":0.009108204341442994,"standard_error":0.007476400068303294}}