{"Mean":{"confidence_interval":{"confidence_level":0.95,"lower_bound":-0.4509439047583605,"upper_bound":-0.24507284457844497},"point_estimate":-0.35992439987897007,"standard_error":0.052664907985790974},"Median":{"confidence_interval":{"confidence_level":0.95,"lower_bound":-0.3877938682820191,"upper_bound":-0.3134057516735127},"point_estimate":-0.3507379915650548,"standard_error":0.020460639688780157}}