{"Mean":{"confidence_interval":{"confidence_level":0.95,"lower_bound":1191767.4203159078,"upper_bound":1378253.175748607},"point_estimate":1271202.3153279712,"standard_error":48043.02078164542},"Median":{"confidence_interval":{"confidence_level":0.95,"lower_bound":1115281.4133333333,"upper_bound":1160354.294117647},"point_estimate":1131893.5257452575,"standard_error":12301.594296380481},"MedianAbsDev":{"confidence_interval":{"confidence_level":0.95,"lower_bound":47616.06155050804,"upper_bound":106776.70019533555},"point_estimate":65753.1554602344,"standard_error":15600.564517738627},"Slope":{"confidence_interval":{"confidence_level":0.95,"lower_bound":1099772.02611949,"upper_bound":1117504.7579795578},"point_estimate":1108120.512164918,"standard_error":4515.635489938665},"StdDev":{"confidence_interval":{"confidence_level":0.95,"lower_bound":174313.95010197736,"upper_bound":753371.1896363166},"point_estimate":484600.76201563556,"standard_error":160666.31416496244}}