{"Mean":{"confidence_interval":{"confidence_level":0.95,"lower_bound":15385.310719250256,"upper_bound":18492.51878000569},"point_estimate":16683.807919528164,"standard_error":810.5170186427798},"Median":{"confidence_interval":{"confidence_level":0.95,"lower_bound":14334.87920673077,"upper_bound":15210.038051470588},"point_estimate":14579.19060496795,"standard_error":193.54159641095322},"MedianAbsDev":{"confidence_interval":{"confidence_level":0.95,"lower_bound":982.2502622103021,"upper_bound":2098.616639220216},"point_estimate":1497.3387182776664,"standard_error":288.1977176942723},"Slope":{"confidence_interval":{"confidence_level":0.95,"lower_bound":14470.45219184767,"upper_bound":14977.007617795049},"point_estimate":14720.269699460618,"standard_error":129.5763368706878},"StdDev":{"confidence_interval":{"confidence_level":0.95,"lower_bound":2573.288008264149,"upper_bound":12951.398002973827},"point_estimate":8143.0200019934,"standard_error":2999.6472949412628}}