{"Mean":{"confidence_interval":{"confidence_level":0.95,"lower_bound":132465.56605790075,"upper_bound":157638.4390644274},"point_estimate":143125.20023681672,"standard_error":6500.945501015076},"Median":{"confidence_interval":{"confidence_level":0.95,"lower_bound":124088.76917989418,"upper_bound":129282.5867022629},"point_estimate":125773.5091171994,"standard_error":1423.1078213155433},"MedianAbsDev":{"confidence_interval":{"confidence_level":0.95,"lower_bound":5716.518572055122,"upper_bound":12252.493570518238},"point_estimate":7467.535576612778,"standard_error":1660.2769741024945},"Slope":{"confidence_interval":{"confidence_level":0.95,"lower_bound":121414.76012796402,"upper_bound":123302.5271527589},"point_estimate":122310.14346682429,"standard_error":480.5710028246598},"StdDev":{"confidence_interval":{"confidence_level":0.95,"lower_bound":21444.268487705667,"upper_bound":102112.27375593717},"point_estimate":65455.87813121603,"standard_error":21895.962472351737}}