{"Mean":{"confidence_interval":{"confidence_level":0.95,"lower_bound":2154753.5891228355,"upper_bound":2363268.3046052884},"point_estimate":2243851.2511879816,"standard_error":54067.19018336906},"Median":{"confidence_interval":{"confidence_level":0.95,"lower_bound":2073730.4007936507,"upper_bound":2123594.828125},"point_estimate":2095834.3499501497,"standard_error":14509.109744437432},"MedianAbsDev":{"confidence_interval":{"confidence_level":0.95,"lower_bound":56042.26990948039,"upper_bound":119281.30072975214},"point_estimate":76449.19971669339,"standard_error":18701.952513210807},"Slope":{"confidence_interval":{"confidence_level":0.95,"lower_bound":2053209.7268702493,"upper_bound":2074399.326150464},"point_estimate":2063241.6953598345,"standard_error":5410.361750325025},"StdDev":{"confidence_interval":{"confidence_level":0.95,"lower_bound":199318.26214236335,"upper_bound":845540.1259174917},"point_estimate":544821.9828278808,"standard_error":180310.90328109058}}