{"Mean":{"confidence_interval":{"confidence_level":0.95,"lower_bound":221852.2083390908,"upper_bound":257045.48386988125},"point_estimate":237196.46191755074,"standard_error":9082.338428156945},"Median":{"confidence_interval":{"confidence_level":0.95,"lower_bound":207415.94513396375,"upper_bound":217040.75},"point_estimate":209356.62858312856,"standard_error":2565.353901256615},"MedianAbsDev":{"confidence_interval":{"confidence_level":0.95,"lower_bound":12516.255784064258,"upper_bound":25135.806254438747},"point_estimate":16532.20857354389,"standard_error":3148.9647512038246},"Slope":{"confidence_interval":{"confidence_level":0.95,"lower_bound":201571.4213228,"upper_bound":205335.51404206597},"point_estimate":203382.56282547658,"standard_error":961.7818771992664},"StdDev":{"confidence_interval":{"confidence_level":0.95,"lower_bound":41523.50086608975,"upper_bound":137943.7075101809},"point_estimate":91248.81775108643,"standard_error":27034.399265644453}}