{"Mean":{"confidence_interval":{"confidence_level":0.95,"lower_bound":22081.870565572495,"upper_bound":26332.78196650522},"point_estimate":23923.815846247464,"standard_error":1094.5098206897162},"Median":{"confidence_interval":{"confidence_level":0.95,"lower_bound":20389.258461538462,"upper_bound":21658.295787545787},"point_estimate":21006.015135327638,"standard_error":380.632832787104},"MedianAbsDev":{"confidence_interval":{"confidence_level":0.95,"lower_bound":1331.9482719571959,"upper_bound":2668.7396841695363},"point_estimate":1917.6837185671855,"standard_error":365.5152606177763},"Slope":{"confidence_interval":{"confidence_level":0.95,"lower_bound":20125.488097874593,"upper_bound":20749.46109817445},"point_estimate":20409.105194495914,"standard_error":160.04285387053753},"StdDev":{"confidence_interval":{"confidence_level":0.95,"lower_bound":4331.642408302191,"upper_bound":16704.861093856918},"point_estimate":11012.764040711345,"standard_error":3283.2559600595982}}