{"Mean":{"confidence_interval":{"confidence_level":0.95,"lower_bound":1749852.9083571138,"upper_bound":3879266.2159015364},"point_estimate":2647171.447008045,"standard_error":552065.2117627843},"Median":{"confidence_interval":{"confidence_level":0.95,"lower_bound":986140.727586207,"upper_bound":1377943.7886178861},"point_estimate":1129173.8013888889,"standard_error":89967.57041424804},"MedianAbsDev":{"confidence_interval":{"confidence_level":0.95,"lower_bound":374396.60082664044,"upper_bound":847666.6707977629},"point_estimate":564045.821146764,"standard_error":117195.50533552417},"Slope":{"confidence_interval":{"confidence_level":0.95,"lower_bound":862250.7612394318,"upper_bound":965068.9226504235},"point_estimate":906768.1839288705,"standard_error":26251.353902828687},"StdDev":{"confidence_interval":{"confidence_level":0.95,"lower_bound":1850937.936347775,"upper_bound":8688915.135245504},"point_estimate":5539243.686960948,"standard_error":1876497.1304339499}}