{"Mean":{"confidence_interval":{"confidence_level":0.95,"lower_bound":17848.140038316826,"upper_bound":21128.960529694792},"point_estimate":19238.734469311035,"standard_error":849.8734238791113},"Median":{"confidence_interval":{"confidence_level":0.95,"lower_bound":16732.249501253988,"upper_bound":17418.476506443745},"point_estimate":16934.183011695906,"standard_error":152.52079036567176},"MedianAbsDev":{"confidence_interval":{"confidence_level":0.95,"lower_bound":1001.5506563591339,"upper_bound":1947.2745697270962},"point_estimate":1382.7254287713602,"standard_error":265.1340479632731},"Slope":{"confidence_interval":{"confidence_level":0.95,"lower_bound":16388.901488724958,"upper_bound":16826.224104542478},"point_estimate":16600.64462735826,"standard_error":111.77866735690385},"StdDev":{"confidence_interval":{"confidence_level":0.95,"lower_bound":2983.445674496984,"upper_bound":13419.105716748594},"point_estimate":8560.148655654844,"standard_error":2917.6901492818793}}