{"Mean":{"confidence_interval":{"confidence_level":0.95,"lower_bound":-0.09096071675864534,"upper_bound":0.17029723371035188},"point_estimate":0.02553156041463156,"standard_error":0.0662430730191661},"Median":{"confidence_interval":{"confidence_level":0.95,"lower_bound":0.0000285334260199388,"upper_bound":0.07927210626277059},"point_estimate":0.019443142609505637,"standard_error":0.018048814927446536}}