{"Mean":{"confidence_interval":{"confidence_level":0.95,"lower_bound":-0.144178404377496,"upper_bound":0.0922858752191446},"point_estimate":-0.029738787415909296,"standard_error":0.06038189112983385},"Median":{"confidence_interval":{"confidence_level":0.95,"lower_bound":-0.037921723961897684,"upper_bound":0.011879114840437667},"point_estimate":-0.009353327415222212,"standard_error":0.012001900023329038}}