{"Mean":{"confidence_interval":{"confidence_level":0.95,"lower_bound":-0.11656084772566745,"upper_bound":0.14284786448865067},"point_estimate":0.002000179557746007,"standard_error":0.06612758981277082},"Median":{"confidence_interval":{"confidence_level":0.95,"lower_bound":-0.02321522576214241,"upper_bound":0.008357147141123011},"point_estimate":-0.007271127622492823,"standard_error":0.0082906785619536}}