{"Mean":{"confidence_interval":{"confidence_level":0.95,"lower_bound":41486.11700340642,"upper_bound":49306.453495979265},"point_estimate":44815.56072512606,"standard_error":2026.6147708548306},"Median":{"confidence_interval":{"confidence_level":0.95,"lower_bound":38278.88647755753,"upper_bound":39790.107142857145},"point_estimate":38923.99599953618,"standard_error":369.80691064239033},"MedianAbsDev":{"confidence_interval":{"confidence_level":0.95,"lower_bound":1840.0898444366162,"upper_bound":3950.44044471252},"point_estimate":2731.1028554214236,"standard_error":534.5353082161276},"Slope":{"confidence_interval":{"confidence_level":0.95,"lower_bound":37884.90942866307,"upper_bound":39042.42151928201},"point_estimate":38390.05630760624,"standard_error":296.2796142327849},"StdDev":{"confidence_interval":{"confidence_level":0.95,"lower_bound":7198.988794788813,"upper_bound":31707.27739037135},"point_estimate":20357.421069813434,"standard_error":6690.75457012099}}