{"Mean":{"confidence_interval":{"confidence_level":0.95,"lower_bound":-0.2328691632324863,"upper_bound":0.10151835282166931},"point_estimate":-0.07041528548082698,"standard_error":0.08603215647814655},"Median":{"confidence_interval":{"confidence_level":0.95,"lower_bound":-0.04316102876717398,"upper_bound":0.05625680981208214},"point_estimate":-0.0022351209605648847,"standard_error":0.024189119536587755}}