{"Mean":{"confidence_interval":{"confidence_level":0.95,"lower_bound":12773.739722126347,"upper_bound":13029.717251390579},"point_estimate":12891.749908220363,"standard_error":65.52528280843826},"Median":{"confidence_interval":{"confidence_level":0.95,"lower_bound":12667.89927927928,"upper_bound":12862.805275835275},"point_estimate":12771.567112816141,"standard_error":52.28176613166941},"MedianAbsDev":{"confidence_interval":{"confidence_level":0.95,"lower_bound":282.1385628025561,"upper_bound":502.1057748160578},"point_estimate":370.56699919889854,"standard_error":56.6623367128718},"Slope":{"confidence_interval":{"confidence_level":0.95,"lower_bound":12737.233650489035,"upper_bound":12895.685158010532},"point_estimate":12814.848677247426,"standard_error":40.30008446037082},"StdDev":{"confidence_interval":{"confidence_level":0.95,"lower_bound":397.9498127936016,"upper_bound":925.4105214405901},"point_estimate":661.0144675514821,"standard_error":140.70295337036305}}