{"Mean":{"confidence_interval":{"confidence_level":0.95,"lower_bound":43425.61580761636,"upper_bound":46267.68895610387},"point_estimate":44704.66274049559,"standard_error":730.0258218172485},"Median":{"confidence_interval":{"confidence_level":0.95,"lower_bound":42314.399011299436,"upper_bound":42710.855769230766},"point_estimate":42481.127056569756,"standard_error":90.91488140590185},"MedianAbsDev":{"confidence_interval":{"confidence_level":0.95,"lower_bound":594.7892628574433,"upper_bound":1080.8715386774747},"point_estimate":801.6950837957213,"standard_error":122.86240777196771},"Slope":{"confidence_interval":{"confidence_level":0.95,"lower_bound":44702.83893286273,"upper_bound":51017.48594803703},"point_estimate":47644.85008878873,"standard_error":1614.6094557703882},"StdDev":{"confidence_interval":{"confidence_level":0.95,"lower_bound":4070.036323886357,"upper_bound":10377.312938114603},"point_estimate":7352.317680587339,"standard_error":1649.184270396894}}