{"Mean":{"confidence_interval":{"confidence_level":0.95,"lower_bound":-0.12874109522499122,"upper_bound":0.11999218505568968},"point_estimate":-0.008268651251698844,"standard_error":0.06383323960222749},"Median":{"confidence_interval":{"confidence_level":0.95,"lower_bound":-0.037231173294065334,"upper_bound":0.03993317145944353},"point_estimate":0.0008333234585264915,"standard_error":0.01854196853768306}}