{"Mean":{"confidence_interval":{"confidence_level":0.95,"lower_bound":11070225.175564399,"upper_bound":25585567.90896196},"point_estimate":17222942.64846879,"standard_error":3767644.9573572143},"Median":{"confidence_interval":{"confidence_level":0.95,"lower_bound":5741284.359887006,"upper_bound":8608232.538461538},"point_estimate":6858251.261836735,"standard_error":676834.8656288249},"MedianAbsDev":{"confidence_interval":{"confidence_level":0.95,"lower_bound":2514285.055799465,"upper_bound":6046759.150911472},"point_estimate":3935702.1516435207,"standard_error":852722.2381432639},"Slope":{"confidence_interval":{"confidence_level":0.95,"lower_bound":4873930.607368099,"upper_bound":5591971.768222798},"point_estimate":5186751.8943756465,"standard_error":183430.3275641496},"StdDev":{"confidence_interval":{"confidence_level":0.95,"lower_bound":13025161.012992218,"upper_bound":59411466.74659978},"point_estimate":37985757.32494139,"standard_error":12905326.380693337}}