{"Mean":{"confidence_interval":{"confidence_level":0.95,"lower_bound":34670.96885309937,"upper_bound":41716.56767733924},"point_estimate":37648.095355197365,"standard_error":1832.0078046374929},"Median":{"confidence_interval":{"confidence_level":0.95,"lower_bound":32226.421875,"upper_bound":33813.85407366071},"point_estimate":32936.1664453125,"standard_error":336.01672825235727},"MedianAbsDev":{"confidence_interval":{"confidence_level":0.95,"lower_bound":1479.8681849056652,"upper_bound":3341.1001604614025},"point_estimate":2325.781230249683,"standard_error":438.0936622375032},"Slope":{"confidence_interval":{"confidence_level":0.95,"lower_bound":31972.67088481348,"upper_bound":32821.22382137809},"point_estimate":32355.703671032214,"standard_error":217.366784922202},"StdDev":{"confidence_interval":{"confidence_level":0.95,"lower_bound":5865.122128071181,"upper_bound":28876.38651319062},"point_estimate":18383.620621431466,"standard_error":6366.780299966609}}