{"Mean":{"confidence_interval":{"confidence_level":0.95,"lower_bound":-0.00340211107049372,"upper_bound":0.009257979250291617},"point_estimate":0.0029101711682546494,"standard_error":0.003210293637675951},"Median":{"confidence_interval":{"confidence_level":0.95,"lower_bound":-0.0008840828608428497,"upper_bound":0.006209576828816399},"point_estimate":0.0030706999177374517,"standard_error":0.0017957078271052477}}