{"Mean":{"confidence_interval":{"confidence_level":0.95,"lower_bound":-0.375366820857588,"upper_bound":-0.14969157822536247},"point_estimate":-0.26839434097209236,"standard_error":0.057632148148383223},"Median":{"confidence_interval":{"confidence_level":0.95,"lower_bound":-0.21744310933233701,"upper_bound":-0.09800948484471284},"point_estimate":-0.16456253491409067,"standard_error":0.033244571158277426}}