{"Mean":{"confidence_interval":{"confidence_level":0.95,"lower_bound":-0.26228526074250347,"upper_bound":-0.20367106784942005},"point_estimate":-0.23270336343837184,"standard_error":0.014956733211167762},"Median":{"confidence_interval":{"confidence_level":0.95,"lower_bound":-0.22652300612507825,"upper_bound":-0.1702288691575763},"point_estimate":-0.19153219835235602,"standard_error":0.01653401688587676}}