{"Mean":{"confidence_interval":{"confidence_level":0.95,"lower_bound":118901.35012946528,"upper_bound":143204.91253166823},"point_estimate":129144.96944799586,"standard_error":6278.243349796789},"Median":{"confidence_interval":{"confidence_level":0.95,"lower_bound":111407.45257452574,"upper_bound":114481.46376811594},"point_estimate":112319.64348734256,"standard_error":692.6398194436684},"MedianAbsDev":{"confidence_interval":{"confidence_level":0.95,"lower_bound":2809.344001085711,"upper_bound":6664.151441594421},"point_estimate":4739.329084193417,"standard_error":973.274456450501},"Slope":{"confidence_interval":{"confidence_level":0.95,"lower_bound":110419.32041500058,"upper_bound":112283.38344861413},"point_estimate":111343.58906227937,"standard_error":476.5684411424646},"StdDev":{"confidence_interval":{"confidence_level":0.95,"lower_bound":20577.731533180347,"upper_bound":98628.47237707673},"point_estimate":63018.748517927444,"standard_error":21254.915363214557}}