{"Mean":{"confidence_interval":{"confidence_level":0.95,"lower_bound":36496.830928682895,"upper_bound":44143.97911517466},"point_estimate":39782.98176085442,"standard_error":1975.4126328404227},"Median":{"confidence_interval":{"confidence_level":0.95,"lower_bound":33704.28746274218,"upper_bound":35697.806178861785},"point_estimate":34197.614713469695,"standard_error":686.020614394071},"MedianAbsDev":{"confidence_interval":{"confidence_level":0.95,"lower_bound":1953.4791492192594,"upper_bound":3848.140122681861},"point_estimate":2630.2182807302243,"standard_error":537.1920272081366},"Slope":{"confidence_interval":{"confidence_level":0.95,"lower_bound":33393.08190714357,"upper_bound":34499.18952687857},"point_estimate":33935.99372966849,"standard_error":281.69181002181716},"StdDev":{"confidence_interval":{"confidence_level":0.95,"lower_bound":7657.480577817058,"upper_bound":30509.051824576873},"point_estimate":19835.775380812218,"standard_error":6271.589717108191}}