{"Mean":{"confidence_interval":{"confidence_level":0.95,"lower_bound":31628.507207659546,"upper_bound":42909.11072025235},"point_estimate":36529.45108882553,"standard_error":2900.046981735904},"Median":{"confidence_interval":{"confidence_level":0.95,"lower_bound":26147.874556213017,"upper_bound":28849.08581894296},"point_estimate":27895.80112540968,"standard_error":563.725481767871},"MedianAbsDev":{"confidence_interval":{"confidence_level":0.95,"lower_bound":2779.249254120431,"upper_bound":6509.892136060789},"point_estimate":4869.677880514259,"standard_error":819.2060372086751},"Slope":{"confidence_interval":{"confidence_level":0.95,"lower_bound":26760.58536849034,"upper_bound":30106.573022746918},"point_estimate":28271.50992546786,"standard_error":854.6285440743151},"StdDev":{"confidence_interval":{"confidence_level":0.95,"lower_bound":12162.08057338573,"upper_bound":44289.07857603935},"point_estimate":29075.07895700111,"standard_error":8854.573329279403}}