{"Mean":{"confidence_interval":{"confidence_level":0.95,"lower_bound":232622.8447010809,"upper_bound":280464.27474856604},"point_estimate":253123.91516243652,"standard_error":12348.288806104652},"Median":{"confidence_interval":{"confidence_level":0.95,"lower_bound":215639.92852316605,"upper_bound":227776.54594594595},"point_estimate":219436.61083333334,"standard_error":2716.9023247721507},"MedianAbsDev":{"confidence_interval":{"confidence_level":0.95,"lower_bound":12759.608187314781,"upper_bound":26429.1130976781},"point_estimate":18408.075407300035,"standard_error":3093.5040788644883},"Slope":{"confidence_interval":{"confidence_level":0.95,"lower_bound":209366.87625398536,"upper_bound":214030.72666878108},"point_estimate":211594.10642825477,"standard_error":1185.777737916377},"StdDev":{"confidence_interval":{"confidence_level":0.95,"lower_bound":45417.77046368484,"upper_bound":191016.5419788563},"point_estimate":123994.6962939446,"standard_error":39307.730421771}}