{"Mean":{"confidence_interval":{"confidence_level":0.95,"lower_bound":-0.11216495021096023,"upper_bound":0.10101757381996726},"point_estimate":-0.013720440644989118,"standard_error":0.05378643157163482},"Median":{"confidence_interval":{"confidence_level":0.95,"lower_bound":-0.028154826240127218,"upper_bound":0.018144770696489454},"point_estimate":-0.00022396574144400994,"standard_error":0.011630688191512997}}