{"Mean":{"confidence_interval":{"confidence_level":0.95,"lower_bound":28206.31645728877,"upper_bound":33644.526122883144},"point_estimate":30557.39173386159,"standard_error":1399.0628989846875},"Median":{"confidence_interval":{"confidence_level":0.95,"lower_bound":25835.139299242423,"upper_bound":27513.73125},"point_estimate":26386.272875375376,"standard_error":481.6152008909523},"MedianAbsDev":{"confidence_interval":{"confidence_level":0.95,"lower_bound":1315.5378782705875,"upper_bound":3213.2376861294138},"point_estimate":2019.4481816412408,"standard_error":476.1611698465394},"Slope":{"confidence_interval":{"confidence_level":0.95,"lower_bound":25521.288261385205,"upper_bound":26146.108330499403},"point_estimate":25808.192376828727,"standard_error":159.6042560530583},"StdDev":{"confidence_interval":{"confidence_level":0.95,"lower_bound":5828.178955554905,"upper_bound":21445.082898188655},"point_estimate":14055.211562432532,"standard_error":4274.93338762303}}