{"Mean":{"confidence_interval":{"confidence_level":0.95,"lower_bound":-0.10437318599271896,"upper_bound":0.14874235171789474},"point_estimate":0.014272239044021973,"standard_error":0.06467768619862806},"Median":{"confidence_interval":{"confidence_level":0.95,"lower_bound":-0.03413733382163453,"upper_bound":0.045605363065369664},"point_estimate":-0.0033277858845038866,"standard_error":0.020416372899332492}}