{"Mean":{"confidence_interval":{"confidence_level":0.95,"lower_bound":-0.12404191052196566,"upper_bound":0.1543038450845879},"point_estimate":0.003169863309333998,"standard_error":0.0710427068543096},"Median":{"confidence_interval":{"confidence_level":0.95,"lower_bound":-0.026224900736961043,"upper_bound":0.038726991150977996},"point_estimate":0.0033649914593663066,"standard_error":0.017360804895930452}}