{"Mean":{"confidence_interval":{"confidence_level":0.95,"lower_bound":-0.1288540523020168,"upper_bound":0.15842047915351065},"point_estimate":0.004898514238249163,"standard_error":0.07266258537929084},"Median":{"confidence_interval":{"confidence_level":0.95,"lower_bound":-0.022208839712527295,"upper_bound":0.022632896229401567},"point_estimate":-0.0022295066160585852,"standard_error":0.011317175040164423}}