{"Mean":{"confidence_interval":{"confidence_level":0.95,"lower_bound":-0.14950748795261698,"upper_bound":0.14612241358609354},"point_estimate":-0.018739319171857782,"standard_error":0.0753341602294181},"Median":{"confidence_interval":{"confidence_level":0.95,"lower_bound":-0.040529027800750926,"upper_bound":0.030350718702637725},"point_estimate":-0.008205887235366749,"standard_error":0.016663516294262284}}