{"Mean":{"confidence_interval":{"confidence_level":0.95,"lower_bound":15619.54476200089,"upper_bound":18672.583670118016},"point_estimate":16913.505152549882,"standard_error":794.3846384207545},"Median":{"confidence_interval":{"confidence_level":0.95,"lower_bound":14563.514495102276,"upper_bound":15533.500366300366},"point_estimate":14831.542422502871,"standard_error":232.3092393337434},"MedianAbsDev":{"confidence_interval":{"confidence_level":0.95,"lower_bound":916.9070910257102,"upper_bound":2029.6520910674199},"point_estimate":1360.9088842335482,"standard_error":279.30686768622},"Slope":{"confidence_interval":{"confidence_level":0.95,"lower_bound":14551.700519340911,"upper_bound":14957.412729788388},"point_estimate":14746.587154175808,"standard_error":103.29852476419414},"StdDev":{"confidence_interval":{"confidence_level":0.95,"lower_bound":2629.637387542726,"upper_bound":12609.941966860446},"point_estimate":8013.432412655102,"standard_error":2780.0032595822927}}