{"Mean":{"confidence_interval":{"confidence_level":0.95,"lower_bound":149038527.00761032,"upper_bound":150989678.04641014},"point_estimate":149819937.1734265,"standard_error":513826.68185690185},"Median":{"confidence_interval":{"confidence_level":0.95,"lower_bound":148472776.0,"upper_bound":148961333.89157706},"point_estimate":148641042.6409794,"standard_error":125338.49382742064},"MedianAbsDev":{"confidence_interval":{"confidence_level":0.95,"lower_bound":648788.6116663781,"upper_bound":1239855.2847688445},"point_estimate":822040.3473578991,"standard_error":151824.48653773594},"Slope":{"confidence_interval":{"confidence_level":0.95,"lower_bound":148633030.63599214,"upper_bound":150722900.9494058},"point_estimate":149464464.9464253,"standard_error":547540.7588917405},"StdDev":{"confidence_interval":{"confidence_level":0.95,"lower_bound":1686691.1631177922,"upper_bound":8389949.199087571},"point_estimate":5163479.795404285,"standard_error":2169871.115875542}}