{"Mean":{"confidence_interval":{"confidence_level":0.95,"lower_bound":-0.11044097698351325,"upper_bound":0.1671397855585209},"point_estimate":0.020363412373186618,"standard_error":0.07003283522927595},"Median":{"confidence_interval":{"confidence_level":0.95,"lower_bound":0.00046289793391895984,"upper_bound":0.04686082993752949},"point_estimate":0.019029199203681513,"standard_error":0.011717489735695879}}