{"Mean":{"confidence_interval":{"confidence_level":0.95,"lower_bound":-0.11772485269400748,"upper_bound":0.19338590301088893},"point_estimate":0.014776604293107676,"standard_error":0.07775267497510122},"Median":{"confidence_interval":{"confidence_level":0.95,"lower_bound":-0.03916060389416143,"upper_bound":0.03318502764697273},"point_estimate":-0.003734129661677632,"standard_error":0.017593066333357207}}