{"Mean":{"confidence_interval":{"confidence_level":0.95,"lower_bound":12259.516026626528,"upper_bound":14548.01490836442},"point_estimate":13212.279346681,"standard_error":597.7927722486279},"Median":{"confidence_interval":{"confidence_level":0.95,"lower_bound":11625.692948717948,"upper_bound":11956.130386048342},"point_estimate":11781.853596349974,"standard_error":92.23591580353252},"MedianAbsDev":{"confidence_interval":{"confidence_level":0.95,"lower_bound":523.5766216511587,"upper_bound":1234.0980082518242},"point_estimate":753.5200211240477,"standard_error":194.43265509214254},"Slope":{"confidence_interval":{"confidence_level":0.95,"lower_bound":11706.107772481857,"upper_bound":12034.82396145318},"point_estimate":11868.49587154072,"standard_error":84.111167999604},"StdDev":{"confidence_interval":{"confidence_level":0.95,"lower_bound":1858.3721677205222,"upper_bound":9591.929824491466},"point_estimate":6028.158950531408,"standard_error":2232.7586520607915}}