{"Mean":{"confidence_interval":{"confidence_level":0.95,"lower_bound":-0.4097706823176325,"upper_bound":0.7148080310226749},"point_estimate":0.011786655825261505,"standard_error":0.29100073783376446},"Median":{"confidence_interval":{"confidence_level":0.95,"lower_bound":-0.1877423406716744,"upper_bound":0.22314261327213858},"point_estimate":0.02266991914776706,"standard_error":0.10188396095025112}}