{"Mean":{"confidence_interval":{"confidence_level":0.95,"lower_bound":33126.70439934885,"upper_bound":39323.003146236566},"point_estimate":35824.31373243411,"standard_error":1598.9629961232117},"Median":{"confidence_interval":{"confidence_level":0.95,"lower_bound":30954.795837159472,"upper_bound":31654.704700061844},"point_estimate":31190.984836314958,"standard_error":169.62580750286673},"MedianAbsDev":{"confidence_interval":{"confidence_level":0.95,"lower_bound":1491.0058545415654,"upper_bound":2737.393749516844},"point_estimate":2009.5429697182528,"standard_error":326.77455449023506},"Slope":{"confidence_interval":{"confidence_level":0.95,"lower_bound":30464.564536973132,"upper_bound":30928.738030718498},"point_estimate":30686.37209926963,"standard_error":118.4031108632874},"StdDev":{"confidence_interval":{"confidence_level":0.95,"lower_bound":6678.293896766378,"upper_bound":24336.971036495645},"point_estimate":16034.969146607633,"standard_error":4755.795914767212}}