{"Mean":{"confidence_interval":{"confidence_level":0.95,"lower_bound":19756312.006013688,"upper_bound":20024665.884083137},"point_estimate":19875650.021461584,"standard_error":68933.08229158276},"Median":{"confidence_interval":{"confidence_level":0.95,"lower_bound":19620701.233333334,"upper_bound":19754648.458333332},"point_estimate":19672363.214871794,"standard_error":34983.414983242605},"MedianAbsDev":{"confidence_interval":{"confidence_level":0.95,"lower_bound":187581.31124644593,"upper_bound":341947.6874901114},"point_estimate":257403.01410392366,"standard_error":40579.47217126746},"Slope":{"confidence_interval":{"confidence_level":0.95,"lower_bound":19552532.56238063,"upper_bound":19629386.58572774},"point_estimate":19589143.355345055,"standard_error":19591.502459028212},"StdDev":{"confidence_interval":{"confidence_level":0.95,"lower_bound":350916.57286731974,"upper_bound":1017760.7987970131},"point_estimate":691867.2860758645,"standard_error":179460.90519454775}}