{"Mean":{"confidence_interval":{"confidence_level":0.95,"lower_bound":3906393.7680788985,"upper_bound":4103923.081054034},"point_estimate":3991538.049985869,"standard_error":51140.8580443282},"Median":{"confidence_interval":{"confidence_level":0.95,"lower_bound":3825857.25,"upper_bound":3862917.164556962},"point_estimate":3833960.978030303,"standard_error":9162.309825228136},"MedianAbsDev":{"confidence_interval":{"confidence_level":0.95,"lower_bound":49857.01677857323,"upper_bound":98697.95059373637},"point_estimate":68697.88945679608,"standard_error":13004.23533034993},"Slope":{"confidence_interval":{"confidence_level":0.95,"lower_bound":3806006.6835933574,"upper_bound":3830034.4989428283},"point_estimate":3817739.662213684,"standard_error":6113.357627499528},"StdDev":{"confidence_interval":{"confidence_level":0.95,"lower_bound":208673.79371119544,"upper_bound":789393.0961416956},"point_estimate":513601.23405284225,"standard_error":162150.97023364573}}