{"Mean":{"confidence_interval":{"confidence_level":0.95,"lower_bound":-0.16718222818011363,"upper_bound":0.07648092952416242},"point_estimate":-0.05412966698636301,"standard_error":0.06164494642613032},"Median":{"confidence_interval":{"confidence_level":0.95,"lower_bound":-0.036116265548821525,"upper_bound":0.010051637776419264},"point_estimate":-0.013723412391692391,"standard_error":0.011539380907184427}}