{"Mean":{"confidence_interval":{"confidence_level":0.95,"lower_bound":-0.0007891765187568983,"upper_bound":0.007332261356900963},"point_estimate":0.003221569331880225,"standard_error":0.002060001517493266},"Median":{"confidence_interval":{"confidence_level":0.95,"lower_bound":0.002293070991946783,"upper_bound":0.009469141624514732},"point_estimate":0.005766466406386117,"standard_error":0.0017850458108739202}}