{"Mean":{"confidence_interval":{"confidence_level":0.95,"lower_bound":-0.2809460277962845,"upper_bound":0.9244427746336429},"point_estimate":0.164544705873241,"standard_error":0.3105099375854598},"Median":{"confidence_interval":{"confidence_level":0.95,"lower_bound":-0.03813942981480567,"upper_bound":0.2904850986997216},"point_estimate":0.1460090671018739,"standard_error":0.08380464078813334}}