{"Mean":{"confidence_interval":{"confidence_level":0.95,"lower_bound":680714.6499243578,"upper_bound":788832.5779802346},"point_estimate":727152.5752072155,"standard_error":27900.25078795479},"Median":{"confidence_interval":{"confidence_level":0.95,"lower_bound":643093.801724138,"upper_bound":662312.4545148248},"point_estimate":650426.0799418604,"standard_error":5272.303419873985},"MedianAbsDev":{"confidence_interval":{"confidence_level":0.95,"lower_bound":30464.455289365727,"upper_bound":63105.96766668759},"point_estimate":42701.70738759099,"standard_error":8190.9427859058715},"Slope":{"confidence_interval":{"confidence_level":0.95,"lower_bound":626036.383415194,"upper_bound":640397.4381562626},"point_estimate":633014.8287113935,"standard_error":3656.041164526239},"StdDev":{"confidence_interval":{"confidence_level":0.95,"lower_bound":108801.63846966994,"upper_bound":432974.44885275734},"point_estimate":280844.9207053905,"standard_error":89795.08955929635}}