{"Mean":{"confidence_interval":{"confidence_level":0.95,"lower_bound":342611.47964814113,"upper_bound":401179.1211166331},"point_estimate":368846.9556924153,"standard_error":15080.258563993773},"Median":{"confidence_interval":{"confidence_level":0.95,"lower_bound":311486.1341575092,"upper_bound":330408.94476744183},"point_estimate":318326.0533854166,"standard_error":4639.8764134432595},"MedianAbsDev":{"confidence_interval":{"confidence_level":0.95,"lower_bound":19833.315298935573,"upper_bound":43574.27801035033},"point_estimate":30985.688238435672,"standard_error":6001.500707536828},"Slope":{"confidence_interval":{"confidence_level":0.95,"lower_bound":307127.25784323184,"upper_bound":321153.0523740475},"point_estimate":313801.59150879266,"standard_error":3564.944799208769},"StdDev":{"confidence_interval":{"confidence_level":0.95,"lower_bound":79370.32764635404,"upper_bound":217468.7586122102},"point_estimate":151430.89284302338,"standard_error":36243.95145638738}}