{"Mean":{"confidence_interval":{"confidence_level":0.95,"lower_bound":146545519.8088789,"upper_bound":147249721.6710632},"point_estimate":146872580.0520389,"standard_error":179915.68439855354},"Median":{"confidence_interval":{"confidence_level":0.95,"lower_bound":146262943.93680853,"upper_bound":146617951.26875},"point_estimate":146471127.0762987,"standard_error":87822.18396692735},"MedianAbsDev":{"confidence_interval":{"confidence_level":0.95,"lower_bound":673335.5892648825,"upper_bound":1027477.1436371175},"point_estimate":874277.8759730414,"standard_error":88284.7262467488},"Slope":{"confidence_interval":{"confidence_level":0.95,"lower_bound":146111878.9763996,"upper_bound":146416705.3580587},"point_estimate":146257699.72104034,"standard_error":77572.228992961},"StdDev":{"confidence_interval":{"confidence_level":0.95,"lower_bound":1177110.2126580414,"upper_bound":2373549.706465766},"point_estimate":1806491.6076934312,"standard_error":307276.5859978657}}