{"Mean":{"confidence_interval":{"confidence_level":0.95,"lower_bound":35740.087543182985,"upper_bound":42527.63856381493},"point_estimate":38617.82991220966,"standard_error":1764.2901359788057},"Median":{"confidence_interval":{"confidence_level":0.95,"lower_bound":33533.92838709678,"upper_bound":34570.377578001055},"point_estimate":34094.102536456034,"standard_error":249.7989973258899},"MedianAbsDev":{"confidence_interval":{"confidence_level":0.95,"lower_bound":1267.9230593892025,"upper_bound":2543.2375708345126},"point_estimate":1839.811203393855,"standard_error":309.8686780209957},"Slope":{"confidence_interval":{"confidence_level":0.95,"lower_bound":33289.91154769115,"upper_bound":34018.705239234405},"point_estimate":33628.67738198182,"standard_error":185.9160386492685},"StdDev":{"confidence_interval":{"confidence_level":0.95,"lower_bound":5813.732144109705,"upper_bound":27843.220703617757},"point_estimate":17759.416115068198,"standard_error":6137.110893872638}}