{"Mean":{"confidence_interval":{"confidence_level":0.95,"lower_bound":7915069.830834269,"upper_bound":8143489.860035236},"point_estimate":8011917.211028632,"standard_error":59052.12985476634},"Median":{"confidence_interval":{"confidence_level":0.95,"lower_bound":7823724.315789473,"upper_bound":7918709.703544576},"point_estimate":7870578.332744145,"standard_error":21893.782651644524},"MedianAbsDev":{"confidence_interval":{"confidence_level":0.95,"lower_bound":103470.24790499258,"upper_bound":188042.669319329},"point_estimate":125247.82241341019,"standard_error":21336.148622997403},"Slope":{"confidence_interval":{"confidence_level":0.95,"lower_bound":7800575.383309467,"upper_bound":7839473.930454017},"point_estimate":7819057.194798286,"standard_error":9960.151388304312},"StdDev":{"confidence_interval":{"confidence_level":0.95,"lower_bound":214204.30763933284,"upper_bound":929993.0570624592},"point_estimate":596257.8083862191,"standard_error":202357.55340486046}}