{"Mean":{"confidence_interval":{"confidence_level":0.95,"lower_bound":11680.404139635975,"upper_bound":14138.864595523946},"point_estimate":12692.123505150283,"standard_error":642.5896468773611},"Median":{"confidence_interval":{"confidence_level":0.95,"lower_bound":10908.882214427087,"upper_bound":11490.638151283678},"point_estimate":11109.69421877082,"standard_error":135.46141450946112},"MedianAbsDev":{"confidence_interval":{"confidence_level":0.95,"lower_bound":639.4584322198443,"upper_bound":1366.8625016981862},"point_estimate":942.1661931683328,"standard_error":185.19202957913427},"Slope":{"confidence_interval":{"confidence_level":0.95,"lower_bound":10944.920858637244,"upper_bound":11271.595393938023},"point_estimate":11105.987465917018,"standard_error":83.45789467054058},"StdDev":{"confidence_interval":{"confidence_level":0.95,"lower_bound":2002.539997448213,"upper_bound":10333.0618819732},"point_estimate":6461.248883393901,"standard_error":2453.991471101758}}