{"Mean":{"confidence_interval":{"confidence_level":0.95,"lower_bound":-0.08643571423248281,"upper_bound":0.10016887705298226},"point_estimate":-0.0012963802361168897,"standard_error":0.04749239155454272},"Median":{"confidence_interval":{"confidence_level":0.95,"lower_bound":-0.02645679011694635,"upper_bound":0.019958756230193917},"point_estimate":-0.010041563039268842,"standard_error":0.011589404821767554}}