{"Mean":{"confidence_interval":{"confidence_level":0.95,"lower_bound":-0.30977817428874227,"upper_bound":0.4471820505048796},"point_estimate":0.005651475512903126,"standard_error":0.1951679358832409},"Median":{"confidence_interval":{"confidence_level":0.95,"lower_bound":-0.10438457416079797,"upper_bound":0.1269937333238198},"point_estimate":0.014417944011276163,"standard_error":0.06083427230136601}}