{"Mean":{"confidence_interval":{"confidence_level":0.95,"lower_bound":-0.6485463494979451,"upper_bound":-0.4197634232515674},"point_estimate":-0.5499382578284856,"standard_error":0.05868864181867772},"Median":{"confidence_interval":{"confidence_level":0.95,"lower_bound":-0.4211219859445675,"upper_bound":-0.25851508170475146},"point_estimate":-0.32499002542586697,"standard_error":0.04347074765704064}}