{"Mean":{"confidence_interval":{"confidence_level":0.95,"lower_bound":79772991.2012227,"upper_bound":80253405.76354499},"point_estimate":79988822.64203952,"standard_error":122835.59730521782},"Median":{"confidence_interval":{"confidence_level":0.95,"lower_bound":79501722.72413793,"upper_bound":79766756.3150685},"point_estimate":79597570.0596591,"standard_error":64650.74839154014},"MedianAbsDev":{"confidence_interval":{"confidence_level":0.95,"lower_bound":360834.1985586506,"upper_bound":739230.7061710281},"point_estimate":468800.80116974085,"standard_error":101194.942383722},"Slope":{"confidence_interval":{"confidence_level":0.95,"lower_bound":79441049.05200344,"upper_bound":79636147.43618043},"point_estimate":79534611.80249445,"standard_error":49904.220058175626},"StdDev":{"confidence_interval":{"confidence_level":0.95,"lower_bound":734315.681207215,"upper_bound":1779535.3331949443},"point_estimate":1237288.2829783699,"standard_error":305179.1277221308}}