{"Mean":{"confidence_interval":{"confidence_level":0.95,"lower_bound":-0.11319031736625558,"upper_bound":0.14961167244460902},"point_estimate":0.0012914571106461548,"standard_error":0.06711340115656471},"Median":{"confidence_interval":{"confidence_level":0.95,"lower_bound":-0.030726912465628975,"upper_bound":0.037635811217547},"point_estimate":0.003037931185579046,"standard_error":0.018064446696048737}}