{"Mean":{"confidence_interval":{"confidence_level":0.95,"lower_bound":-0.14066555393619304,"upper_bound":-0.10122632853935995},"point_estimate":-0.12011683103412696,"standard_error":0.010043321533387274},"Median":{"confidence_interval":{"confidence_level":0.95,"lower_bound":-0.12579960955689207,"upper_bound":-0.1076495518408832},"point_estimate":-0.11596058239508855,"standard_error":0.0048248098796529765}}