{"Mean":{"confidence_interval":{"confidence_level":0.95,"lower_bound":-0.027970633131885858,"upper_bound":0.03898683694214199},"point_estimate":0.003036311057114771,"standard_error":0.01710555066291446},"Median":{"confidence_interval":{"confidence_level":0.95,"lower_bound":-0.005025151332444966,"upper_bound":0.009071089007549382},"point_estimate":0.004039101611994278,"standard_error":0.003513033955914945}}