{"Mean":{"confidence_interval":{"confidence_level":0.95,"lower_bound":2746188.9115740503,"upper_bound":2930644.3391602207},"point_estimate":2825891.904313555,"standard_error":47579.99220138038},"Median":{"confidence_interval":{"confidence_level":0.95,"lower_bound":2673140.471260221,"upper_bound":2718188.615502451},"point_estimate":2693168.602356322,"standard_error":11567.021488218206},"MedianAbsDev":{"confidence_interval":{"confidence_level":0.95,"lower_bound":64750.04091205985,"upper_bound":122412.2184958393},"point_estimate":84666.32016561863,"standard_error":14134.424145996383},"Slope":{"confidence_interval":{"confidence_level":0.95,"lower_bound":2650948.7613013065,"upper_bound":2688031.0410220395},"point_estimate":2667140.348565095,"standard_error":9514.685295377285},"StdDev":{"confidence_interval":{"confidence_level":0.95,"lower_bound":202781.60072920474,"upper_bound":729690.5171537971},"point_estimate":479228.281749767,"standard_error":145710.67303322506}}