{"Mean":{"confidence_interval":{"confidence_level":0.95,"lower_bound":18927.798296934612,"upper_bound":22221.15131600051},"point_estimate":20327.82591651306,"standard_error":853.4681620669636},"Median":{"confidence_interval":{"confidence_level":0.95,"lower_bound":17675.380214505534,"upper_bound":18522.37091052424},"point_estimate":18126.441414496832,"standard_error":254.17149546859198},"MedianAbsDev":{"confidence_interval":{"confidence_level":0.95,"lower_bound":1148.3647012761871,"upper_bound":2318.3124491880785},"point_estimate":1817.1930292677262,"standard_error":345.07654523452305},"Slope":{"confidence_interval":{"confidence_level":0.95,"lower_bound":17371.826478467323,"upper_bound":17881.618517097726},"point_estimate":17611.225442614083,"standard_error":129.6405745750876},"StdDev":{"confidence_interval":{"confidence_level":0.95,"lower_bound":3099.2917713741285,"upper_bound":13414.249545611165},"point_estimate":8584.206932856363,"standard_error":2908.1292726263264}}