{"Mean":{"confidence_interval":{"confidence_level":0.95,"lower_bound":15495.00688033722,"upper_bound":18656.93683254043},"point_estimate":16823.001084519423,"standard_error":826.2027806469266},"Median":{"confidence_interval":{"confidence_level":0.95,"lower_bound":14379.368394840454,"upper_bound":15210.587370242214},"point_estimate":14561.898910399603,"standard_error":190.16423299645436},"MedianAbsDev":{"confidence_interval":{"confidence_level":0.95,"lower_bound":650.1606078914302,"upper_bound":1611.8916278408135},"point_estimate":967.4917111575206,"standard_error":240.44536828674057},"Slope":{"confidence_interval":{"confidence_level":0.95,"lower_bound":14441.898835470693,"upper_bound":14773.668316853013},"point_estimate":14601.441078721129,"standard_error":84.68562836540373},"StdDev":{"confidence_interval":{"confidence_level":0.95,"lower_bound":2570.5407860348078,"upper_bound":13173.498311834644},"point_estimate":8330.752840242452,"standard_error":2998.107481720461}}