{"Mean":{"confidence_interval":{"confidence_level":0.95,"lower_bound":996869.7656341144,"upper_bound":1082781.4825735895},"point_estimate":1034550.5653072075,"standard_error":22124.970780827658},"Median":{"confidence_interval":{"confidence_level":0.95,"lower_bound":959483.85,"upper_bound":981331.0098039216},"point_estimate":971887.6034425687,"standard_error":5464.574738139569},"MedianAbsDev":{"confidence_interval":{"confidence_level":0.95,"lower_bound":27139.657850003525,"upper_bound":55742.063087241644},"point_estimate":38839.763099408665,"standard_error":7086.340165257901},"Slope":{"confidence_interval":{"confidence_level":0.95,"lower_bound":950938.2099772216,"upper_bound":965548.9875140153},"point_estimate":958133.0311482192,"standard_error":3731.834873037501},"StdDev":{"confidence_interval":{"confidence_level":0.95,"lower_bound":96647.13102387947,"upper_bound":333133.0742007273},"point_estimate":222903.15613394743,"standard_error":62532.412149580705}}