{"Mean":{"confidence_interval":{"confidence_level":0.95,"lower_bound":-0.17698632423320362,"upper_bound":0.051135930370968065},"point_estimate":-0.06952386355910878,"standard_error":0.057679327763358705},"Median":{"confidence_interval":{"confidence_level":0.95,"lower_bound":-0.059048338670126314,"upper_bound":0.0033174725090570067},"point_estimate":-0.02445404251676575,"standard_error":0.0160088064931179}}