{"Mean":{"confidence_interval":{"confidence_level":0.95,"lower_bound":3045996.7298181606,"upper_bound":6900242.409156278},"point_estimate":4677622.258585727,"standard_error":1001433.2149866568},"Median":{"confidence_interval":{"confidence_level":0.95,"lower_bound":1636569.7049180327,"upper_bound":2309231.7603077814},"point_estimate":1908101.4074509805,"standard_error":178651.4711253892},"MedianAbsDev":{"confidence_interval":{"confidence_level":0.95,"lower_bound":652458.5574176991,"upper_bound":1533047.214696721},"point_estimate":1005713.8454118338,"standard_error":231692.70013711753},"Slope":{"confidence_interval":{"confidence_level":0.95,"lower_bound":1426442.183645623,"upper_bound":1611495.214493274},"point_estimate":1506984.2331476281,"standard_error":47335.84534582365},"StdDev":{"confidence_interval":{"confidence_level":0.95,"lower_bound":3418226.2374367393,"upper_bound":15790267.504947668},"point_estimate":10081671.449604606,"standard_error":3428308.532492652}}