{"Mean":{"confidence_interval":{"confidence_level":0.95,"lower_bound":62059.51222250433,"upper_bound":63309.66035991287},"point_estimate":62672.781332546445,"standard_error":318.41726698081607},"Median":{"confidence_interval":{"confidence_level":0.95,"lower_bound":61328.16421568627,"upper_bound":63073.95964947622},"point_estimate":61944.79110105581,"standard_error":465.39238961200135},"MedianAbsDev":{"confidence_interval":{"confidence_level":0.95,"lower_bound":2674.1323919457136,"upper_bound":4025.633523824838},"point_estimate":3457.3763984898137,"standard_error":347.34895017045056},"Slope":{"confidence_interval":{"confidence_level":0.95,"lower_bound":60848.65133436189,"upper_bound":61937.809335528305},"point_estimate":61368.56690357183,"standard_error":278.528667303362},"StdDev":{"confidence_interval":{"confidence_level":0.95,"lower_bound":2676.8465001052255,"upper_bound":3722.3432683174706},"point_estimate":3208.171982123892,"standard_error":268.2457397490224}}