{"Mean":{"confidence_interval":{"confidence_level":0.95,"lower_bound":14255.441045261385,"upper_bound":17583.230336446453},"point_estimate":15640.95284046833,"standard_error":870.8008231804655},"Median":{"confidence_interval":{"confidence_level":0.95,"lower_bound":13358.075336700336,"upper_bound":13960.047048406139},"point_estimate":13697.12145130428,"standard_error":141.40076134488763},"MedianAbsDev":{"confidence_interval":{"confidence_level":0.95,"lower_bound":1109.5466478712824,"upper_bound":1904.611394873257},"point_estimate":1562.9871160530847,"standard_error":195.93858385013993},"Slope":{"confidence_interval":{"confidence_level":0.95,"lower_bound":13292.947266678008,"upper_bound":13764.38287052196},"point_estimate":13525.060328331341,"standard_error":120.53132429307212},"StdDev":{"confidence_interval":{"confidence_level":0.95,"lower_bound":2590.9347508441306,"upper_bound":13982.626077327955},"point_estimate":8755.740011821556,"standard_error":3292.645244350048}}