{"Mean":{"confidence_interval":{"confidence_level":0.95,"lower_bound":44218.45026109399,"upper_bound":51884.39725306742},"point_estimate":47509.53908116203,"standard_error":1983.4952670300283},"Median":{"confidence_interval":{"confidence_level":0.95,"lower_bound":41572.95532657657,"upper_bound":42988.883111111114},"point_estimate":42071.24643703704,"standard_error":344.8328026682097},"MedianAbsDev":{"confidence_interval":{"confidence_level":0.95,"lower_bound":1309.8742181372409,"upper_bound":2931.2644366407285},"point_estimate":1890.3340954281807,"standard_error":400.03816548386027},"Slope":{"confidence_interval":{"confidence_level":0.95,"lower_bound":41211.809444458224,"upper_bound":41890.95857011046},"point_estimate":41541.701772957,"standard_error":172.8611495727445},"StdDev":{"confidence_interval":{"confidence_level":0.95,"lower_bound":7179.724011026894,"upper_bound":31032.556021564753},"point_estimate":20023.385957294337,"standard_error":6484.6654093622565}}