{"Mean":{"confidence_interval":{"confidence_level":0.95,"lower_bound":25834.627488290873,"upper_bound":26274.599079900392},"point_estimate":26036.41981576609,"standard_error":112.34713661480066},"Median":{"confidence_interval":{"confidence_level":0.95,"lower_bound":25765.756756756757,"upper_bound":25943.04003234003},"point_estimate":25837.778271692747,"standard_error":45.173755895935514},"MedianAbsDev":{"confidence_interval":{"confidence_level":0.95,"lower_bound":315.88075876215714,"upper_bound":552.6647967685085},"point_estimate":431.1949168772292,"standard_error":59.966359963415925},"Slope":{"confidence_interval":{"confidence_level":0.95,"lower_bound":25911.02325149575,"upper_bound":26393.395068471193},"point_estimate":26107.135906845222,"standard_error":126.82441024252188},"StdDev":{"confidence_interval":{"confidence_level":0.95,"lower_bound":637.3759218478162,"upper_bound":1557.8238739733893},"point_estimate":1129.066746115666,"standard_error":237.58085686573492}}