{"Mean":{"confidence_interval":{"confidence_level":0.95,"lower_bound":-0.19370667511698092,"upper_bound":-0.14584083308658116},"point_estimate":-0.1693580223450023,"standard_error":0.012222769885493643},"Median":{"confidence_interval":{"confidence_level":0.95,"lower_bound":-0.1733996566577145,"upper_bound":-0.11735608898945761},"point_estimate":-0.14327058505720924,"standard_error":0.013782261214039648}}