{"Mean":{"confidence_interval":{"confidence_level":0.95,"lower_bound":-0.4427248820107722,"upper_bound":0.847255985083986},"point_estimate":0.00035284273045510517,"standard_error":0.33466003460798},"Median":{"confidence_interval":{"confidence_level":0.95,"lower_bound":-0.22539339894871274,"upper_bound":0.33097106109063956},"point_estimate":0.02952339899121892,"standard_error":0.14222047094561366}}