{"Mean":{"confidence_interval":{"confidence_level":0.95,"lower_bound":22699.97528639985,"upper_bound":27766.266877273563},"point_estimate":24841.343285444873,"standard_error":1318.7149949396621},"Median":{"confidence_interval":{"confidence_level":0.95,"lower_bound":21345.919841269842,"upper_bound":22389.667877647513},"point_estimate":21836.732151515153,"standard_error":296.72893236591875},"MedianAbsDev":{"confidence_interval":{"confidence_level":0.95,"lower_bound":1590.8001569855226,"upper_bound":2794.6926922091307},"point_estimate":2245.0996429917495,"standard_error":320.4164696979658},"Slope":{"confidence_interval":{"confidence_level":0.95,"lower_bound":21315.91471713331,"upper_bound":22182.378698428252},"point_estimate":21762.647501699423,"standard_error":220.5671345381696},"StdDev":{"confidence_interval":{"confidence_level":0.95,"lower_bound":4357.364137167238,"upper_bound":20738.807478563474},"point_estimate":13254.928950586956,"standard_error":4498.175668314687}}