{"Mean":{"confidence_interval":{"confidence_level":0.95,"lower_bound":-0.4164312639654448,"upper_bound":0.6646790911369356},"point_estimate":0.008230434877582793,"standard_error":0.27890280511430465},"Median":{"confidence_interval":{"confidence_level":0.95,"lower_bound":-0.2150576270600388,"upper_bound":0.2504838893496002},"point_estimate":-0.017228862182317006,"standard_error":0.1175720793306345}}