{"Mean":{"confidence_interval":{"confidence_level":0.95,"lower_bound":510245.9007521105,"upper_bound":1012362.323445883},"point_estimate":723091.2750808732,"standard_error":129770.80488777772},"Median":{"confidence_interval":{"confidence_level":0.95,"lower_bound":332972.7465469264,"upper_bound":412280.2},"point_estimate":370198.0004401761,"standard_error":20697.155895252585},"MedianAbsDev":{"confidence_interval":{"confidence_level":0.95,"lower_bound":89454.74753167792,"upper_bound":191184.94258293745},"point_estimate":138297.7699528648,"standard_error":27300.583953138022},"Slope":{"confidence_interval":{"confidence_level":0.95,"lower_bound":300810.1901342972,"upper_bound":326005.4583191601},"point_estimate":311852.9399131077,"standard_error":6446.316561002584},"StdDev":{"confidence_interval":{"confidence_level":0.95,"lower_bound":441635.7024035201,"upper_bound":2038961.3870600977},"point_estimate":1307208.8273109884,"standard_error":441234.1488674732}}