{"Mean":{"confidence_interval":{"confidence_level":0.95,"lower_bound":17152.517692898564,"upper_bound":20924.39881966407},"point_estimate":18735.422188536337,"standard_error":979.7696416080419},"Median":{"confidence_interval":{"confidence_level":0.95,"lower_bound":16211.795034767492,"upper_bound":16496.335781544258},"point_estimate":16371.800669722204,"standard_error":80.82446812801136},"MedianAbsDev":{"confidence_interval":{"confidence_level":0.95,"lower_bound":583.4893120989243,"upper_bound":1277.4633409363148},"point_estimate":828.8098604246312,"standard_error":183.96493843635807},"Slope":{"confidence_interval":{"confidence_level":0.95,"lower_bound":15918.36268797209,"upper_bound":16299.737323234789},"point_estimate":16109.469747603649,"standard_error":97.57406699107256},"StdDev":{"confidence_interval":{"confidence_level":0.95,"lower_bound":2985.7317577523545,"upper_bound":15488.587962193562},"point_estimate":9834.577522347683,"standard_error":3416.9840134353594}}