{"Mean":{"confidence_interval":{"confidence_level":0.95,"lower_bound":18510.06368136129,"upper_bound":22342.15961060424},"point_estimate":20097.83004585387,"standard_error":995.7420015793755},"Median":{"confidence_interval":{"confidence_level":0.95,"lower_bound":17441.779802955665,"upper_bound":18309.977767695098},"point_estimate":17833.39743001008,"standard_error":185.52352075715447},"MedianAbsDev":{"confidence_interval":{"confidence_level":0.95,"lower_bound":1325.4894528708728,"upper_bound":2295.653886551839},"point_estimate":1854.7559878348945,"standard_error":254.5106551382672},"Slope":{"confidence_interval":{"confidence_level":0.95,"lower_bound":17000.53592538285,"upper_bound":17502.933558722114},"point_estimate":17243.3717066596,"standard_error":127.96422888426589},"StdDev":{"confidence_interval":{"confidence_level":0.95,"lower_bound":3166.7579407193093,"upper_bound":15929.01551237583},"point_estimate":10017.251447300601,"standard_error":3669.936288181298}}