{"Mean":{"confidence_interval":{"confidence_level":0.95,"lower_bound":29152.84687341066,"upper_bound":34414.400464080034},"point_estimate":31405.334366225045,"standard_error":1362.4985434284208},"Median":{"confidence_interval":{"confidence_level":0.95,"lower_bound":27300.1006006006,"upper_bound":28296.716216216217},"point_estimate":27588.33760282021,"standard_error":237.4240881677785},"MedianAbsDev":{"confidence_interval":{"confidence_level":0.95,"lower_bound":1189.2413988681471,"upper_bound":2458.4235500869763},"point_estimate":1678.9868607462156,"standard_error":301.0707233850043},"Slope":{"confidence_interval":{"confidence_level":0.95,"lower_bound":27127.20960663993,"upper_bound":27980.95933071734},"point_estimate":27520.535039759725,"standard_error":218.4395455200736},"StdDev":{"confidence_interval":{"confidence_level":0.95,"lower_bound":4914.411356504476,"upper_bound":21258.168939940413},"point_estimate":13741.715775945057,"standard_error":4446.726239082007}}