{"Mean":{"confidence_interval":{"confidence_level":0.95,"lower_bound":12970.698116289992,"upper_bound":15814.354912851282},"point_estimate":14141.449789421185,"standard_error":741.2333617794812},"Median":{"confidence_interval":{"confidence_level":0.95,"lower_bound":12043.662911837022,"upper_bound":12682.892285861712},"point_estimate":12231.521666666667,"standard_error":166.19289180187417},"MedianAbsDev":{"confidence_interval":{"confidence_level":0.95,"lower_bound":692.5750052059522,"upper_bound":1468.4679690275395},"point_estimate":968.5794553345808,"standard_error":197.91399198830155},"Slope":{"confidence_interval":{"confidence_level":0.95,"lower_bound":12110.403327351289,"upper_bound":12487.29520984435},"point_estimate":12295.347630441851,"standard_error":95.96398319462791},"StdDev":{"confidence_interval":{"confidence_level":0.95,"lower_bound":2168.73988668962,"upper_bound":11920.154393443245},"point_estimate":7463.860448471717,"standard_error":2799.0663998835953}}