{"Mean":{"confidence_interval":{"confidence_level":0.95,"lower_bound":-0.41464604717292103,"upper_bound":-0.14496503320851867},"point_estimate":-0.2882488109494916,"standard_error":0.06941661771050105},"Median":{"confidence_interval":{"confidence_level":0.95,"lower_bound":-0.22553588729234608,"upper_bound":-0.09688894972655848},"point_estimate":-0.16999054472362773,"standard_error":0.03195277288038391}}