{"Mean":{"confidence_interval":{"confidence_level":0.95,"lower_bound":-0.14514468693886912,"upper_bound":0.08220124701565308},"point_estimate":-0.036818603626456725,"standard_error":0.057762032059496836},"Median":{"confidence_interval":{"confidence_level":0.95,"lower_bound":-0.04897562249011567,"upper_bound":0.03674024544706311},"point_estimate":0.0011081661232468232,"standard_error":0.021659855285890844}}