{"Mean":{"confidence_interval":{"confidence_level":0.95,"lower_bound":130037.8602919077,"upper_bound":151666.38051150486},"point_estimate":139210.70982019912,"standard_error":5584.434351890508},"Median":{"confidence_interval":{"confidence_level":0.95,"lower_bound":121543.58528951487,"upper_bound":126225.97222222222},"point_estimate":123747.99344848124,"standard_error":1062.4462340337877},"MedianAbsDev":{"confidence_interval":{"confidence_level":0.95,"lower_bound":5492.7372061510905,"upper_bound":10912.698767249172},"point_estimate":8270.889497246892,"standard_error":1402.3120863973418},"Slope":{"confidence_interval":{"confidence_level":0.95,"lower_bound":119490.10669389417,"upper_bound":121405.8338085108},"point_estimate":120384.71828579874,"standard_error":486.6587216511406},"StdDev":{"confidence_interval":{"confidence_level":0.95,"lower_bound":20914.429595091817,"upper_bound":87383.8723665504},"point_estimate":56193.80426318929,"standard_error":18711.17098663663}}