{"Mean":{"confidence_interval":{"confidence_level":0.95,"lower_bound":47187.70644190122,"upper_bound":55267.85997606437},"point_estimate":50639.66382281425,"standard_error":2091.409503467926},"Median":{"confidence_interval":{"confidence_level":0.95,"lower_bound":43726.96056100982,"upper_bound":46131.08571428571},"point_estimate":45012.06099099099,"standard_error":633.1740971319443},"MedianAbsDev":{"confidence_interval":{"confidence_level":0.95,"lower_bound":2552.369216265655,"upper_bound":5798.58222882837},"point_estimate":4061.2674846718173,"standard_error":830.1550546755833},"Slope":{"confidence_interval":{"confidence_level":0.95,"lower_bound":43184.08159289693,"upper_bound":44591.29505642266},"point_estimate":43826.61027716861,"standard_error":359.30444528532973},"StdDev":{"confidence_interval":{"confidence_level":0.95,"lower_bound":7763.670124747408,"upper_bound":32493.51252407},"point_estimate":20945.57548410094,"standard_error":6866.069444625257}}