{"Mean":{"confidence_interval":{"confidence_level":0.95,"lower_bound":74903.37216350547,"upper_bound":88162.41646398958},"point_estimate":80560.01034799076,"standard_error":3431.1457777915557},"Median":{"confidence_interval":{"confidence_level":0.95,"lower_bound":70886.8172413793,"upper_bound":72995.24390243902},"point_estimate":71772.95190972222,"standard_error":471.91347073144834},"MedianAbsDev":{"confidence_interval":{"confidence_level":0.95,"lower_bound":3304.2449352308586,"upper_bound":6067.150832128586},"point_estimate":4817.677754424676,"standard_error":700.8891225300669},"Slope":{"confidence_interval":{"confidence_level":0.95,"lower_bound":69211.98849508831,"upper_bound":70339.12259626701},"point_estimate":69753.26899955668,"standard_error":286.8825898290718},"StdDev":{"confidence_interval":{"confidence_level":0.95,"lower_bound":11616.078307749913,"upper_bound":53660.8647374127},"point_estimate":34509.88314951113,"standard_error":11481.323245039797}}