{"Mean":{"confidence_interval":{"confidence_level":0.95,"lower_bound":0.0005203873156152896,"upper_bound":0.006583951860084144},"point_estimate":0.003617014657416373,"standard_error":0.001545892085580334},"Median":{"confidence_interval":{"confidence_level":0.95,"lower_bound":0.0017282762669805773,"upper_bound":0.0059516836421287245},"point_estimate":0.0036239976530370033,"standard_error":0.0010639871085864523}}