{"Mean":{"confidence_interval":{"confidence_level":0.95,"lower_bound":-0.13834352554449356,"upper_bound":0.12458180174808549},"point_estimate":-0.017995517294680963,"standard_error":0.06649687916029534},"Median":{"confidence_interval":{"confidence_level":0.95,"lower_bound":-0.017283434167571388,"upper_bound":0.04607009197427869},"point_estimate":0.008958895759699326,"standard_error":0.015461754438917272}}