{"Mean":{"confidence_interval":{"confidence_level":0.95,"lower_bound":-0.11977253556579416,"upper_bound":0.16275084474544604},"point_estimate":0.009486191573350844,"standard_error":0.07151369522388264},"Median":{"confidence_interval":{"confidence_level":0.95,"lower_bound":-0.016228199215882477,"upper_bound":0.027588607222898798},"point_estimate":0.008391396320391653,"standard_error":0.011965580594346116}}