{"Mean":{"confidence_interval":{"confidence_level":0.95,"lower_bound":17928.249940948423,"upper_bound":21643.69665466283},"point_estimate":19531.254961467163,"standard_error":961.1251943985393},"Median":{"confidence_interval":{"confidence_level":0.95,"lower_bound":16464.638546119964,"upper_bound":17191.750048003072},"point_estimate":16751.333842197353,"standard_error":196.99026689819433},"MedianAbsDev":{"confidence_interval":{"confidence_level":0.95,"lower_bound":827.2808514246035,"upper_bound":1650.7418164238877},"point_estimate":1108.212708194563,"standard_error":208.28439331987335},"Slope":{"confidence_interval":{"confidence_level":0.95,"lower_bound":16313.243790697,"upper_bound":16625.947308127204},"point_estimate":16460.536227136436,"standard_error":79.85429637994292},"StdDev":{"confidence_interval":{"confidence_level":0.95,"lower_bound":3883.1333108545427,"upper_bound":14747.13466208761},"point_estimate":9627.164230596034,"standard_error":2961.077562024074}}