{"Mean":{"confidence_interval":{"confidence_level":0.95,"lower_bound":-0.13326425127196373,"upper_bound":0.14757365146657772},"point_estimate":0.002959177006237157,"standard_error":0.07114907826899942},"Median":{"confidence_interval":{"confidence_level":0.95,"lower_bound":-0.020185908178371403,"upper_bound":0.0322297941700187},"point_estimate":0.010375063604896928,"standard_error":0.013448815467081309}}