{"Mean":{"confidence_interval":{"confidence_level":0.95,"lower_bound":14656.68234317016,"upper_bound":17813.682150514665},"point_estimate":16019.34597675657,"standard_error":816.8596726479411},"Median":{"confidence_interval":{"confidence_level":0.95,"lower_bound":13607.2154212951,"upper_bound":13958.3625},"point_estimate":13785.949971856855,"standard_error":97.78221045160709},"MedianAbsDev":{"confidence_interval":{"confidence_level":0.95,"lower_bound":515.7364106505756,"upper_bound":1081.160891775845},"point_estimate":805.9987774063485,"standard_error":140.84404200172094},"Slope":{"confidence_interval":{"confidence_level":0.95,"lower_bound":13504.14311411876,"upper_bound":13724.551193398955},"point_estimate":13611.698469328276,"standard_error":56.16212982646681},"StdDev":{"confidence_interval":{"confidence_level":0.95,"lower_bound":3222.7779557243425,"upper_bound":12611.877870981505},"point_estimate":8217.908082793581,"standard_error":2602.4044284960837}}