{"Mean":{"confidence_interval":{"confidence_level":0.95,"lower_bound":129224.82526018818,"upper_bound":153110.89257997408},"point_estimate":139344.0832464847,"standard_error":6188.147500194316},"Median":{"confidence_interval":{"confidence_level":0.95,"lower_bound":121675.7113997114,"upper_bound":124793.17555555556},"point_estimate":123187.69207930757,"standard_error":742.5370521740904},"MedianAbsDev":{"confidence_interval":{"confidence_level":0.95,"lower_bound":4504.374580809206,"upper_bound":9534.165238806934},"point_estimate":6412.335281006429,"standard_error":1333.429831002569},"Slope":{"confidence_interval":{"confidence_level":0.95,"lower_bound":118139.0495551312,"upper_bound":120782.20531944805},"point_estimate":119432.8448132276,"standard_error":675.015566752404},"StdDev":{"confidence_interval":{"confidence_level":0.95,"lower_bound":22202.667580345013,"upper_bound":97505.33757828102},"point_estimate":62416.45190505263,"standard_error":21183.378877217037}}