{"Mean":{"confidence_interval":{"confidence_level":0.95,"lower_bound":-0.004258377612176044,"upper_bound":0.015502565723747154},"point_estimate":0.00624771793119927,"standard_error":0.005033790890269169},"Median":{"confidence_interval":{"confidence_level":0.95,"lower_bound":0.0009694083773492679,"upper_bound":0.010921927134180276},"point_estimate":0.007087669245575912,"standard_error":0.002523028424785199}}