{"Mean":{"confidence_interval":{"confidence_level":0.95,"lower_bound":32147.859324385507,"upper_bound":32844.057856085965},"point_estimate":32489.385912589747,"standard_error":177.09450144930491},"Median":{"confidence_interval":{"confidence_level":0.95,"lower_bound":31806.56129032258,"upper_bound":32482.97142857143},"point_estimate":32099.94704157323,"standard_error":155.69498404408742},"MedianAbsDev":{"confidence_interval":{"confidence_level":0.95,"lower_bound":958.0407987333124,"upper_bound":1802.0076055079699},"point_estimate":1281.7592840111026,"standard_error":220.48986205151985},"Slope":{"confidence_interval":{"confidence_level":0.95,"lower_bound":32237.36510496653,"upper_bound":33211.64943082132},"point_estimate":32697.5574822788,"standard_error":249.1540814995279},"StdDev":{"confidence_interval":{"confidence_level":0.95,"lower_bound":1426.53653337146,"upper_bound":2108.018170162606},"point_estimate":1782.9627132911617,"standard_error":175.02545107582998}}