{"Mean":{"confidence_interval":{"confidence_level":0.95,"lower_bound":14856.164730336299,"upper_bound":18018.413201340918},"point_estimate":16214.753250366182,"standard_error":816.7933439363386},"Median":{"confidence_interval":{"confidence_level":0.95,"lower_bound":13881.024471950943,"upper_bound":14145.582888461216},"point_estimate":14071.508964758665,"standard_error":68.40518220356152},"MedianAbsDev":{"confidence_interval":{"confidence_level":0.95,"lower_bound":616.0279395057908,"upper_bound":1090.756464329508},"point_estimate":897.7564908922101,"standard_error":122.74122170842111},"Slope":{"confidence_interval":{"confidence_level":0.95,"lower_bound":13646.750053372907,"upper_bound":13893.22403025079},"point_estimate":13764.41556891752,"standard_error":62.83069042732745},"StdDev":{"confidence_interval":{"confidence_level":0.95,"lower_bound":3203.3688235038017,"upper_bound":12679.647548724623},"point_estimate":8227.853042396391,"standard_error":2627.9506729294244}}