{"Mean":{"confidence_interval":{"confidence_level":0.95,"lower_bound":12162.192903615203,"upper_bound":17002.395519825495},"point_estimate":14113.670634947382,"standard_error":1273.7276761932835},"Median":{"confidence_interval":{"confidence_level":0.95,"lower_bound":11241.60911756695,"upper_bound":11671.175613101119},"point_estimate":11415.922858905502,"standard_error":113.02562751475168},"MedianAbsDev":{"confidence_interval":{"confidence_level":0.95,"lower_bound":654.6170087283189,"upper_bound":1391.705930864571},"point_estimate":1002.1203648229656,"standard_error":185.21681641559286},"Slope":{"confidence_interval":{"confidence_level":0.95,"lower_bound":11278.003084593196,"upper_bound":11600.688088967583},"point_estimate":11434.56141754546,"standard_error":82.57285685962663},"StdDev":{"confidence_interval":{"confidence_level":0.95,"lower_bound":2838.031382375089,"upper_bound":20716.49562843257},"point_estimate":12767.672105793486,"standard_error":5168.519024243151}}