{"Mean":{"confidence_interval":{"confidence_level":0.95,"lower_bound":-0.0002683252798645257,"upper_bound":0.005172058449861171},"point_estimate":0.002524766923567734,"standard_error":0.0013884761510049295},"Median":{"confidence_interval":{"confidence_level":0.95,"lower_bound":0.00015444942593756394,"upper_bound":0.005960734573605464},"point_estimate":0.00277758226606295,"standard_error":0.0014351893616437747}}