{"Mean":{"confidence_interval":{"confidence_level":0.95,"lower_bound":-0.18676523926554192,"upper_bound":0.09916824962271108},"point_estimate":-0.05857575451088748,"standard_error":0.07276621553969394},"Median":{"confidence_interval":{"confidence_level":0.95,"lower_bound":-0.05629137189323419,"upper_bound":0.01851296736349206},"point_estimate":-0.026315951124939785,"standard_error":0.019334443549329738}}