{"Mean":{"confidence_interval":{"confidence_level":0.95,"lower_bound":22785.486214357647,"upper_bound":27027.530470205278},"point_estimate":24632.73254822731,"standard_error":1100.232701226922},"Median":{"confidence_interval":{"confidence_level":0.95,"lower_bound":20770.94419306184,"upper_bound":21933.28583570525},"point_estimate":21278.92786635202,"standard_error":334.49184294326835},"MedianAbsDev":{"confidence_interval":{"confidence_level":0.95,"lower_bound":1072.3694850106478,"upper_bound":2588.3854544072524},"point_estimate":1801.056295100061,"standard_error":431.4588672194314},"Slope":{"confidence_interval":{"confidence_level":0.95,"lower_bound":20595.988769679778,"upper_bound":21116.504281448462},"point_estimate":20831.32661700235,"standard_error":132.92009261283198},"StdDev":{"confidence_interval":{"confidence_level":0.95,"lower_bound":4604.759327254405,"upper_bound":16771.485876916362},"point_estimate":11066.240735537263,"standard_error":3318.7578292283742}}