{"Mean":{"confidence_interval":{"confidence_level":0.95,"lower_bound":301728.1712741683,"upper_bound":346845.2266851981},"point_estimate":321301.5823278248,"standard_error":11614.367266961706},"Median":{"confidence_interval":{"confidence_level":0.95,"lower_bound":286842.88636363635,"upper_bound":292533.9656862745},"point_estimate":290917.6401709402,"standard_error":1346.2823742066016},"MedianAbsDev":{"confidence_interval":{"confidence_level":0.95,"lower_bound":12020.922645752635,"upper_bound":21985.381037039937},"point_estimate":16847.185263106065,"standard_error":2553.1281876148755},"Slope":{"confidence_interval":{"confidence_level":0.95,"lower_bound":277812.7294806491,"upper_bound":284372.9579667115},"point_estimate":281120.4971774789,"standard_error":1672.201932230133},"StdDev":{"confidence_interval":{"confidence_level":0.95,"lower_bound":48956.36564529364,"upper_bound":178022.59536681927},"point_estimate":116849.31318797467,"standard_error":35480.612203159275}}