{"Mean":{"confidence_interval":{"confidence_level":0.95,"lower_bound":-0.13169172639289917,"upper_bound":0.1569272357467213},"point_estimate":0.003671725266457093,"standard_error":0.07317205192501441},"Median":{"confidence_interval":{"confidence_level":0.95,"lower_bound":-0.028206438915299947,"upper_bound":0.03644328532414281},"point_estimate":0.011847758209061254,"standard_error":0.01744005106032309}}