{"Mean":{"confidence_interval":{"confidence_level":0.95,"lower_bound":2772186.674860691,"upper_bound":2960263.444304927},"point_estimate":2854323.974587128,"standard_error":48647.49166444422},"Median":{"confidence_interval":{"confidence_level":0.95,"lower_bound":2696421.551923077,"upper_bound":2750814.3543010755},"point_estimate":2719097.361305361,"standard_error":14759.323612684104},"MedianAbsDev":{"confidence_interval":{"confidence_level":0.95,"lower_bound":79566.78255067622,"upper_bound":143791.56856167698},"point_estimate":107997.28689935173,"standard_error":16240.779714958055},"Slope":{"confidence_interval":{"confidence_level":0.95,"lower_bound":2660868.382752763,"upper_bound":2700987.95015622},"point_estimate":2678492.4337608987,"standard_error":10263.788434325568},"StdDev":{"confidence_interval":{"confidence_level":0.95,"lower_bound":206115.69760504723,"upper_bound":740615.8095089134},"point_estimate":488953.39413734915,"standard_error":145503.2233181762}}