{"Mean":{"confidence_interval":{"confidence_level":0.95,"lower_bound":-0.10559890993517773,"upper_bound":0.15704213010610601},"point_estimate":0.015541158088884455,"standard_error":0.06715305629514286},"Median":{"confidence_interval":{"confidence_level":0.95,"lower_bound":-0.01599066383189396,"upper_bound":0.031735170108974975},"point_estimate":0.007604807427570304,"standard_error":0.012253191134755523}}