{"Mean":{"confidence_interval":{"confidence_level":0.95,"lower_bound":-0.11408188882737105,"upper_bound":0.1694587447084185},"point_estimate":0.01708838403781221,"standard_error":0.0718006145439049},"Median":{"confidence_interval":{"confidence_level":0.95,"lower_bound":-0.020057433380444523,"upper_bound":0.02138896016104974},"point_estimate":0.003755829541789879,"standard_error":0.010216922311652454}}