{"Mean":{"confidence_interval":{"confidence_level":0.95,"lower_bound":12818.03501080844,"upper_bound":15218.1492937832},"point_estimate":13831.802985652017,"standard_error":619.0413375755796},"Median":{"confidence_interval":{"confidence_level":0.95,"lower_bound":11979.066052934408,"upper_bound":12433.50078787681},"point_estimate":12190.354096662832,"standard_error":98.61041463143088},"MedianAbsDev":{"confidence_interval":{"confidence_level":0.95,"lower_bound":600.8661329957017,"upper_bound":1257.2038918440226},"point_estimate":871.6872664597508,"standard_error":162.06109777079723},"Slope":{"confidence_interval":{"confidence_level":0.95,"lower_bound":12008.084535903587,"upper_bound":12410.716923503143},"point_estimate":12205.52422115516,"standard_error":102.37842411121115},"StdDev":{"confidence_interval":{"confidence_level":0.95,"lower_bound":2131.144017247285,"upper_bound":9758.091808282252},"point_estimate":6231.0335801339725,"standard_error":2137.1251611945977}}