{"Mean":{"confidence_interval":{"confidence_level":0.95,"lower_bound":113806.0248958159,"upper_bound":134518.585882356},"point_estimate":122669.93674021387,"standard_error":5311.736083723123},"Median":{"confidence_interval":{"confidence_level":0.95,"lower_bound":107813.34218207796,"upper_bound":109873.38235294117},"point_estimate":108906.37294736842,"standard_error":559.7902518452149},"MedianAbsDev":{"confidence_interval":{"confidence_level":0.95,"lower_bound":3474.344391077151,"upper_bound":7602.074303330763},"point_estimate":5751.715206100929,"standard_error":1044.3359279803367},"Slope":{"confidence_interval":{"confidence_level":0.95,"lower_bound":104337.6474819608,"upper_bound":107030.6431511658},"point_estimate":105696.9430719669,"standard_error":688.6063420101061},"StdDev":{"confidence_interval":{"confidence_level":0.95,"lower_bound":19624.64351426878,"upper_bound":82589.73222427114},"point_estimate":53385.01359845981,"standard_error":17119.67663534417}}