{"Mean":{"confidence_interval":{"confidence_level":0.95,"lower_bound":15584.94475905968,"upper_bound":18629.164995558043},"point_estimate":16876.84098775757,"standard_error":787.436263053674},"Median":{"confidence_interval":{"confidence_level":0.95,"lower_bound":14407.270321361058,"upper_bound":15057.3049991858},"point_estimate":14684.500955368087,"standard_error":166.67662512814587},"MedianAbsDev":{"confidence_interval":{"confidence_level":0.95,"lower_bound":662.9165774564241,"upper_bound":1470.779685754382},"point_estimate":1003.9799107718586,"standard_error":215.0834712405309},"Slope":{"confidence_interval":{"confidence_level":0.95,"lower_bound":14504.928592733533,"upper_bound":14825.145427112888},"point_estimate":14659.546537266317,"standard_error":81.74940068529621},"StdDev":{"confidence_interval":{"confidence_level":0.95,"lower_bound":2826.216825512306,"upper_bound":12329.89767354712},"point_estimate":7920.659764086019,"standard_error":2649.8375270264205}}