{"Mean":{"confidence_interval":{"confidence_level":0.95,"lower_bound":21866.175919867677,"upper_bound":26250.565909365767},"point_estimate":23702.748493098687,"standard_error":1135.9080580496943},"Median":{"confidence_interval":{"confidence_level":0.95,"lower_bound":20666.403447921824,"upper_bound":21260.484545454547},"point_estimate":21055.343681359693,"standard_error":181.3445339244268},"MedianAbsDev":{"confidence_interval":{"confidence_level":0.95,"lower_bound":1095.5269769715135,"upper_bound":2255.080140616472},"point_estimate":1677.466694032639,"standard_error":303.6737902119641},"Slope":{"confidence_interval":{"confidence_level":0.95,"lower_bound":20717.22095885601,"upper_bound":21317.641126547922},"point_estimate":21009.482957064363,"standard_error":152.952614916148},"StdDev":{"confidence_interval":{"confidence_level":0.95,"lower_bound":3624.4142761194585,"upper_bound":18071.403222172212},"point_estimate":11463.354948860262,"standard_error":4039.559460552198}}