{"Mean":{"confidence_interval":{"confidence_level":0.95,"lower_bound":31276.66469877011,"upper_bound":37533.773103436986},"point_estimate":33936.58955874359,"standard_error":1621.4424635394557},"Median":{"confidence_interval":{"confidence_level":0.95,"lower_bound":29293.487089646464,"upper_bound":30926.94871794872},"point_estimate":29693.54921059333,"standard_error":434.0613987968359},"MedianAbsDev":{"confidence_interval":{"confidence_level":0.95,"lower_bound":1244.7822358327112,"upper_bound":3060.724841798029},"point_estimate":1990.6769107160967,"standard_error":471.8867680591073},"Slope":{"confidence_interval":{"confidence_level":0.95,"lower_bound":29135.5348706886,"upper_bound":29673.665816136912},"point_estimate":29389.943443717508,"standard_error":136.84308269282843},"StdDev":{"confidence_interval":{"confidence_level":0.95,"lower_bound":5104.438119834236,"upper_bound":25431.39234365191},"point_estimate":16292.490289030504,"standard_error":5483.462772457979}}