{"Mean":{"confidence_interval":{"confidence_level":0.95,"lower_bound":-0.19529494576435505,"upper_bound":0.04928985379819421},"point_estimate":-0.07979053816863724,"standard_error":0.0628270796265325},"Median":{"confidence_interval":{"confidence_level":0.95,"lower_bound":-0.08668128014396137,"upper_bound":0.030182612167471826},"point_estimate":-0.015207322720497407,"standard_error":0.027551662979679762}}