{"Mean":{"confidence_interval":{"confidence_level":0.95,"lower_bound":15455.808503513359,"upper_bound":18674.742421881383},"point_estimate":16786.685209734973,"standard_error":836.7593403205955},"Median":{"confidence_interval":{"confidence_level":0.95,"lower_bound":14380.862988428644,"upper_bound":15303.646268656716},"point_estimate":14573.938122859689,"standard_error":190.97486070171323},"MedianAbsDev":{"confidence_interval":{"confidence_level":0.95,"lower_bound":714.8877537270777,"upper_bound":1789.9928154491172},"point_estimate":1081.8426176656146,"standard_error":240.66117185667633},"Slope":{"confidence_interval":{"confidence_level":0.95,"lower_bound":14446.350704008319,"upper_bound":14792.855400056178},"point_estimate":14608.116273663454,"standard_error":88.28454257643062},"StdDev":{"confidence_interval":{"confidence_level":0.95,"lower_bound":2430.957341715205,"upper_bound":13447.57251782243},"point_estimate":8424.935377505035,"standard_error":3153.9255058560834}}