{"Mean":{"confidence_interval":{"confidence_level":0.95,"lower_bound":-0.28725918641014075,"upper_bound":0.31293204599524954},"point_estimate":-0.033769089843594946,"standard_error":0.1538370520538848},"Median":{"confidence_interval":{"confidence_level":0.95,"lower_bound":-0.08356635744361118,"upper_bound":0.040349922991122854},"point_estimate":-0.03397918681019485,"standard_error":0.033501717548269014}}