{"Mean":{"confidence_interval":{"confidence_level":0.95,"lower_bound":13391.238244213662,"upper_bound":16127.240584260438},"point_estimate":14548.929230288131,"standard_error":707.8745458058883},"Median":{"confidence_interval":{"confidence_level":0.95,"lower_bound":12577.724383724384,"upper_bound":13103.49170094007},"point_estimate":12819.458963963963,"standard_error":154.8645877073142},"MedianAbsDev":{"confidence_interval":{"confidence_level":0.95,"lower_bound":927.4556660228453,"upper_bound":1700.3548467780854},"point_estimate":1295.9621133927985,"standard_error":194.8900918046089},"Slope":{"confidence_interval":{"confidence_level":0.95,"lower_bound":12465.06907001538,"upper_bound":12816.63951243624},"point_estimate":12637.784302836899,"standard_error":89.27415070950524},"StdDev":{"confidence_interval":{"confidence_level":0.95,"lower_bound":2314.340979896084,"upper_bound":11059.75398556286},"point_estimate":7079.213599856624,"standard_error":2356.6158219259864}}