{"Mean":{"confidence_interval":{"confidence_level":0.95,"lower_bound":93935.91652397471,"upper_bound":111661.91935002271},"point_estimate":101453.5700955017,"standard_error":4613.083320095675},"Median":{"confidence_interval":{"confidence_level":0.95,"lower_bound":88866.23333333334,"upper_bound":90696.14236111111},"point_estimate":89580.87327252625,"standard_error":451.13782410282226},"MedianAbsDev":{"confidence_interval":{"confidence_level":0.95,"lower_bound":2521.5800546867986,"upper_bound":5788.4438416104085},"point_estimate":3999.583829993394,"standard_error":866.466408016607},"Slope":{"confidence_interval":{"confidence_level":0.95,"lower_bound":88135.00693347944,"upper_bound":89364.80418084028},"point_estimate":88735.57136421851,"standard_error":312.3852595174558},"StdDev":{"confidence_interval":{"confidence_level":0.95,"lower_bound":14129.31258589967,"upper_bound":72586.00400079436},"point_estimate":46360.795270711744,"standard_error":15995.831926751249}}