{"Mean":{"confidence_interval":{"confidence_level":0.95,"lower_bound":30447.19003121689,"upper_bound":31072.581972339744},"point_estimate":30728.296479312885,"standard_error":159.98180711058447},"Median":{"confidence_interval":{"confidence_level":0.95,"lower_bound":30434.376123876125,"upper_bound":30920.175565175567},"point_estimate":30715.104038818325,"standard_error":123.78229218387872},"MedianAbsDev":{"confidence_interval":{"confidence_level":0.95,"lower_bound":549.736385291041,"upper_bound":900.3238097736352},"point_estimate":662.3005464364629,"standard_error":88.47594329383202},"Slope":{"confidence_interval":{"confidence_level":0.95,"lower_bound":30052.21551775895,"upper_bound":30528.075796289366},"point_estimate":30296.553195409095,"standard_error":121.43412198728998},"StdDev":{"confidence_interval":{"confidence_level":0.95,"lower_bound":858.2269957750826,"upper_bound":2385.789160610043},"point_estimate":1606.1673441758976,"standard_error":442.5399031047808}}