{"Mean":{"confidence_interval":{"confidence_level":0.95,"lower_bound":35534.587312219446,"upper_bound":43365.51897831978},"point_estimate":38938.194090815996,"standard_error":2018.5772052508853},"Median":{"confidence_interval":{"confidence_level":0.95,"lower_bound":32614.948048480423,"upper_bound":33964.6609375},"point_estimate":33342.027853827705,"standard_error":325.66275719687513},"MedianAbsDev":{"confidence_interval":{"confidence_level":0.95,"lower_bound":1885.0972675157918,"upper_bound":3582.2368099897085},"point_estimate":2722.2974746695622,"standard_error":399.02185476222763},"Slope":{"confidence_interval":{"confidence_level":0.95,"lower_bound":32058.26662080322,"upper_bound":32806.06015213117},"point_estimate":32399.636375517217,"standard_error":191.29641266581532},"StdDev":{"confidence_interval":{"confidence_level":0.95,"lower_bound":8656.26469205818,"upper_bound":30711.302789552406},"point_estimate":20280.097369983716,"standard_error":5980.182123862993}}