{"Mean":{"confidence_interval":{"confidence_level":0.95,"lower_bound":22558.76479722965,"upper_bound":27066.411220500206},"point_estimate":24466.996927179323,"standard_error":1167.6256297138407},"Median":{"confidence_interval":{"confidence_level":0.95,"lower_bound":20978.40166835187,"upper_bound":23011.142391304347},"point_estimate":21641.455413808784,"standard_error":500.9245321639123},"MedianAbsDev":{"confidence_interval":{"confidence_level":0.95,"lower_bound":1776.679293926781,"upper_bound":3592.655639949445},"point_estimate":2802.028050822016,"standard_error":447.76492901260406},"Slope":{"confidence_interval":{"confidence_level":0.95,"lower_bound":21011.300229847664,"upper_bound":21972.108033208497},"point_estimate":21497.89530181636,"standard_error":244.6577576263544},"StdDev":{"confidence_interval":{"confidence_level":0.95,"lower_bound":4381.221774658756,"upper_bound":18300.774107966874},"point_estimate":11727.85238786515,"standard_error":3900.496065341222}}