{"Mean":{"confidence_interval":{"confidence_level":0.95,"lower_bound":67834.8064784553,"upper_bound":82548.60066839118},"point_estimate":74237.56884392668,"standard_error":3804.4925645234557},"Median":{"confidence_interval":{"confidence_level":0.95,"lower_bound":61706.783075224244,"upper_bound":64238.72459893048},"point_estimate":62374.817527010804,"standard_error":772.0014858102855},"MedianAbsDev":{"confidence_interval":{"confidence_level":0.95,"lower_bound":2875.843481948347,"upper_bound":6064.966808268688},"point_estimate":3841.761486295566,"standard_error":820.5728897571288},"Slope":{"confidence_interval":{"confidence_level":0.95,"lower_bound":61026.44252069834,"upper_bound":62034.54447292347},"point_estimate":61495.23267170264,"standard_error":257.76326098061594},"StdDev":{"confidence_interval":{"confidence_level":0.95,"lower_bound":15620.13805870068,"upper_bound":57993.51623634245},"point_estimate":38160.909321569074,"standard_error":11404.370081244857}}