{"Mean":{"confidence_interval":{"confidence_level":0.95,"lower_bound":17574.42926649783,"upper_bound":20929.73287672475},"point_estimate":18989.236918685427,"standard_error":873.1381188815484},"Median":{"confidence_interval":{"confidence_level":0.95,"lower_bound":16461.85607196402,"upper_bound":17396.14971850809},"point_estimate":16739.897884615384,"standard_error":219.55669559404734},"MedianAbsDev":{"confidence_interval":{"confidence_level":0.95,"lower_bound":922.4975082991182,"upper_bound":1618.0462048267354},"point_estimate":1298.121018935241,"standard_error":185.40567598248538},"Slope":{"confidence_interval":{"confidence_level":0.95,"lower_bound":16463.910879169758,"upper_bound":16847.417739998942},"point_estimate":16655.266927482764,"standard_error":97.73497558602111},"StdDev":{"confidence_interval":{"confidence_level":0.95,"lower_bound":2964.4042425757716,"upper_bound":13807.962079963656},"point_estimate":8771.311043004604,"standard_error":3049.6431843344435}}