{"Mean":{"confidence_interval":{"confidence_level":0.95,"lower_bound":20502.006117923494,"upper_bound":24170.07404249325},"point_estimate":22101.29051419713,"standard_error":948.8768113983721},"Median":{"confidence_interval":{"confidence_level":0.95,"lower_bound":19347.395,"upper_bound":20032.65174825175},"point_estimate":19596.474876124987,"standard_error":172.72566738045424},"MedianAbsDev":{"confidence_interval":{"confidence_level":0.95,"lower_bound":1034.5538252749602,"upper_bound":1762.7143796809012},"point_estimate":1376.39592404478,"standard_error":185.70593578966242},"Slope":{"confidence_interval":{"confidence_level":0.95,"lower_bound":18881.376550746772,"upper_bound":19246.713465567933},"point_estimate":19054.515451939224,"standard_error":93.4123572504291},"StdDev":{"confidence_interval":{"confidence_level":0.95,"lower_bound":3899.890582121351,"upper_bound":14568.03450320455},"point_estimate":9560.137782379321,"standard_error":2941.4404377034502}}