{"Mean":{"confidence_interval":{"confidence_level":0.95,"lower_bound":77663.8569200519,"upper_bound":105946.77316586714},"point_estimate":89625.57255563115,"standard_error":7324.458494424345},"Median":{"confidence_interval":{"confidence_level":0.95,"lower_bound":67686.93289146645,"upper_bound":72127.67043900013},"point_estimate":69648.0858796608,"standard_error":1168.32435971395},"MedianAbsDev":{"confidence_interval":{"confidence_level":0.95,"lower_bound":4059.13669254576,"upper_bound":9455.710093617074},"point_estimate":6465.178927613809,"standard_error":1419.304340089927},"Slope":{"confidence_interval":{"confidence_level":0.95,"lower_bound":66371.14096073918,"upper_bound":67718.29209660314},"point_estimate":66983.09723467694,"standard_error":342.20625526443695},"StdDev":{"confidence_interval":{"confidence_level":0.95,"lower_bound":25005.57349461914,"upper_bound":115375.65499639689},"point_estimate":73542.23259181478,"standard_error":24921.01329283802}}