{"Mean":{"confidence_interval":{"confidence_level":0.95,"lower_bound":1187694.1633777276,"upper_bound":1370597.8981947475},"point_estimate":1265139.0941147564,"standard_error":47270.01115611174},"Median":{"confidence_interval":{"confidence_level":0.95,"lower_bound":1116023.0437000887,"upper_bound":1148572.3333333333},"point_estimate":1133539.4132928476,"standard_error":9262.716813546866},"MedianAbsDev":{"confidence_interval":{"confidence_level":0.95,"lower_bound":49275.6039236206,"upper_bound":105721.72429806426},"point_estimate":78226.23694149105,"standard_error":14775.283135168043},"Slope":{"confidence_interval":{"confidence_level":0.95,"lower_bound":1092510.3764136294,"upper_bound":1112903.8759847933},"point_estimate":1102004.0018797105,"standard_error":5198.991580993173},"StdDev":{"confidence_interval":{"confidence_level":0.95,"lower_bound":173205.3997010224,"upper_bound":743863.3820876867},"point_estimate":476556.4138275985,"standard_error":160645.45454320253}}