{"Mean":{"confidence_interval":{"confidence_level":0.95,"lower_bound":45719.2143649599,"upper_bound":56409.90252840058},"point_estimate":50213.63080819414,"standard_error":2775.7304776597584},"Median":{"confidence_interval":{"confidence_level":0.95,"lower_bound":42147.60590277778,"upper_bound":43893.34642857143},"point_estimate":42924.81212855298,"standard_error":443.59835103236014},"MedianAbsDev":{"confidence_interval":{"confidence_level":0.95,"lower_bound":1861.2046930421154,"upper_bound":4456.78520594729},"point_estimate":2834.135354632984,"standard_error":678.9275345609283},"Slope":{"confidence_interval":{"confidence_level":0.95,"lower_bound":41459.607874035064,"upper_bound":42418.95557313056},"point_estimate":41938.72488695138,"standard_error":244.1195942561169},"StdDev":{"confidence_interval":{"confidence_level":0.95,"lower_bound":9039.128714205513,"upper_bound":43759.10511095504},"point_estimate":27770.444409525884,"standard_error":9701.307972803714}}