{"Mean":{"confidence_interval":{"confidence_level":0.95,"lower_bound":15663.204403284277,"upper_bound":18864.682749607742},"point_estimate":17025.894569959364,"standard_error":827.1778548040342},"Median":{"confidence_interval":{"confidence_level":0.95,"lower_bound":14536.975138762082,"upper_bound":14903.858949138386},"point_estimate":14697.446958840857,"standard_error":106.88312207044248},"MedianAbsDev":{"confidence_interval":{"confidence_level":0.95,"lower_bound":541.7346872510416,"upper_bound":1574.6660364562379},"point_estimate":838.4208096491542,"standard_error":273.3457568904452},"Slope":{"confidence_interval":{"confidence_level":0.95,"lower_bound":14571.447824299914,"upper_bound":14907.528668460516},"point_estimate":14732.04209026873,"standard_error":85.82305582201144},"StdDev":{"confidence_interval":{"confidence_level":0.95,"lower_bound":2944.234615938953,"upper_bound":12894.497572995231},"point_estimate":8303.23549480385,"standard_error":2676.116779309127}}