{"Mean":{"confidence_interval":{"confidence_level":0.95,"lower_bound":1206860.6291906177,"upper_bound":1401763.2550659121},"point_estimate":1290220.8163645037,"standard_error":50363.8122657421},"Median":{"confidence_interval":{"confidence_level":0.95,"lower_bound":1136935.2318840579,"upper_bound":1180266.05},"point_estimate":1150656.969361702,"standard_error":12109.499570256938},"MedianAbsDev":{"confidence_interval":{"confidence_level":0.95,"lower_bound":58615.97479370657,"upper_bound":117055.81314172906},"point_estimate":80640.28078250826,"standard_error":15073.01372841597},"Slope":{"confidence_interval":{"confidence_level":0.95,"lower_bound":1113726.9795561521,"upper_bound":1131587.6203894732},"point_estimate":1122090.5863395892,"standard_error":4562.642828570126},"StdDev":{"confidence_interval":{"confidence_level":0.95,"lower_bound":185847.7424382497,"upper_bound":787666.3575078466},"point_estimate":507592.29634279,"standard_error":166563.70742078117}}