{"Mean":{"confidence_interval":{"confidence_level":0.95,"lower_bound":34223.863179616805,"upper_bound":40290.27937590177},"point_estimate":36838.79675203138,"standard_error":1568.184561510409},"Median":{"confidence_interval":{"confidence_level":0.95,"lower_bound":31641.603174603173,"upper_bound":33438.9907727797},"point_estimate":32788.40889556836,"standard_error":401.387506234878},"MedianAbsDev":{"confidence_interval":{"confidence_level":0.95,"lower_bound":1840.655077923006,"upper_bound":3751.7424955072656},"point_estimate":2870.91471409717,"standard_error":458.8787123614099},"Slope":{"confidence_interval":{"confidence_level":0.95,"lower_bound":31211.403227677336,"upper_bound":31976.93045707185},"point_estimate":31555.97055302984,"standard_error":196.05338273500905},"StdDev":{"confidence_interval":{"confidence_level":0.95,"lower_bound":6026.727886657747,"upper_bound":24178.642774850494},"point_estimate":15756.188304092884,"standard_error":4960.53578736871}}