{"Mean":{"confidence_interval":{"confidence_level":0.95,"lower_bound":25851.835933319864,"upper_bound":26394.382134530333},"point_estimate":26109.352942758138,"standard_error":138.36464500552523},"Median":{"confidence_interval":{"confidence_level":0.95,"lower_bound":25911.39903846154,"upper_bound":26310.247853258665},"point_estimate":26110.816507684154,"standard_error":108.5147953495397},"MedianAbsDev":{"confidence_interval":{"confidence_level":0.95,"lower_bound":781.3831287793782,"upper_bound":1419.9293172063853},"point_estimate":1109.4010587087284,"standard_error":164.80251823541582},"Slope":{"confidence_interval":{"confidence_level":0.95,"lower_bound":26234.28791121057,"upper_bound":26807.738695381984},"point_estimate":26498.55600749264,"standard_error":146.96190465704854},"StdDev":{"confidence_interval":{"confidence_level":0.95,"lower_bound":974.6381679554275,"upper_bound":1785.0332597740987},"point_estimate":1385.3077056644513,"standard_error":209.1018226478748}}