{"Mean":{"confidence_interval":{"confidence_level":0.95,"lower_bound":-0.34732721677907313,"upper_bound":-0.14813688470523229},"point_estimate":-0.25566272205982343,"standard_error":0.050923460272644175},"Median":{"confidence_interval":{"confidence_level":0.95,"lower_bound":-0.2745089497633667,"upper_bound":-0.1627214689212676},"point_estimate":-0.20574407309329124,"standard_error":0.02926774029019426}}