{"Mean":{"confidence_interval":{"confidence_level":0.95,"lower_bound":-0.12060924137831595,"upper_bound":0.1326729108057644},"point_estimate":-0.002380448354643794,"standard_error":0.06462090793979473},"Median":{"confidence_interval":{"confidence_level":0.95,"lower_bound":-0.026457311970574215,"upper_bound":0.0298112525914076},"point_estimate":-0.00570657643077821,"standard_error":0.014781312346413462}}