{"Mean":{"confidence_interval":{"confidence_level":0.95,"lower_bound":32921.92983667402,"upper_bound":39422.66191364802},"point_estimate":35739.625964283594,"standard_error":1672.399828421709},"Median":{"confidence_interval":{"confidence_level":0.95,"lower_bound":30346.673015873017,"upper_bound":31700.114285714284},"point_estimate":30914.677624458876,"standard_error":331.3238250438757},"MedianAbsDev":{"confidence_interval":{"confidence_level":0.95,"lower_bound":1525.6454635546359,"upper_bound":3219.6847845521315},"point_estimate":2492.2083243766942,"standard_error":445.53800650790464},"Slope":{"confidence_interval":{"confidence_level":0.95,"lower_bound":29936.449904039207,"upper_bound":30792.626334008168},"point_estimate":30326.80325588465,"standard_error":219.4049941069033},"StdDev":{"confidence_interval":{"confidence_level":0.95,"lower_bound":6800.119433543863,"upper_bound":25765.43736115045},"point_estimate":16854.980856151215,"standard_error":5169.031325520299}}