{"Mean":{"confidence_interval":{"confidence_level":0.95,"lower_bound":-0.204970038558589,"upper_bound":0.03587553700700732},"point_estimate":-0.09157640825326108,"standard_error":0.06105604860927268},"Median":{"confidence_interval":{"confidence_level":0.95,"lower_bound":-0.08454159310835652,"upper_bound":0.0015259045727309406},"point_estimate":-0.02788998586312119,"standard_error":0.022655811133441187}}