{"Mean":{"confidence_interval":{"confidence_level":0.95,"lower_bound":14815.666113216885,"upper_bound":18105.678530342768},"point_estimate":16208.012660748042,"standard_error":851.8284192339632},"Median":{"confidence_interval":{"confidence_level":0.95,"lower_bound":14061.469934127497,"upper_bound":14557.058823529413},"point_estimate":14275.704050567596,"standard_error":136.35749443920355},"MedianAbsDev":{"confidence_interval":{"confidence_level":0.95,"lower_bound":1129.735266546013,"upper_bound":2229.845867578359},"point_estimate":1703.4128903466117,"standard_error":315.2656187896273},"Slope":{"confidence_interval":{"confidence_level":0.95,"lower_bound":13844.016098678487,"upper_bound":14508.146946338573},"point_estimate":14177.866799346308,"standard_error":170.30429986604625},"StdDev":{"confidence_interval":{"confidence_level":0.95,"lower_bound":2571.7341693564135,"upper_bound":13340.277120433306},"point_estimate":8555.883006681039,"standard_error":2878.4980356674814}}