{"Mean":{"confidence_interval":{"confidence_level":0.95,"lower_bound":-0.13757688036501614,"upper_bound":0.14997328891717143},"point_estimate":-0.002271045697727847,"standard_error":0.07320400260294647},"Median":{"confidence_interval":{"confidence_level":0.95,"lower_bound":-0.044986481420473234,"upper_bound":0.016548422669885543},"point_estimate":-0.015250872325186515,"standard_error":0.015782290211095343}}