{"Mean":{"confidence_interval":{"confidence_level":0.95,"lower_bound":-0.19056623077656448,"upper_bound":0.03319332363312591},"point_estimate":-0.08484928443911444,"standard_error":0.056907327643394214},"Median":{"confidence_interval":{"confidence_level":0.95,"lower_bound":-0.07190341186183868,"upper_bound":-0.0075287902474555635},"point_estimate":-0.03386094695018327,"standard_error":0.015327709561244981}}