{"Mean":{"confidence_interval":{"confidence_level":0.95,"lower_bound":37657.90577329458,"upper_bound":46157.34604606079},"point_estimate":41356.97096517565,"standard_error":2189.07828121489},"Median":{"confidence_interval":{"confidence_level":0.95,"lower_bound":34572.655185758515,"upper_bound":36169.63636363636},"point_estimate":35373.24638863001,"standard_error":465.6115775448698},"MedianAbsDev":{"confidence_interval":{"confidence_level":0.95,"lower_bound":2019.7076456891787,"upper_bound":4008.1876055406215},"point_estimate":2932.3733496860846,"standard_error":517.1328814043109},"Slope":{"confidence_interval":{"confidence_level":0.95,"lower_bound":34323.00808570623,"upper_bound":35173.335273368066},"point_estimate":34727.12399198952,"standard_error":216.45953895361347},"StdDev":{"confidence_interval":{"confidence_level":0.95,"lower_bound":8744.38050283471,"upper_bound":33515.74900664828},"point_estimate":22039.110363285392,"standard_error":6632.657092328055}}