{"Mean":{"confidence_interval":{"confidence_level":0.95,"lower_bound":105532.114430459,"upper_bound":125206.827016138},"point_estimate":113806.19884639025,"standard_error":5109.512480230083},"Median":{"confidence_interval":{"confidence_level":0.95,"lower_bound":100586.1280148423,"upper_bound":102645.78880643166},"point_estimate":101465.06128246753,"standard_error":618.6814357541468},"MedianAbsDev":{"confidence_interval":{"confidence_level":0.95,"lower_bound":4064.8014356829513,"upper_bound":7385.395236062777},"point_estimate":5512.024584803207,"standard_error":847.1902697051526},"Slope":{"confidence_interval":{"confidence_level":0.95,"lower_bound":98188.31278827909,"upper_bound":100344.9097659612},"point_estimate":99219.67616024289,"standard_error":548.4417916218249},"StdDev":{"confidence_interval":{"confidence_level":0.95,"lower_bound":16320.070667079217,"upper_bound":80212.75556416759},"point_estimate":51236.79705917372,"standard_error":17466.703301742527}}