{"Mean":{"confidence_interval":{"confidence_level":0.95,"lower_bound":35347244.59970192,"upper_bound":35711947.35917107},"point_estimate":35507747.88495409,"standard_error":94167.18685776366},"Median":{"confidence_interval":{"confidence_level":0.95,"lower_bound":35110599.12340824,"upper_bound":35402370.60606061},"point_estimate":35196220.18611111,"standard_error":75510.67860555697},"MedianAbsDev":{"confidence_interval":{"confidence_level":0.95,"lower_bound":269720.83929602563,"upper_bound":606716.7192648753},"point_estimate":419253.6132237127,"standard_error":80331.28465336858},"Slope":{"confidence_interval":{"confidence_level":0.95,"lower_bound":35079577.72657126,"upper_bound":35266103.58559243},"point_estimate":35165622.810817204,"standard_error":47763.463945496755},"StdDev":{"confidence_interval":{"confidence_level":0.95,"lower_bound":515828.1947936376,"upper_bound":1412265.4301636547},"point_estimate":945477.1124138739,"standard_error":277796.31274182146}}