{"Mean":{"confidence_interval":{"confidence_level":0.95,"lower_bound":-0.13258163481369203,"upper_bound":0.13914928650928643},"point_estimate":-0.006357610943124592,"standard_error":0.06872872689828136},"Median":{"confidence_interval":{"confidence_level":0.95,"lower_bound":-0.017370400553041843,"upper_bound":0.04502743273567944},"point_estimate":0.01439115147132708,"standard_error":0.015781632835507573}}