{"Mean":{"confidence_interval":{"confidence_level":0.95,"lower_bound":-0.1188675124004054,"upper_bound":0.11612418415961835},"point_estimate":-0.010116595149563645,"standard_error":0.05965476582016423},"Median":{"confidence_interval":{"confidence_level":0.95,"lower_bound":-0.057759350651022556,"upper_bound":0.032777477739400575},"point_estimate":-0.004799094210978794,"standard_error":0.02431127803799728}}