{"Mean":{"confidence_interval":{"confidence_level":0.95,"lower_bound":45424250.75866708,"upper_bound":45927930.07915367},"point_estimate":45659427.943646714,"standard_error":128573.90820709504},"Median":{"confidence_interval":{"confidence_level":0.95,"lower_bound":45081221.78571428,"upper_bound":45425339.20662678},"point_estimate":45241105.536057696,"standard_error":77508.9912478011},"MedianAbsDev":{"confidence_interval":{"confidence_level":0.95,"lower_bound":464196.3592860514,"upper_bound":841173.4006791174},"point_estimate":619112.5165676938,"standard_error":93561.29540432083},"Slope":{"confidence_interval":{"confidence_level":0.95,"lower_bound":45239355.677096784,"upper_bound":46080205.764133506},"point_estimate":45619055.55955963,"standard_error":216258.11897650483},"StdDev":{"confidence_interval":{"confidence_level":0.95,"lower_bound":868048.6033141728,"upper_bound":1663356.6092638972},"point_estimate":1292598.09914267,"standard_error":203470.08254203797}}