{"Mean":{"confidence_interval":{"confidence_level":0.95,"lower_bound":114535.85033253918,"upper_bound":115254.33014649319},"point_estimate":114890.51666537738,"standard_error":182.82274213186557},"Median":{"confidence_interval":{"confidence_level":0.95,"lower_bound":114514.77023894864,"upper_bound":115027.45179306291},"point_estimate":114778.63479052825,"standard_error":146.98581337683495},"MedianAbsDev":{"confidence_interval":{"confidence_level":0.95,"lower_bound":1127.0912210585159,"upper_bound":1783.4968117709398},"point_estimate":1485.7307920093658,"standard_error":164.11169208338887},"Slope":{"confidence_interval":{"confidence_level":0.95,"lower_bound":114536.26580334082,"upper_bound":115187.56616944178},"point_estimate":114848.91504786299,"standard_error":166.19567802424785},"StdDev":{"confidence_interval":{"confidence_level":0.95,"lower_bound":1399.8946634896927,"upper_bound":2291.245342946324},"point_estimate":1842.3070019545316,"standard_error":230.2762559594406}}