{"Mean":{"confidence_interval":{"confidence_level":0.95,"lower_bound":-0.0016097304511267611,"upper_bound":0.011364122972249218},"point_estimate":0.004726271644456492,"standard_error":0.003326188700486045},"Median":{"confidence_interval":{"confidence_level":0.95,"lower_bound":-0.006800369924670702,"upper_bound":0.012799527763564189},"point_estimate":0.0038977065616181417,"standard_error":0.005033349613367381}}