{"Mean":{"confidence_interval":{"confidence_level":0.95,"lower_bound":125825.7840326977,"upper_bound":152086.8869523738},"point_estimate":137179.1095380218,"standard_error":6794.211484677546},"Median":{"confidence_interval":{"confidence_level":0.95,"lower_bound":116228.83242258652,"upper_bound":119674.91202741204},"point_estimate":117223.51282267115,"standard_error":991.0197826185521},"MedianAbsDev":{"confidence_interval":{"confidence_level":0.95,"lower_bound":3630.0143756467787,"upper_bound":7728.543790706761},"point_estimate":4988.080531901005,"standard_error":1056.4616656100256},"Slope":{"confidence_interval":{"confidence_level":0.95,"lower_bound":115638.8169366856,"upper_bound":117560.36825657314},"point_estimate":116594.68885933369,"standard_error":488.10452978952156},"StdDev":{"confidence_interval":{"confidence_level":0.95,"lower_bound":27712.180887738174,"upper_bound":104873.06717655875},"point_estimate":68489.15995079573,"standard_error":21204.858483627253}}