{"Mean":{"confidence_interval":{"confidence_level":0.95,"lower_bound":-0.3517718366183052,"upper_bound":0.503408055255865},"point_estimate":-0.005568628233354467,"standard_error":0.22117883365632635},"Median":{"confidence_interval":{"confidence_level":0.95,"lower_bound":-0.1303523067972825,"upper_bound":0.1652003593068534},"point_estimate":-0.000022522774083655328,"standard_error":0.07466238267305936}}