{"Mean":{"confidence_interval":{"confidence_level":0.95,"lower_bound":-0.1320238925195486,"upper_bound":0.13214017748599596},"point_estimate":-0.010027688387867495,"standard_error":0.06708237867990349},"Median":{"confidence_interval":{"confidence_level":0.95,"lower_bound":-0.020633184493749734,"upper_bound":0.038007201000586965},"point_estimate":0.003644330999858836,"standard_error":0.01516672747768581}}