{"Mean":{"confidence_interval":{"confidence_level":0.95,"lower_bound":-0.008281248383916319,"upper_bound":0.011927603496383148},"point_estimate":0.0015937466478350704,"standard_error":0.005125931737534025},"Median":{"confidence_interval":{"confidence_level":0.95,"lower_bound":-0.002183858032650199,"upper_bound":0.0073717578831449465},"point_estimate":0.0018132540823962984,"standard_error":0.002427809842849551}}