{"Mean":{"confidence_interval":{"confidence_level":0.95,"lower_bound":12400.656799220935,"upper_bound":15126.97545891134},"point_estimate":13525.111991113532,"standard_error":711.505750376099},"Median":{"confidence_interval":{"confidence_level":0.95,"lower_bound":11690.083726415094,"upper_bound":12065.992013888888},"point_estimate":11811.139612601106,"standard_error":99.95659975584006},"MedianAbsDev":{"confidence_interval":{"confidence_level":0.95,"lower_bound":490.810174533717,"upper_bound":1273.621543546593},"point_estimate":854.8736447748821,"standard_error":226.99194896964534},"Slope":{"confidence_interval":{"confidence_level":0.95,"lower_bound":11621.718310194816,"upper_bound":11950.23352952141},"point_estimate":11782.344973141717,"standard_error":84.01468328176742},"StdDev":{"confidence_interval":{"confidence_level":0.95,"lower_bound":1940.1287145744543,"upper_bound":11403.34474776596},"point_estimate":7140.606324546402,"standard_error":2659.5373093385624}}