{"Mean":{"confidence_interval":{"confidence_level":0.95,"lower_bound":-0.1176459711417157,"upper_bound":0.1483105942946149},"point_estimate":0.007813389698156703,"standard_error":0.0674911022286434},"Median":{"confidence_interval":{"confidence_level":0.95,"lower_bound":-0.00819707583797836,"upper_bound":0.06801143803417342},"point_estimate":0.02050387962932043,"standard_error":0.017712308227358343}}