{"Mean":{"confidence_interval":{"confidence_level":0.95,"lower_bound":37775.78361205999,"upper_bound":46134.32001850921},"point_estimate":41397.056321805365,"standard_error":2160.0051743301365},"Median":{"confidence_interval":{"confidence_level":0.95,"lower_bound":34831.496140717514,"upper_bound":37154.92337164751},"point_estimate":35716.2604035309,"standard_error":540.6172818666387},"MedianAbsDev":{"confidence_interval":{"confidence_level":0.95,"lower_bound":2542.3885857269547,"upper_bound":4651.267877513159},"point_estimate":3819.364938675474,"standard_error":514.7347254091652},"Slope":{"confidence_interval":{"confidence_level":0.95,"lower_bound":34268.96323793063,"upper_bound":35299.7872200658},"point_estimate":34757.23664619884,"standard_error":262.6701185498565},"StdDev":{"confidence_interval":{"confidence_level":0.95,"lower_bound":8926.906821088527,"upper_bound":33060.00011740681},"point_estimate":21681.29570803552,"standard_error":6622.259820765971}}