{"Mean":{"confidence_interval":{"confidence_level":0.95,"lower_bound":1287286.5822832542,"upper_bound":1481081.901726984},"point_estimate":1370060.7375166297,"standard_error":50066.63251920783},"Median":{"confidence_interval":{"confidence_level":0.95,"lower_bound":1211895.680851064,"upper_bound":1252435.6452380954},"point_estimate":1225269.9133986929,"standard_error":10422.725910494875},"MedianAbsDev":{"confidence_interval":{"confidence_level":0.95,"lower_bound":44343.71210127583,"upper_bound":99359.72208663468},"point_estimate":73268.51309439584,"standard_error":14004.10234886029},"Slope":{"confidence_interval":{"confidence_level":0.95,"lower_bound":1193794.7480774296,"upper_bound":1208797.6022591833},"point_estimate":1200737.0076134182,"standard_error":3815.6946394842494},"StdDev":{"confidence_interval":{"confidence_level":0.95,"lower_bound":185279.98064095195,"upper_bound":780389.1238511511},"point_estimate":502529.25142556464,"standard_error":164590.9242710693}}