{"Mean":{"confidence_interval":{"confidence_level":0.95,"lower_bound":12021.365398052343,"upper_bound":14679.323488012751},"point_estimate":13104.177150236916,"standard_error":694.0468519317618},"Median":{"confidence_interval":{"confidence_level":0.95,"lower_bound":11269.386678722121,"upper_bound":11753.80097873805},"point_estimate":11535.599133597883,"standard_error":131.97954361192114},"MedianAbsDev":{"confidence_interval":{"confidence_level":0.95,"lower_bound":691.4021514397807,"upper_bound":1393.7735090360616},"point_estimate":965.8407965050712,"standard_error":176.27629932815867},"Slope":{"confidence_interval":{"confidence_level":0.95,"lower_bound":11259.481513097926,"upper_bound":11585.877575500032},"point_estimate":11417.438844180793,"standard_error":83.07577304029515},"StdDev":{"confidence_interval":{"confidence_level":0.95,"lower_bound":1974.1679750934873,"upper_bound":11261.272090880935},"point_estimate":6966.3764580881325,"standard_error":2747.8578815862506}}