{"Mean":{"confidence_interval":{"confidence_level":0.95,"lower_bound":48028.156567250226,"upper_bound":57329.44574691059},"point_estimate":51980.82940214602,"standard_error":2403.3724969138384},"Median":{"confidence_interval":{"confidence_level":0.95,"lower_bound":44191.28,"upper_bound":46135.80767441131},"point_estimate":45151.57252964427,"standard_error":485.5971661942245},"MedianAbsDev":{"confidence_interval":{"confidence_level":0.95,"lower_bound":2244.1713020334123,"upper_bound":4719.810982640988},"point_estimate":3457.566450747968,"standard_error":646.9888247563646},"Slope":{"confidence_interval":{"confidence_level":0.95,"lower_bound":43616.03738317881,"upper_bound":44779.06808176369},"point_estimate":44119.19835779518,"standard_error":298.13412347835174},"StdDev":{"confidence_interval":{"confidence_level":0.95,"lower_bound":9170.744016756544,"upper_bound":37548.85663250684},"point_estimate":24154.59276441953,"standard_error":8061.500442614293}}