{"Mean":{"confidence_interval":{"confidence_level":0.95,"lower_bound":33959.753385815326,"upper_bound":40567.76841654009},"point_estimate":36721.49425154094,"standard_error":1714.3254547537251},"Median":{"confidence_interval":{"confidence_level":0.95,"lower_bound":31838.07060458481,"upper_bound":33130.51794131794},"point_estimate":31987.379214682034,"standard_error":334.9045130486605},"MedianAbsDev":{"confidence_interval":{"confidence_level":0.95,"lower_bound":1272.4156108354598,"upper_bound":2875.0723535239954},"point_estimate":1626.3677773817317,"standard_error":404.72375028220284},"Slope":{"confidence_interval":{"confidence_level":0.95,"lower_bound":31435.97130475418,"upper_bound":32070.544008743527},"point_estimate":31716.61792827044,"standard_error":163.04839563796142},"StdDev":{"confidence_interval":{"confidence_level":0.95,"lower_bound":5698.018005741439,"upper_bound":27140.54322914645},"point_estimate":17170.686523034623,"standard_error":6101.851360194088}}