{"Mean":{"confidence_interval":{"confidence_level":0.95,"lower_bound":47138.72207131028,"upper_bound":57752.41868467638},"point_estimate":51707.477716165275,"standard_error":2737.558659158179},"Median":{"confidence_interval":{"confidence_level":0.95,"lower_bound":43033.98411371237,"upper_bound":44641.27272727273},"point_estimate":43659.64578075147,"standard_error":394.8759232099975},"MedianAbsDev":{"confidence_interval":{"confidence_level":0.95,"lower_bound":1336.0229097347537,"upper_bound":3343.3121014513295},"point_estimate":2227.1401935038357,"standard_error":500.7545252225951},"Slope":{"confidence_interval":{"confidence_level":0.95,"lower_bound":43183.095033343765,"upper_bound":43862.455366628},"point_estimate":43498.34639882807,"standard_error":173.71747703655},"StdDev":{"confidence_interval":{"confidence_level":0.95,"lower_bound":11032.101486390276,"upper_bound":42237.82451061862},"point_estimate":27498.697251122343,"standard_error":8596.761125715155}}