{"Mean":{"confidence_interval":{"confidence_level":0.95,"lower_bound":-0.27305071204049125,"upper_bound":-0.22741379954940252},"point_estimate":-0.25032388385780546,"standard_error":0.011638817266223827},"Median":{"confidence_interval":{"confidence_level":0.95,"lower_bound":-0.26724871716896825,"upper_bound":-0.21555885665154295},"point_estimate":-0.2402695777337498,"standard_error":0.012576679215560688}}