{"Mean":{"confidence_interval":{"confidence_level":0.95,"lower_bound":100309.89923094829,"upper_bound":122332.73182761304},"point_estimate":109760.4837565157,"standard_error":5684.039461008679},"Median":{"confidence_interval":{"confidence_level":0.95,"lower_bound":93073.87392067391,"upper_bound":96494.52797202797},"point_estimate":94818.21333333333,"standard_error":931.3342936619899},"MedianAbsDev":{"confidence_interval":{"confidence_level":0.95,"lower_bound":3887.202190786051,"upper_bound":8190.226565526182},"point_estimate":5783.542421698871,"standard_error":1171.1865732024144},"Slope":{"confidence_interval":{"confidence_level":0.95,"lower_bound":91898.8622600251,"upper_bound":93556.90819383433},"point_estimate":92706.08490428147,"standard_error":422.949788454616},"StdDev":{"confidence_interval":{"confidence_level":0.95,"lower_bound":20987.54794596878,"upper_bound":88199.0229418884},"point_estimate":57110.775943595814,"standard_error":18122.364434031686}}