{"Mean":{"confidence_interval":{"confidence_level":0.95,"lower_bound":16478431.639865065,"upper_bound":16746741.274156239},"point_estimate":16599538.090422671,"standard_error":68861.00625297485},"Median":{"confidence_interval":{"confidence_level":0.95,"lower_bound":16332918.189655172,"upper_bound":16489615.77244832},"point_estimate":16393972.706171108,"standard_error":39940.30062501731},"MedianAbsDev":{"confidence_interval":{"confidence_level":0.95,"lower_bound":168713.7255152573,"upper_bound":333074.0614714601},"point_estimate":243435.2824745784,"standard_error":43696.00256031757},"Slope":{"confidence_interval":{"confidence_level":0.95,"lower_bound":16313495.459321316,"upper_bound":16469187.579229232},"point_estimate":16377936.049974877,"standard_error":40013.80619464399},"StdDev":{"confidence_interval":{"confidence_level":0.95,"lower_bound":346012.1739436109,"upper_bound":970108.4048228548},"point_estimate":693277.644047429,"standard_error":156714.23451769984}}