{"Mean":{"confidence_interval":{"confidence_level":0.95,"lower_bound":-0.34001313031392194,"upper_bound":-0.15243394022046303},"point_estimate":-0.25442788269077077,"standard_error":0.04798183131176006},"Median":{"confidence_interval":{"confidence_level":0.95,"lower_bound":-0.28199587475404597,"upper_bound":-0.1675793287923817},"point_estimate":-0.23357202216086426,"standard_error":0.031756199882869346}}