{"Mean":{"confidence_interval":{"confidence_level":0.95,"lower_bound":16600.81882893419,"upper_bound":20001.563873141386},"point_estimate":18041.512124180914,"standard_error":883.3907930658577},"Median":{"confidence_interval":{"confidence_level":0.95,"lower_bound":15433.32650047824,"upper_bound":16122.40493697479},"point_estimate":15630.959403350893,"standard_error":180.3548035948938},"MedianAbsDev":{"confidence_interval":{"confidence_level":0.95,"lower_bound":932.8750762097644,"upper_bound":1842.9817264921353},"point_estimate":1300.1899422488439,"standard_error":229.1287581930689},"Slope":{"confidence_interval":{"confidence_level":0.95,"lower_bound":15158.86227386641,"upper_bound":15626.730635818607},"point_estimate":15372.819170933335,"standard_error":119.32141956701192},"StdDev":{"confidence_interval":{"confidence_level":0.95,"lower_bound":3317.0984872477643,"upper_bound":13813.77103110622},"point_estimate":8860.704298364984,"standard_error":2986.1372028846977}}