{"Mean":{"confidence_interval":{"confidence_level":0.95,"lower_bound":13285.485516174327,"upper_bound":16144.293968804288},"point_estimate":14490.645942749541,"standard_error":736.1233508888914},"Median":{"confidence_interval":{"confidence_level":0.95,"lower_bound":12354.32826678766,"upper_bound":12951.45918699187},"point_estimate":12693.581589664816,"standard_error":195.22721784483517},"MedianAbsDev":{"confidence_interval":{"confidence_level":0.95,"lower_bound":781.6785882905766,"upper_bound":1588.9798721362401},"point_estimate":1268.8951356912437,"standard_error":229.07211262372599},"Slope":{"confidence_interval":{"confidence_level":0.95,"lower_bound":12393.9281110126,"upper_bound":12755.116546287423},"point_estimate":12570.835498625684,"standard_error":91.99050356384771},"StdDev":{"confidence_interval":{"confidence_level":0.95,"lower_bound":2292.182794639031,"upper_bound":11601.737946309393},"point_estimate":7405.0977275309515,"standard_error":2509.5280095057315}}