{"Mean":{"confidence_interval":{"confidence_level":0.95,"lower_bound":-0.12774503795455072,"upper_bound":0.13149778284852087},"point_estimate":-0.0005656517510768122,"standard_error":0.06618355534707578},"Median":{"confidence_interval":{"confidence_level":0.95,"lower_bound":-0.030033350151439264,"upper_bound":0.03885755175545613},"point_estimate":0.0012545251536075774,"standard_error":0.01793073163787533}}