{"Mean":{"confidence_interval":{"confidence_level":0.95,"lower_bound":34221.66955602869,"upper_bound":40797.47890376828},"point_estimate":37109.61695744281,"standard_error":1694.111165613562},"Median":{"confidence_interval":{"confidence_level":0.95,"lower_bound":31263.016964285714,"upper_bound":32526.29910714286},"point_estimate":31948.69989130435,"standard_error":313.5805686258447},"MedianAbsDev":{"confidence_interval":{"confidence_level":0.95,"lower_bound":1539.1756717764429,"upper_bound":3102.0958559461606},"point_estimate":2378.3583068381963,"standard_error":404.82917441546476},"Slope":{"confidence_interval":{"confidence_level":0.95,"lower_bound":30898.840878905066,"upper_bound":31517.67574700331},"point_estimate":31197.462630412294,"standard_error":157.523645412295},"StdDev":{"confidence_interval":{"confidence_level":0.95,"lower_bound":7548.928211615135,"upper_bound":25618.384398302263},"point_estimate":17059.450523167965,"standard_error":4875.328454766599}}