{"Mean":{"confidence_interval":{"confidence_level":0.95,"lower_bound":15236.810179688795,"upper_bound":15444.660852995383},"point_estimate":15334.890418880143,"standard_error":53.14101424966881},"Median":{"confidence_interval":{"confidence_level":0.95,"lower_bound":15266.677130742599,"upper_bound":15368.090277777777},"point_estimate":15304.235350564468,"standard_error":25.53186450878689},"MedianAbsDev":{"confidence_interval":{"confidence_level":0.95,"lower_bound":219.30476869070878,"upper_bound":321.73772363455896},"point_estimate":280.3140129986375,"standard_error":25.352163512358736},"Slope":{"confidence_interval":{"confidence_level":0.95,"lower_bound":15297.167718023478,"upper_bound":15395.095824759606},"point_estimate":15347.182867749461,"standard_error":25.019659738587887},"StdDev":{"confidence_interval":{"confidence_level":0.95,"lower_bound":315.6324096665512,"upper_bound":722.047701710017},"point_estimate":533.8172984954464,"standard_error":104.11814861393567}}