{"Mean":{"confidence_interval":{"confidence_level":0.95,"lower_bound":-0.19470162888742387,"upper_bound":0.030011486611199425},"point_estimate":-0.08973169581290275,"standard_error":0.057650660976025954},"Median":{"confidence_interval":{"confidence_level":0.95,"lower_bound":-0.0979391726005775,"upper_bound":-0.02509816176239843},"point_estimate":-0.05531046901731029,"standard_error":0.01895891024962192}}