{"Mean":{"confidence_interval":{"confidence_level":0.95,"lower_bound":8275054.585216935,"upper_bound":19137993.02398086},"point_estimate":12884421.560325949,"standard_error":2819029.001386788},"Median":{"confidence_interval":{"confidence_level":0.95,"lower_bound":4300917.15625,"upper_bound":6372214.9069767445},"point_estimate":5199867.965306123,"standard_error":533407.920733761},"MedianAbsDev":{"confidence_interval":{"confidence_level":0.95,"lower_bound":1959888.984398854,"upper_bound":4441839.515789872},"point_estimate":3083167.093281666,"standard_error":651837.8273204343},"Slope":{"confidence_interval":{"confidence_level":0.95,"lower_bound":3686797.4553922275,"upper_bound":4229791.982504984},"point_estimate":3923866.660268952,"standard_error":138728.1243360763},"StdDev":{"confidence_interval":{"confidence_level":0.95,"lower_bound":9646587.700152177,"upper_bound":44486092.96418795},"point_estimate":28413282.122953936,"standard_error":9713572.694245514}}