{"Mean":{"confidence_interval":{"confidence_level":0.95,"lower_bound":-0.19562364799405468,"upper_bound":-0.08295872434951101},"point_estimate":-0.13886117881894067,"standard_error":0.028832494920474464},"Median":{"confidence_interval":{"confidence_level":0.95,"lower_bound":-0.0996201023546266,"upper_bound":-0.061959493388140774},"point_estimate":-0.0768113659791817,"standard_error":0.010083789209696166}}