{"Mean":{"confidence_interval":{"confidence_level":0.95,"lower_bound":-0.1852103154810546,"upper_bound":0.04768048784433026},"point_estimate":-0.07410525301075621,"standard_error":0.05954200150349357},"Median":{"confidence_interval":{"confidence_level":0.95,"lower_bound":-0.08265908158523005,"upper_bound":0.004739947842776537},"point_estimate":-0.03534081788014187,"standard_error":0.02194036607244532}}