{"Mean":{"confidence_interval":{"confidence_level":0.95,"lower_bound":12095050.644192826,"upper_bound":12324152.896456482},"point_estimate":12196361.72747785,"standard_error":58836.29065819798},"Median":{"confidence_interval":{"confidence_level":0.95,"lower_bound":11983527.62037037,"upper_bound":12068602.846153846},"point_estimate":12002799.239661653,"standard_error":22369.44479885725},"MedianAbsDev":{"confidence_interval":{"confidence_level":0.95,"lower_bound":115543.55270469266,"upper_bound":222625.09708773106},"point_estimate":145566.25474560002,"standard_error":27208.293921772427},"Slope":{"confidence_interval":{"confidence_level":0.95,"lower_bound":11957756.81081955,"upper_bound":12018294.248894347},"point_estimate":11985514.571390571,"standard_error":15478.401067152401},"StdDev":{"confidence_interval":{"confidence_level":0.95,"lower_bound":290483.84051521326,"upper_bound":871510.0839061828},"point_estimate":589245.6971924442,"standard_error":157206.4148280539}}