{"Mean":{"confidence_interval":{"confidence_level":0.95,"lower_bound":-0.11852614577823951,"upper_bound":0.17844725077470772},"point_estimate":0.016872338880775883,"standard_error":0.07543488449853586},"Median":{"confidence_interval":{"confidence_level":0.95,"lower_bound":-0.01904449287832478,"upper_bound":0.024747647680528874},"point_estimate":-0.00404727367356128,"standard_error":0.01083087246645203}}