{"Mean":{"confidence_interval":{"confidence_level":0.95,"lower_bound":12501.049124537336,"upper_bound":14927.865227751132},"point_estimate":13526.088860881457,"standard_error":630.1222671771608},"Median":{"confidence_interval":{"confidence_level":0.95,"lower_bound":11695.498148148148,"upper_bound":12271.044283413848},"point_estimate":11921.53426963378,"standard_error":140.62529846743968},"MedianAbsDev":{"confidence_interval":{"confidence_level":0.95,"lower_bound":703.3737138991715,"upper_bound":1538.647368165593},"point_estimate":993.1163410190654,"standard_error":228.51854946397225},"Slope":{"confidence_interval":{"confidence_level":0.95,"lower_bound":11663.863960712308,"upper_bound":11963.276437518552},"point_estimate":11808.754130447871,"standard_error":76.27605797973551},"StdDev":{"confidence_interval":{"confidence_level":0.95,"lower_bound":2087.3736941362504,"upper_bound":9896.532922923881},"point_estimate":6319.989030806716,"standard_error":2151.8719606450054}}