{"Mean":{"confidence_interval":{"confidence_level":0.95,"lower_bound":83824.95569540629,"upper_bound":99337.23565107954},"point_estimate":90265.1296263723,"standard_error":4041.9174306893847},"Median":{"confidence_interval":{"confidence_level":0.95,"lower_bound":79219.37898596938,"upper_bound":81000.53957790013},"point_estimate":79895.06299728752,"standard_error":431.05875221129776},"MedianAbsDev":{"confidence_interval":{"confidence_level":0.95,"lower_bound":2500.2452627504467,"upper_bound":4887.247471865618},"point_estimate":3655.258686927996,"standard_error":581.8233817408162},"Slope":{"confidence_interval":{"confidence_level":0.95,"lower_bound":77622.95640241237,"upper_bound":78891.22347792592},"point_estimate":78270.9274956195,"standard_error":323.333583162921},"StdDev":{"confidence_interval":{"confidence_level":0.95,"lower_bound":13330.516402232503,"upper_bound":64063.51036462097},"point_estimate":40348.627601731714,"standard_error":14761.633993731546}}