{"Mean":{"confidence_interval":{"confidence_level":0.95,"lower_bound":4318923.478193602,"upper_bound":4509910.10262985},"point_estimate":4401620.787277136,"standard_error":49394.61357872641},"Median":{"confidence_interval":{"confidence_level":0.95,"lower_bound":4242553.293478261,"upper_bound":4289760.571428572},"point_estimate":4264370.661904762,"standard_error":11925.985914505885},"MedianAbsDev":{"confidence_interval":{"confidence_level":0.95,"lower_bound":83426.55045932942,"upper_bound":155279.95329863342},"point_estimate":114779.5135198173,"standard_error":17698.53899383139},"Slope":{"confidence_interval":{"confidence_level":0.95,"lower_bound":4216676.032414402,"upper_bound":4273836.033454612},"point_estimate":4242569.444167282,"standard_error":14651.612602905543},"StdDev":{"confidence_interval":{"confidence_level":0.95,"lower_bound":209687.52571448378,"upper_bound":758216.0710816251},"point_estimate":495034.3069555311,"standard_error":152735.6254788411}}