{"Mean":{"confidence_interval":{"confidence_level":0.95,"lower_bound":-0.038874923142184735,"upper_bound":0.03515978996597609},"point_estimate":-0.0011872140335198456,"standard_error":0.01875668544894771},"Median":{"confidence_interval":{"confidence_level":0.95,"lower_bound":-0.007025873995239018,"upper_bound":0.010578949923417902},"point_estimate":0.0012288369850854686,"standard_error":0.00435918154501678}}