{"Mean":{"confidence_interval":{"confidence_level":0.95,"lower_bound":-0.12216114751205487,"upper_bound":-0.08868697511732888},"point_estimate":-0.1059897295734411,"standard_error":0.008469523973304739},"Median":{"confidence_interval":{"confidence_level":0.95,"lower_bound":-0.12266668735895303,"upper_bound":-0.1105520058529893},"point_estimate":-0.11701931092677254,"standard_error":0.0031928754044137147}}