{"Mean":{"confidence_interval":{"confidence_level":0.95,"lower_bound":14541.026846348055,"upper_bound":17416.744552622124},"point_estimate":15726.987481377888,"standard_error":751.326827036216},"Median":{"confidence_interval":{"confidence_level":0.95,"lower_bound":13892.72343149808,"upper_bound":14213.358591549295},"point_estimate":14083.635217016385,"standard_error":67.90419927174345},"MedianAbsDev":{"confidence_interval":{"confidence_level":0.95,"lower_bound":550.5532310209821,"upper_bound":1097.8280663547266},"point_estimate":737.4785257950861,"standard_error":144.41521221998255},"Slope":{"confidence_interval":{"confidence_level":0.95,"lower_bound":13732.612808200654,"upper_bound":13978.48179026434},"point_estimate":13854.404846510717,"standard_error":62.90796294616456},"StdDev":{"confidence_interval":{"confidence_level":0.95,"lower_bound":2206.774553808189,"upper_bound":11991.552591841266},"point_estimate":7499.978010458199,"standard_error":2814.295158591187}}