{"Mean":{"confidence_interval":{"confidence_level":0.95,"lower_bound":-0.1446507271714352,"upper_bound":0.10796375609185044},"point_estimate":-0.027383076219586133,"standard_error":0.06410610231155403},"Median":{"confidence_interval":{"confidence_level":0.95,"lower_bound":-0.045528761106798155,"upper_bound":0.02110769464782658},"point_estimate":-0.0065956282600497795,"standard_error":0.017479239972798887}}