{"Mean":{"confidence_interval":{"confidence_level":0.95,"lower_bound":-0.1349076042771277,"upper_bound":0.15440977417761764},"point_estimate":-0.004798114265309739,"standard_error":0.07360995024803185},"Median":{"confidence_interval":{"confidence_level":0.95,"lower_bound":-0.02534501393648847,"upper_bound":0.03657046550995324},"point_estimate":-0.004145699945029335,"standard_error":0.0171262556926714}}