{"Mean":{"confidence_interval":{"confidence_level":0.95,"lower_bound":-0.11844530151999698,"upper_bound":0.14714315636950975},"point_estimate":0.002558275327374515,"standard_error":0.06743618925723048},"Median":{"confidence_interval":{"confidence_level":0.95,"lower_bound":-0.05144695388354159,"upper_bound":0.024386835004196028},"point_estimate":-0.008498007124572826,"standard_error":0.018907862073106182}}