{"Mean":{"confidence_interval":{"confidence_level":0.95,"lower_bound":-0.4260547605376923,"upper_bound":0.6913197864559191},"point_estimate":0.0004826813898901605,"standard_error":0.2888141630877973},"Median":{"confidence_interval":{"confidence_level":0.95,"lower_bound":-0.21496629466294437,"upper_bound":0.2505633604856088},"point_estimate":-0.012717927123028883,"standard_error":0.11664474254724382}}