{"Mean":{"confidence_interval":{"confidence_level":0.95,"lower_bound":12245.004574804805,"upper_bound":14743.440561791469},"point_estimate":13293.631485537086,"standard_error":648.9726292116292},"Median":{"confidence_interval":{"confidence_level":0.95,"lower_bound":11488.965299479167,"upper_bound":11918.97761627907},"point_estimate":11639.576464216945,"standard_error":120.07688407343798},"MedianAbsDev":{"confidence_interval":{"confidence_level":0.95,"lower_bound":559.7947897434397,"upper_bound":1339.0445256679977},"point_estimate":786.3788425975237,"standard_error":191.18577429042386},"Slope":{"confidence_interval":{"confidence_level":0.95,"lower_bound":11467.57119054484,"upper_bound":11774.243805898752},"point_estimate":11615.719419203488,"standard_error":78.40281931045855},"StdDev":{"confidence_interval":{"confidence_level":0.95,"lower_bound":2071.0615817448906,"upper_bound":10284.027183634025},"point_estimate":6542.799558677477,"standard_error":2306.0290503223664}}