{"Mean":{"confidence_interval":{"confidence_level":0.95,"lower_bound":-0.4674894495755431,"upper_bound":0.8383469931867618},"point_estimate":-0.003158178865449335,"standard_error":0.3385559328189659},"Median":{"confidence_interval":{"confidence_level":0.95,"lower_bound":-0.21623797181224735,"upper_bound":0.27371260455416224},"point_estimate":0.003997893406721742,"standard_error":0.12464046977279218}}