{"Mean":{"confidence_interval":{"confidence_level":0.95,"lower_bound":21072.808619341504,"upper_bound":25428.974756337167},"point_estimate":22865.849674165427,"standard_error":1136.703507996241},"Median":{"confidence_interval":{"confidence_level":0.95,"lower_bound":19741.90261865794,"upper_bound":20799.673153709547},"point_estimate":20357.915415910713,"standard_error":306.9058415649046},"MedianAbsDev":{"confidence_interval":{"confidence_level":0.95,"lower_bound":1413.9155581887612,"upper_bound":2750.1986167061295},"point_estimate":2016.0419153553694,"standard_error":357.19605555064766},"Slope":{"confidence_interval":{"confidence_level":0.95,"lower_bound":20008.341164782734,"upper_bound":20743.029462392235},"point_estimate":20371.334114114492,"standard_error":187.8594856597507},"StdDev":{"confidence_interval":{"confidence_level":0.95,"lower_bound":3413.1650036338992,"upper_bound":18312.75020887902},"point_estimate":11434.454149390805,"standard_error":4362.104662400131}}