{"Mean":{"confidence_interval":{"confidence_level":0.95,"lower_bound":138567.81852782657,"upper_bound":215993.21098751976},"point_estimate":171578.10751062815,"standard_error":20077.52822575318},"Median":{"confidence_interval":{"confidence_level":0.95,"lower_bound":110484.57685950413,"upper_bound":123177.64499458874},"point_estimate":117029.50841204252,"standard_error":3526.596296231155},"MedianAbsDev":{"confidence_interval":{"confidence_level":0.95,"lower_bound":14177.590056333205,"upper_bound":29851.762420257954},"point_estimate":22731.85771290423,"standard_error":4437.610332455648},"Slope":{"confidence_interval":{"confidence_level":0.95,"lower_bound":105778.89420236908,"upper_bound":109686.14973893583},"point_estimate":107488.24464768865,"standard_error":995.5628986548444},"StdDev":{"confidence_interval":{"confidence_level":0.95,"lower_bound":70086.21738975371,"upper_bound":314213.224898156},"point_estimate":202025.4133068484,"standard_error":67266.48963801858}}