{"Mean":{"confidence_interval":{"confidence_level":0.95,"lower_bound":29657.710473294672,"upper_bound":35100.99456134295},"point_estimate":31923.224451645397,"standard_error":1410.8820863701103},"Median":{"confidence_interval":{"confidence_level":0.95,"lower_bound":27811.301673538685,"upper_bound":28817.386759413064},"point_estimate":28003.945545696537,"standard_error":243.94143842634344},"MedianAbsDev":{"confidence_interval":{"confidence_level":0.95,"lower_bound":1182.4136140382645,"upper_bound":3048.4446869707936},"point_estimate":1599.9569099380076,"standard_error":483.7527197083553},"Slope":{"confidence_interval":{"confidence_level":0.95,"lower_bound":27396.385271294486,"upper_bound":28170.87326864257},"point_estimate":27788.963986066836,"standard_error":197.75291552424926},"StdDev":{"confidence_interval":{"confidence_level":0.95,"lower_bound":4569.521311153283,"upper_bound":22437.008599082845},"point_estimate":14158.707466378566,"standard_error":5077.907117082481}}