{"Mean":{"confidence_interval":{"confidence_level":0.95,"lower_bound":17508290.36991042,"upper_bound":17772638.527336843},"point_estimate":17629132.732263256,"standard_error":67809.75178229006},"Median":{"confidence_interval":{"confidence_level":0.95,"lower_bound":17339823.133333333,"upper_bound":17541828.088145897},"point_estimate":17385989.302910604,"standard_error":54624.4576404986},"MedianAbsDev":{"confidence_interval":{"confidence_level":0.95,"lower_bound":184234.2109518709,"upper_bound":391428.63425387314},"point_estimate":289523.90097816713,"standard_error":53359.85735323828},"Slope":{"confidence_interval":{"confidence_level":0.95,"lower_bound":17385607.512304198,"upper_bound":17606921.112499565},"point_estimate":17481409.544601742,"standard_error":56870.78417035883},"StdDev":{"confidence_interval":{"confidence_level":0.95,"lower_bound":399336.2138080156,"upper_bound":944376.7588197704},"point_estimate":678152.0015188856,"standard_error":142937.48083077846}}