{"Mean":{"confidence_interval":{"confidence_level":0.95,"lower_bound":21965.50396804577,"upper_bound":22358.007141823236},"point_estimate":22153.987021304216,"standard_error":100.4521905475686},"Median":{"confidence_interval":{"confidence_level":0.95,"lower_bound":21756.167984189724,"upper_bound":22069.112068965518},"point_estimate":21912.38829398722,"standard_error":76.6869932082262},"MedianAbsDev":{"confidence_interval":{"confidence_level":0.95,"lower_bound":578.4974311413274,"upper_bound":1005.5858098535574},"point_estimate":858.3443450177026,"standard_error":110.93925178045993},"Slope":{"confidence_interval":{"confidence_level":0.95,"lower_bound":22106.971500731335,"upper_bound":22751.91479487105},"point_estimate":22426.156499523087,"standard_error":164.07236691408977},"StdDev":{"confidence_interval":{"confidence_level":0.95,"lower_bound":772.3933600162172,"upper_bound":1235.4332738500366},"point_estimate":1014.2821963991868,"standard_error":118.5855102103335}}