{"Mean":{"confidence_interval":{"confidence_level":0.95,"lower_bound":38926.20212728903,"upper_bound":39394.07444230761},"point_estimate":39142.945984237114,"standard_error":120.04995367845953},"Median":{"confidence_interval":{"confidence_level":0.95,"lower_bound":38729.51082872352,"upper_bound":39122.385040554684},"point_estimate":38911.15136312644,"standard_error":98.72612571692756},"MedianAbsDev":{"confidence_interval":{"confidence_level":0.95,"lower_bound":526.4826685848287,"upper_bound":784.6938577007107},"point_estimate":665.0435638819254,"standard_error":67.01031143888459},"Slope":{"confidence_interval":{"confidence_level":0.95,"lower_bound":38824.440358850334,"upper_bound":39080.84947310443},"point_estimate":38951.44198019802,"standard_error":65.39065146394253},"StdDev":{"confidence_interval":{"confidence_level":0.95,"lower_bound":757.8396554887099,"upper_bound":1595.9342620877205},"point_estimate":1204.7176183121517,"standard_error":213.67962044326768}}