{"Mean":{"confidence_interval":{"confidence_level":0.95,"lower_bound":133963.5152111359,"upper_bound":159124.7840639936},"point_estimate":144787.47826444433,"standard_error":6535.824941259617},"Median":{"confidence_interval":{"confidence_level":0.95,"lower_bound":124834.82010582011,"upper_bound":129824.23076923078},"point_estimate":127344.36508598068,"standard_error":1338.2009581472244},"MedianAbsDev":{"confidence_interval":{"confidence_level":0.95,"lower_bound":6935.131566908846,"upper_bound":13173.3617072093},"point_estimate":9558.1301144865,"standard_error":1585.9991434617075},"Slope":{"confidence_interval":{"confidence_level":0.95,"lower_bound":121673.6548543125,"upper_bound":124037.47279917377},"point_estimate":122822.6007408502,"standard_error":600.8657197221261},"StdDev":{"confidence_interval":{"confidence_level":0.95,"lower_bound":24667.736005127095,"upper_bound":101002.18529915888},"point_estimate":65596.52983636346,"standard_error":20658.749588218656}}