{"Mean":{"confidence_interval":{"confidence_level":0.95,"lower_bound":-0.43339353355886795,"upper_bound":0.8321855118450886},"point_estimate":0.008104648581011453,"standard_error":0.326629515578858},"Median":{"confidence_interval":{"confidence_level":0.95,"lower_bound":-0.22727674673415188,"upper_bound":0.3300184430453825},"point_estimate":0.0043546310922915055,"standard_error":0.14111294819048872}}