{"Mean":{"confidence_interval":{"confidence_level":0.95,"lower_bound":-0.17638984951777958,"upper_bound":0.050003389183618206},"point_estimate":-0.07427746472693142,"standard_error":0.05799824971319855},"Median":{"confidence_interval":{"confidence_level":0.95,"lower_bound":-0.09783731599336931,"upper_bound":-0.011098139100521709},"point_estimate":-0.043056030266248824,"standard_error":0.021344200717688513}}