{"Mean":{"confidence_interval":{"confidence_level":0.95,"lower_bound":13017.767184416163,"upper_bound":13179.115847065328},"point_estimate":13097.791942613352,"standard_error":41.17814694962169},"Median":{"confidence_interval":{"confidence_level":0.95,"lower_bound":13041.712280701755,"upper_bound":13136.879772961816},"point_estimate":13077.156761882385,"standard_error":22.219211265470843},"MedianAbsDev":{"confidence_interval":{"confidence_level":0.95,"lower_bound":148.00284048544603,"upper_bound":228.37177667795754},"point_estimate":190.86383695559115,"standard_error":20.965238700521812},"Slope":{"confidence_interval":{"confidence_level":0.95,"lower_bound":13051.226223732074,"upper_bound":13183.74349667545},"point_estimate":13114.019323263827,"standard_error":33.925002824539575},"StdDev":{"confidence_interval":{"confidence_level":0.95,"lower_bound":298.7157679122561,"upper_bound":519.5766187690467},"point_estimate":414.8629011170715,"standard_error":56.41501853797517}}