{"Mean":{"confidence_interval":{"confidence_level":0.95,"lower_bound":33975.07635877123,"upper_bound":40485.51568171654},"point_estimate":36712.19778467814,"standard_error":1684.9001680242434},"Median":{"confidence_interval":{"confidence_level":0.95,"lower_bound":31960.65759569378,"upper_bound":33129.641341991344},"point_estimate":32118.582714971628,"standard_error":320.80529837727},"MedianAbsDev":{"confidence_interval":{"confidence_level":0.95,"lower_bound":1494.7339085421554,"upper_bound":2894.042975228843},"point_estimate":1794.854145109381,"standard_error":382.06656844049024},"Slope":{"confidence_interval":{"confidence_level":0.95,"lower_bound":31530.82420556178,"upper_bound":32262.89942927456},"point_estimate":31875.444374527004,"standard_error":187.1508705592261},"StdDev":{"confidence_interval":{"confidence_level":0.95,"lower_bound":5555.463873204109,"upper_bound":26697.949047000715},"point_estimate":16932.395290091805,"standard_error":5862.72707140967}}