{"Mean":{"confidence_interval":{"confidence_level":0.95,"lower_bound":-0.2895909774446333,"upper_bound":-0.07811572536824389},"point_estimate":-0.19297172120743955,"standard_error":0.0540947468163519},"Median":{"confidence_interval":{"confidence_level":0.95,"lower_bound":-0.1391762366670132,"upper_bound":-0.047159581101184456},"point_estimate":-0.06508104602127163,"standard_error":0.024720827610028227}}