{"Mean":{"confidence_interval":{"confidence_level":0.95,"lower_bound":28340265.97136871,"upper_bound":28690205.730584726},"point_estimate":28505738.6181567,"standard_error":89597.44540586484},"Median":{"confidence_interval":{"confidence_level":0.95,"lower_bound":28107217.96904762,"upper_bound":28455758.111111112},"point_estimate":28292845.973776225,"standard_error":92206.00792658058},"MedianAbsDev":{"confidence_interval":{"confidence_level":0.95,"lower_bound":484033.01184021396,"upper_bound":798735.0288608276},"point_estimate":631605.7436490103,"standard_error":79994.57727219322},"Slope":{"confidence_interval":{"confidence_level":0.95,"lower_bound":28129720.589447603,"upper_bound":28484282.85355821},"point_estimate":28292087.354523424,"standard_error":91042.86544210972},"StdDev":{"confidence_interval":{"confidence_level":0.95,"lower_bound":650219.6361672076,"upper_bound":1134150.379513953},"point_estimate":900637.1036498768,"standard_error":124438.05440956018}}