{"Mean":{"confidence_interval":{"confidence_level":0.95,"lower_bound":-0.3207988662915541,"upper_bound":-0.18064619101308513},"point_estimate":-0.25478897017256386,"standard_error":0.035702579208812014},"Median":{"confidence_interval":{"confidence_level":0.95,"lower_bound":-0.2838108208950787,"upper_bound":-0.15852687932579937},"point_estimate":-0.24077923336597817,"standard_error":0.03475114497226006}}