{"Mean":{"confidence_interval":{"confidence_level":0.95,"lower_bound":-0.4452043318302602,"upper_bound":0.8983575983608355},"point_estimate":0.004390592919711889,"standard_error":0.34960952206092394},"Median":{"confidence_interval":{"confidence_level":0.95,"lower_bound":-0.22581762341266198,"upper_bound":0.32755234375729536},"point_estimate":0.02375987916949529,"standard_error":0.13984529990381547}}