{"Mean":{"confidence_interval":{"confidence_level":0.95,"lower_bound":36370.69011409681,"upper_bound":43090.54955859959},"point_estimate":39209.873439057155,"standard_error":1741.7030992168131},"Median":{"confidence_interval":{"confidence_level":0.95,"lower_bound":33654.969551282054,"upper_bound":35689.5390625},"point_estimate":34917.85886217949,"standard_error":461.37365880548197},"MedianAbsDev":{"confidence_interval":{"confidence_level":0.95,"lower_bound":2199.8176681000386,"upper_bound":4390.223767648951},"point_estimate":3330.445743488259,"standard_error":534.7340493774462},"Slope":{"confidence_interval":{"confidence_level":0.95,"lower_bound":33127.613453458645,"upper_bound":34027.67615201738},"point_estimate":33532.2423871361,"standard_error":229.61061990767809},"StdDev":{"confidence_interval":{"confidence_level":0.95,"lower_bound":6001.917325501763,"upper_bound":27572.980868840314},"point_estimate":17530.57193058377,"standard_error":6124.332145320022}}