{"Mean":{"confidence_interval":{"confidence_level":0.95,"lower_bound":12851.780386043005,"upper_bound":15762.492938159949},"point_estimate":14047.728929294366,"standard_error":761.0761001187944},"Median":{"confidence_interval":{"confidence_level":0.95,"lower_bound":11920.396775638155,"upper_bound":12324.792247690864},"point_estimate":12040.754536599765,"standard_error":92.9920891255157},"MedianAbsDev":{"confidence_interval":{"confidence_level":0.95,"lower_bound":461.544257670511,"upper_bound":1106.7226068559798},"point_estimate":693.395523096467,"standard_error":143.68296826539557},"Slope":{"confidence_interval":{"confidence_level":0.95,"lower_bound":11917.062980037013,"upper_bound":12243.715748796903},"point_estimate":12076.19897105702,"standard_error":83.33985021525643},"StdDev":{"confidence_interval":{"confidence_level":0.95,"lower_bound":2353.8384309394287,"upper_bound":12245.76362116083},"point_estimate":7638.181060360372,"standard_error":2924.551882265194}}