{"Mean":{"confidence_interval":{"confidence_level":0.95,"lower_bound":38033.49832267133,"upper_bound":46039.78065412148},"point_estimate":41473.62818079416,"standard_error":2073.4508508256736},"Median":{"confidence_interval":{"confidence_level":0.95,"lower_bound":34816.845578231296,"upper_bound":37420.56882352941},"point_estimate":36279.253286539446,"standard_error":685.3718670360948},"MedianAbsDev":{"confidence_interval":{"confidence_level":0.95,"lower_bound":2719.498196891669,"upper_bound":4684.980277378071},"point_estimate":3862.1687828347203,"standard_error":492.119342129456},"Slope":{"confidence_interval":{"confidence_level":0.95,"lower_bound":34645.26581452343,"upper_bound":35647.23517276218},"point_estimate":35123.86450568937,"standard_error":255.32099318074998},"StdDev":{"confidence_interval":{"confidence_level":0.95,"lower_bound":8399.155116398873,"upper_bound":31963.946892261756},"point_estimate":20815.551958292042,"standard_error":6575.81129570082}}