{"Mean":{"confidence_interval":{"confidence_level":0.95,"lower_bound":12045.235433271217,"upper_bound":14754.743627062215},"point_estimate":13166.346373880018,"standard_error":704.9357107210178},"Median":{"confidence_interval":{"confidence_level":0.95,"lower_bound":11263.565555555555,"upper_bound":11549.341545601292},"point_estimate":11360.848528248142,"standard_error":84.10302008520492},"MedianAbsDev":{"confidence_interval":{"confidence_level":0.95,"lower_bound":520.2141134058088,"upper_bound":1183.4097974669685},"point_estimate":789.0181447760021,"standard_error":158.40566040489145},"Slope":{"confidence_interval":{"confidence_level":0.95,"lower_bound":11162.11826040265,"upper_bound":11499.903281104742},"point_estimate":11326.415872875721,"standard_error":86.19078061991279},"StdDev":{"confidence_interval":{"confidence_level":0.95,"lower_bound":2226.84715550636,"upper_bound":11296.595418957177},"point_estimate":7087.55391790155,"standard_error":2618.534595890021}}