{"Mean":{"confidence_interval":{"confidence_level":0.95,"lower_bound":42462.354827738614,"upper_bound":50649.00349350411},"point_estimate":45870.560749033335,"standard_error":2128.0401905366866},"Median":{"confidence_interval":{"confidence_level":0.95,"lower_bound":40207.005288461536,"upper_bound":41374.14230769231},"point_estimate":40654.120930880716,"standard_error":314.6759491682211},"MedianAbsDev":{"confidence_interval":{"confidence_level":0.95,"lower_bound":1488.7222959865492,"upper_bound":2985.552158422978},"point_estimate":2044.2212968080999,"standard_error":415.9157316901144},"Slope":{"confidence_interval":{"confidence_level":0.95,"lower_bound":39782.091773690125,"upper_bound":40375.76167079093},"point_estimate":40058.0640270089,"standard_error":151.73818003218372},"StdDev":{"confidence_interval":{"confidence_level":0.95,"lower_bound":6396.9479595891335,"upper_bound":33792.141087014075},"point_estimate":21294.77780394819,"standard_error":7677.378505371076}}