{"Mean":{"confidence_interval":{"confidence_level":0.95,"lower_bound":-0.22348793043606863,"upper_bound":0.048688125336410315},"point_estimate":-0.0959542615265393,"standard_error":0.0695591530204295},"Median":{"confidence_interval":{"confidence_level":0.95,"lower_bound":-0.09011858721131452,"upper_bound":0.004560201357274085},"point_estimate":-0.027792868405564497,"standard_error":0.024748151222849627}}