{"Mean":{"confidence_interval":{"confidence_level":0.95,"lower_bound":34393.20402623034,"upper_bound":41035.29583449918},"point_estimate":37230.86807270491,"standard_error":1715.6914646558255},"Median":{"confidence_interval":{"confidence_level":0.95,"lower_bound":32173.686363636363,"upper_bound":33598.24375},"point_estimate":32703.57112771739,"standard_error":297.38752882149015},"MedianAbsDev":{"confidence_interval":{"confidence_level":0.95,"lower_bound":1525.2794943598303,"upper_bound":3365.1568670260535},"point_estimate":2275.2337353049757,"standard_error":485.6088613055037},"Slope":{"confidence_interval":{"confidence_level":0.95,"lower_bound":31855.120570187817,"upper_bound":32657.031488447963},"point_estimate":32231.640387450127,"standard_error":204.58857225331207},"StdDev":{"confidence_interval":{"confidence_level":0.95,"lower_bound":5945.948713421796,"upper_bound":26878.940789912624},"point_estimate":17280.82389976851,"standard_error":5669.8383726111115}}