{"Mean":{"confidence_interval":{"confidence_level":0.95,"lower_bound":61202.45307672152,"upper_bound":73906.5479522298},"point_estimate":66539.09182831821,"standard_error":3306.2817111319887},"Median":{"confidence_interval":{"confidence_level":0.95,"lower_bound":57279.23079499029,"upper_bound":58574.18729737695},"point_estimate":57929.19877819549,"standard_error":380.2414203316254},"MedianAbsDev":{"confidence_interval":{"confidence_level":0.95,"lower_bound":1687.2887397882253,"upper_bound":4201.657895064108},"point_estimate":2829.5462334285335,"standard_error":681.2493303635715},"Slope":{"confidence_interval":{"confidence_level":0.95,"lower_bound":56408.248523973045,"upper_bound":57217.29944017694},"point_estimate":56807.48163210351,"standard_error":206.04725203254804},"StdDev":{"confidence_interval":{"confidence_level":0.95,"lower_bound":10486.98819872329,"upper_bound":52139.39129919124},"point_estimate":33098.487585328105,"standard_error":11697.369138271273}}