{"Mean":{"confidence_interval":{"confidence_level":0.95,"lower_bound":11007715.664385816,"upper_bound":11255416.27801926},"point_estimate":11122191.904506726,"standard_error":63423.738461338886},"Median":{"confidence_interval":{"confidence_level":0.95,"lower_bound":10791503.570431894,"upper_bound":11046210.072463768},"point_estimate":10956555.110119049,"standard_error":68177.85941366247},"MedianAbsDev":{"confidence_interval":{"confidence_level":0.95,"lower_bound":193985.42086264296,"upper_bound":450951.50774560054},"point_estimate":349078.8918345149,"standard_error":67991.58874919357},"Slope":{"confidence_interval":{"confidence_level":0.95,"lower_bound":10823317.952764241,"upper_bound":10980315.70417957},"point_estimate":10895413.189185755,"standard_error":40060.241334082195},"StdDev":{"confidence_interval":{"confidence_level":0.95,"lower_bound":404237.3604542097,"upper_bound":874996.3156125474},"point_estimate":638544.2124718442,"standard_error":125143.86793134728}}