{"Mean":{"confidence_interval":{"confidence_level":0.95,"lower_bound":24324126.206786055,"upper_bound":24561798.78968897},"point_estimate":24431430.734685335,"standard_error":60807.8344910979},"Median":{"confidence_interval":{"confidence_level":0.95,"lower_bound":24197511.649122808,"upper_bound":24390565.55},"point_estimate":24250399.600211527,"standard_error":45200.23752291914},"MedianAbsDev":{"confidence_interval":{"confidence_level":0.95,"lower_bound":240734.59329486472,"upper_bound":424373.5160173819},"point_estimate":321466.21209263447,"standard_error":44351.21223385014},"Slope":{"confidence_interval":{"confidence_level":0.95,"lower_bound":24191859.62913309,"upper_bound":24319946.739897203},"point_estimate":24253837.094487958,"standard_error":32791.337454995715},"StdDev":{"confidence_interval":{"confidence_level":0.95,"lower_bound":354084.75606445473,"upper_bound":879755.8198145904},"point_estimate":610248.5495068894,"standard_error":149112.13254396422}}