{"Mean":{"confidence_interval":{"confidence_level":0.95,"lower_bound":-0.21691324965644665,"upper_bound":0.04421284242803407},"point_estimate":-0.09779479405453595,"standard_error":0.06647649706391205},"Median":{"confidence_interval":{"confidence_level":0.95,"lower_bound":-0.09310487233428599,"upper_bound":0.005024739823871672},"point_estimate":-0.057306226957402395,"standard_error":0.026431567126090492}}