{"Mean":{"confidence_interval":{"confidence_level":0.95,"lower_bound":86702.52924913049,"upper_bound":105542.74609707393},"point_estimate":94596.89913139142,"standard_error":4887.326862785608},"Median":{"confidence_interval":{"confidence_level":0.95,"lower_bound":81467.33413363462,"upper_bound":83768.58312655088},"point_estimate":82140.815986883,"standard_error":594.5912976321576},"MedianAbsDev":{"confidence_interval":{"confidence_level":0.95,"lower_bound":2821.620868564154,"upper_bound":6143.897367511955},"point_estimate":4235.061766688397,"standard_error":880.666314860944},"Slope":{"confidence_interval":{"confidence_level":0.95,"lower_bound":79915.67460262588,"upper_bound":81310.98173667896},"point_estimate":80612.98180764116,"standard_error":356.24658979351625},"StdDev":{"confidence_interval":{"confidence_level":0.95,"lower_bound":15485.025090818814,"upper_bound":77258.95384630142},"point_estimate":49036.86938434756,"standard_error":17089.885798519073}}