{"Mean":{"confidence_interval":{"confidence_level":0.95,"lower_bound":19644824.810908195,"upper_bound":19977310.188152764},"point_estimate":19793792.088168573,"standard_error":85057.13149436742},"Median":{"confidence_interval":{"confidence_level":0.95,"lower_bound":19463375.189508792,"upper_bound":19641856.181818184},"point_estimate":19550369.15649225,"standard_error":47500.83095878581},"MedianAbsDev":{"confidence_interval":{"confidence_level":0.95,"lower_bound":207123.38078058447,"upper_bound":372556.5985811097},"point_estimate":298375.64818027033,"standard_error":42692.86194600042},"Slope":{"confidence_interval":{"confidence_level":0.95,"lower_bound":19410538.156537674,"upper_bound":19493044.037810136},"point_estimate":19450171.418817792,"standard_error":20988.20802165624},"StdDev":{"confidence_interval":{"confidence_level":0.95,"lower_bound":434901.63339523494,"upper_bound":1241023.2277070654},"point_estimate":857056.1218551198,"standard_error":212658.94427486352}}