{"Mean":{"confidence_interval":{"confidence_level":0.95,"lower_bound":36511.57358859338,"upper_bound":43010.31221657961},"point_estimate":39288.69978647166,"standard_error":1681.0579525737394},"Median":{"confidence_interval":{"confidence_level":0.95,"lower_bound":33739.815,"upper_bound":35401.90520833333},"point_estimate":34323.902339855435,"standard_error":391.44243107831966},"MedianAbsDev":{"confidence_interval":{"confidence_level":0.95,"lower_bound":1673.7650580693416,"upper_bound":3971.7064367027374},"point_estimate":2601.220159987564,"standard_error":557.9868636297781},"Slope":{"confidence_interval":{"confidence_level":0.95,"lower_bound":33257.50447213547,"upper_bound":34360.08061986946},"point_estimate":33752.07914539309,"standard_error":282.86066287998943},"StdDev":{"confidence_interval":{"confidence_level":0.95,"lower_bound":6340.956888755812,"upper_bound":26042.360099165184},"point_estimate":16833.684798207556,"standard_error":5431.641352073005}}