{"Mean":{"confidence_interval":{"confidence_level":0.95,"lower_bound":17760.010837907917,"upper_bound":21342.712346227258},"point_estimate":19256.00527064038,"standard_error":928.0423535523994},"Median":{"confidence_interval":{"confidence_level":0.95,"lower_bound":16855.96731234867,"upper_bound":17449.027862219795},"point_estimate":17005.837966101695,"standard_error":174.71434822798366},"MedianAbsDev":{"confidence_interval":{"confidence_level":0.95,"lower_bound":828.8660477846861,"upper_bound":1592.662624196704},"point_estimate":1106.6742544494384,"standard_error":208.44559917613873},"Slope":{"confidence_interval":{"confidence_level":0.95,"lower_bound":16640.630737816733,"upper_bound":17061.16451409644},"point_estimate":16849.859951960287,"standard_error":107.85150349777176},"StdDev":{"confidence_interval":{"confidence_level":0.95,"lower_bound":2775.698724116474,"upper_bound":14769.280559828805},"point_estimate":9317.346806933836,"standard_error":3341.4394356435055}}