{"Mean":{"confidence_interval":{"confidence_level":0.95,"lower_bound":919298.1912664986,"upper_bound":1930620.5972335779},"point_estimate":1351947.7927266026,"standard_error":262292.35688873497},"Median":{"confidence_interval":{"confidence_level":0.95,"lower_bound":550555.5,"upper_bound":715929.8154761905},"point_estimate":621509.8205392156,"standard_error":44147.95494331466},"MedianAbsDev":{"confidence_interval":{"confidence_level":0.95,"lower_bound":180954.5092294986,"upper_bound":400752.1298607956},"point_estimate":270209.2385112005,"standard_error":58303.71773096131},"Slope":{"confidence_interval":{"confidence_level":0.95,"lower_bound":489189.74725423066,"upper_bound":538222.0511331949},"point_estimate":510515.3072993941,"standard_error":12476.048173630865},"StdDev":{"confidence_interval":{"confidence_level":0.95,"lower_bound":916664.4579689462,"upper_bound":4124335.1929939934},"point_estimate":2645402.2795221186,"standard_error":888850.9111663258}}