{"Mean":{"confidence_interval":{"confidence_level":0.95,"lower_bound":-0.19470382237402076,"upper_bound":0.032785880877177466},"point_estimate":-0.09164361968243961,"standard_error":0.05755073276739175},"Median":{"confidence_interval":{"confidence_level":0.95,"lower_bound":-0.07009872683330126,"upper_bound":-0.005144124303336106},"point_estimate":-0.038212196156499956,"standard_error":0.01644916942625633}}