{"Mean":{"confidence_interval":{"confidence_level":0.95,"lower_bound":18815.962163805798,"upper_bound":22392.55689634971},"point_estimate":20350.103626517553,"standard_error":924.7757373175651},"Median":{"confidence_interval":{"confidence_level":0.95,"lower_bound":17538.67340158046,"upper_bound":18469.745943204867},"point_estimate":17910.466445471422,"standard_error":248.63570482627574},"MedianAbsDev":{"confidence_interval":{"confidence_level":0.95,"lower_bound":1278.555947452443,"upper_bound":2374.6160567797915},"point_estimate":1822.3856793710363,"standard_error":290.4715228980983},"Slope":{"confidence_interval":{"confidence_level":0.95,"lower_bound":17156.51032248504,"upper_bound":17577.830453976007},"point_estimate":17359.562108202586,"standard_error":107.38301434827146},"StdDev":{"confidence_interval":{"confidence_level":0.95,"lower_bound":3419.24595284246,"upper_bound":14336.366936926828},"point_estimate":9302.366381972608,"standard_error":2931.314914657705}}