{"Mean":{"confidence_interval":{"confidence_level":0.95,"lower_bound":17384.48140317765,"upper_bound":20474.28032856872},"point_estimate":18678.52577151393,"standard_error":794.8486394476913},"Median":{"confidence_interval":{"confidence_level":0.95,"lower_bound":16344.30705882353,"upper_bound":17144.984684684685},"point_estimate":16466.178616645913,"standard_error":206.6538551727685},"MedianAbsDev":{"confidence_interval":{"confidence_level":0.95,"lower_bound":746.1292746680522,"upper_bound":1698.1854634067352},"point_estimate":1033.5031148805683,"standard_error":239.9293502803851},"Slope":{"confidence_interval":{"confidence_level":0.95,"lower_bound":16278.158079941031,"upper_bound":16617.994692048884},"point_estimate":16437.065169203488,"standard_error":86.87932590786336},"StdDev":{"confidence_interval":{"confidence_level":0.95,"lower_bound":2639.958988907168,"upper_bound":12539.707101391889},"point_estimate":7987.153241253246,"standard_error":2706.640349517572}}