{"Mean":{"confidence_interval":{"confidence_level":0.95,"lower_bound":-0.14686755918450473,"upper_bound":0.14100781052315417},"point_estimate":-0.014265707067638078,"standard_error":0.07302733673951463},"Median":{"confidence_interval":{"confidence_level":0.95,"lower_bound":-0.05587152031987064,"upper_bound":0.03371667535828893},"point_estimate":0.0037630275053255335,"standard_error":0.023581849644187015}}