{"Mean":{"confidence_interval":{"confidence_level":0.95,"lower_bound":-0.3959240418706073,"upper_bound":0.671649557701413},"point_estimate":0.003165816505239283,"standard_error":0.2747267490013687},"Median":{"confidence_interval":{"confidence_level":0.95,"lower_bound":-0.17102322246551685,"upper_bound":0.22068039934678385},"point_estimate":0.0032806026083049833,"standard_error":0.09865657611107495}}