{"Mean":{"confidence_interval":{"confidence_level":0.95,"lower_bound":130941.10842893874,"upper_bound":154472.50214927757},"point_estimate":141188.8914312168,"standard_error":6077.453697042518},"Median":{"confidence_interval":{"confidence_level":0.95,"lower_bound":122437.13450883498,"upper_bound":128181.36721743295},"point_estimate":123985.33509311237,"standard_error":1568.706925220377},"MedianAbsDev":{"confidence_interval":{"confidence_level":0.95,"lower_bound":6615.125192693198,"upper_bound":13180.926544537548},"point_estimate":8644.004476766837,"standard_error":1507.257952475505},"Slope":{"confidence_interval":{"confidence_level":0.95,"lower_bound":119256.16788066822,"upper_bound":121558.5048442133},"point_estimate":120384.85326568478,"standard_error":587.8131455544684},"StdDev":{"confidence_interval":{"confidence_level":0.95,"lower_bound":24523.010338515945,"upper_bound":92920.107055533},"point_estimate":61228.41506308395,"standard_error":18196.72721628807}}