{"Mean":{"confidence_interval":{"confidence_level":0.95,"lower_bound":-0.18855992856424642,"upper_bound":0.039626679553747816},"point_estimate":-0.08129129364743015,"standard_error":0.05826224519195981},"Median":{"confidence_interval":{"confidence_level":0.95,"lower_bound":-0.10979338483228618,"upper_bound":-0.019381734059908482},"point_estimate":-0.061116585208006446,"standard_error":0.02335529556237523}}