{"Mean":{"confidence_interval":{"confidence_level":0.95,"lower_bound":-0.43640275000042467,"upper_bound":-0.24637756988722295},"point_estimate":-0.3529216095577393,"standard_error":0.04845254321156024},"Median":{"confidence_interval":{"confidence_level":0.95,"lower_bound":-0.3433342996192905,"upper_bound":-0.22304812869400947},"point_estimate":-0.2779439825538106,"standard_error":0.030827530926176624}}