{"Mean":{"confidence_interval":{"confidence_level":0.95,"lower_bound":-0.10789286469196872,"upper_bound":0.10450091183596472},"point_estimate":-0.0026150556713356865,"standard_error":0.05423573945753688},"Median":{"confidence_interval":{"confidence_level":0.95,"lower_bound":-0.026397977129698158,"upper_bound":0.03516945485909284},"point_estimate":0.006160990532542598,"standard_error":0.015877999547731603}}