{"Mean":{"confidence_interval":{"confidence_level":0.95,"lower_bound":23972.37228939668,"upper_bound":28134.782395750244},"point_estimate":25745.77191124842,"standard_error":1076.928347826411},"Median":{"confidence_interval":{"confidence_level":0.95,"lower_bound":22589.929174826495,"upper_bound":23402.811478980653},"point_estimate":23030.854393115944,"standard_error":265.57767007123806},"MedianAbsDev":{"confidence_interval":{"confidence_level":0.95,"lower_bound":1060.8153887262831,"upper_bound":2151.790221304625},"point_estimate":1639.973238570824,"standard_error":294.3510124731672},"Slope":{"confidence_interval":{"confidence_level":0.95,"lower_bound":22287.25256884845,"upper_bound":22835.406270981814},"point_estimate":22538.654317952318,"standard_error":139.89964589193625},"StdDev":{"confidence_interval":{"confidence_level":0.95,"lower_bound":3844.777141142752,"upper_bound":16814.13439563026},"point_estimate":10782.036257532149,"standard_error":3514.4546818594326}}