{"Mean":{"confidence_interval":{"confidence_level":0.95,"lower_bound":31823.586078762008,"upper_bound":37582.817459816215},"point_estimate":34331.87354374132,"standard_error":1482.965309355607},"Median":{"confidence_interval":{"confidence_level":0.95,"lower_bound":28954.59935897436,"upper_bound":30216.670107323233},"point_estimate":29471.783442481472,"standard_error":379.8391344071555},"MedianAbsDev":{"confidence_interval":{"confidence_level":0.95,"lower_bound":1221.048963713601,"upper_bound":3305.150661189273},"point_estimate":2292.1010273973307,"standard_error":575.4300210919303},"Slope":{"confidence_interval":{"confidence_level":0.95,"lower_bound":28642.594295251783,"upper_bound":29372.68010910514},"point_estimate":28965.500346534653,"standard_error":186.1959387071441},"StdDev":{"confidence_interval":{"confidence_level":0.95,"lower_bound":6610.882346692047,"upper_bound":22517.452488684943},"point_estimate":14896.164430445953,"standard_error":4417.012655464712}}