{"Mean":{"confidence_interval":{"confidence_level":0.95,"lower_bound":35118.510667036666,"upper_bound":35532.82276829776},"point_estimate":35307.08038827815,"standard_error":106.00022753974542},"Median":{"confidence_interval":{"confidence_level":0.95,"lower_bound":34922.85080502619,"upper_bound":35239.90117312478},"point_estimate":35059.91626610937,"standard_error":89.2108462819719},"MedianAbsDev":{"confidence_interval":{"confidence_level":0.95,"lower_bound":440.8789548687654,"upper_bound":771.2207158071523},"point_estimate":585.1080711978666,"standard_error":85.40881665167986},"Slope":{"confidence_interval":{"confidence_level":0.95,"lower_bound":34807.20039145347,"upper_bound":35065.7263307915},"point_estimate":34932.205081251304,"standard_error":65.85255288637262},"StdDev":{"confidence_interval":{"confidence_level":0.95,"lower_bound":664.286695298019,"upper_bound":1508.770010363259},"point_estimate":1067.0260265227328,"standard_error":244.9830316463093}}