{"Mean":{"confidence_interval":{"confidence_level":0.95,"lower_bound":63941.586062034774,"upper_bound":76527.11266803586},"point_estimate":69304.59821338132,"standard_error":3267.3862249885537},"Median":{"confidence_interval":{"confidence_level":0.95,"lower_bound":59339.99501495514,"upper_bound":62487.71241830065},"point_estimate":60256.690454076364,"standard_error":739.2495294022257},"MedianAbsDev":{"confidence_interval":{"confidence_level":0.95,"lower_bound":2050.1589689629513,"upper_bound":5764.415932757742},"point_estimate":3361.4104105471274,"standard_error":920.4438821085807},"Slope":{"confidence_interval":{"confidence_level":0.95,"lower_bound":59188.585653381735,"upper_bound":60039.019591931785},"point_estimate":59578.99255104791,"standard_error":216.5369400755752},"StdDev":{"confidence_interval":{"confidence_level":0.95,"lower_bound":10895.768499273556,"upper_bound":51311.51933082862},"point_estimate":32835.86730875502,"standard_error":11118.249438470193}}