{"Mean":{"confidence_interval":{"confidence_level":0.95,"lower_bound":-0.2099417682770432,"upper_bound":0.03684129515747049},"point_estimate":-0.09993838612593398,"standard_error":0.06313379316001529},"Median":{"confidence_interval":{"confidence_level":0.95,"lower_bound":-0.08831677668461058,"upper_bound":0.004035218919972827},"point_estimate":-0.03796315744841561,"standard_error":0.02379935060240936}}