{"Mean":{"confidence_interval":{"confidence_level":0.95,"lower_bound":16567.174681171487,"upper_bound":20032.712278785453},"point_estimate":18003.704805236383,"standard_error":898.4144239914083},"Median":{"confidence_interval":{"confidence_level":0.95,"lower_bound":15604.977555555555,"upper_bound":15951.363063063063},"point_estimate":15796.259739617666,"standard_error":71.10930274573411},"MedianAbsDev":{"confidence_interval":{"confidence_level":0.95,"lower_bound":504.0033959959697,"upper_bound":1056.5756320003268},"point_estimate":720.5538001176628,"standard_error":152.2815997370639},"Slope":{"confidence_interval":{"confidence_level":0.95,"lower_bound":15615.022972508901,"upper_bound":15929.108851061636},"point_estimate":15769.327212255554,"standard_error":80.3523211617477},"StdDev":{"confidence_interval":{"confidence_level":0.95,"lower_bound":2713.03246452019,"upper_bound":14409.702424075846},"point_estimate":9039.241335555273,"standard_error":3356.503956499831}}