{"Mean":{"confidence_interval":{"confidence_level":0.95,"lower_bound":12992.481339160526,"upper_bound":15591.80034765244},"point_estimate":14070.991780508575,"standard_error":677.4379202890138},"Median":{"confidence_interval":{"confidence_level":0.95,"lower_bound":12336.79200334355,"upper_bound":12820.477886977887},"point_estimate":12579.518367746628,"standard_error":140.32481639294514},"MedianAbsDev":{"confidence_interval":{"confidence_level":0.95,"lower_bound":658.2897717351896,"upper_bound":1371.2160917269748},"point_estimate":1039.3496114939812,"standard_error":193.72390854042544},"Slope":{"confidence_interval":{"confidence_level":0.95,"lower_bound":12245.256211797461,"upper_bound":12622.820400391241},"point_estimate":12429.387368389522,"standard_error":96.30025592045986},"StdDev":{"confidence_interval":{"confidence_level":0.95,"lower_bound":1944.240339219691,"upper_bound":10829.96894624265},"point_estimate":6808.243024623338,"standard_error":2505.3571129144607}}