{"Mean":{"confidence_interval":{"confidence_level":0.95,"lower_bound":-0.11876097816434045,"upper_bound":0.09286942950633119},"point_estimate":-0.01520354643672972,"standard_error":0.05338689422951326},"Median":{"confidence_interval":{"confidence_level":0.95,"lower_bound":-0.04715827719438381,"upper_bound":0.020932256247965242},"point_estimate":-0.008309524561607495,"standard_error":0.01641569264379691}}