{"Mean":{"confidence_interval":{"confidence_level":0.95,"lower_bound":-0.13570690561263019,"upper_bound":0.15137230898021706},"point_estimate":-0.0035663963673140398,"standard_error":0.07362320118122388},"Median":{"confidence_interval":{"confidence_level":0.95,"lower_bound":-0.025347530358856063,"upper_bound":0.019538256856243663},"point_estimate":-0.0024405702980421218,"standard_error":0.011844248654357256}}