{"Mean":{"confidence_interval":{"confidence_level":0.95,"lower_bound":-0.1208888454587501,"upper_bound":0.13145032302375592},"point_estimate":-0.0031976181890492894,"standard_error":0.06425463865061276},"Median":{"confidence_interval":{"confidence_level":0.95,"lower_bound":-0.014487686095144817,"upper_bound":0.01998610096423481},"point_estimate":0.0041652841526149675,"standard_error":0.008352705117400362}}