{"Mean":{"confidence_interval":{"confidence_level":0.95,"lower_bound":-0.27974194409868014,"upper_bound":-0.16141209835113093},"point_estimate":-0.22210238524365788,"standard_error":0.030169819423366297},"Median":{"confidence_interval":{"confidence_level":0.95,"lower_bound":-0.24609169254017127,"upper_bound":-0.16203402391168564},"point_estimate":-0.20211203185041182,"standard_error":0.020984250678699023}}