{"Mean":{"confidence_interval":{"confidence_level":0.95,"lower_bound":12279.438812794595,"upper_bound":14697.102724823915},"point_estimate":13282.886936230741,"standard_error":629.7934235113273},"Median":{"confidence_interval":{"confidence_level":0.95,"lower_bound":11593.769478319784,"upper_bound":12102.890853658537},"point_estimate":11746.536356134238,"standard_error":113.87790480679827},"MedianAbsDev":{"confidence_interval":{"confidence_level":0.95,"lower_bound":649.7746223546053,"upper_bound":1313.108459080616},"point_estimate":1036.7168633786002,"standard_error":175.7662603802807},"Slope":{"confidence_interval":{"confidence_level":0.95,"lower_bound":11550.908452180722,"upper_bound":11892.794769340313},"point_estimate":11720.858691137406,"standard_error":87.20889146638665},"StdDev":{"confidence_interval":{"confidence_level":0.95,"lower_bound":1918.6594042885745,"upper_bound":10062.88484429636},"point_estimate":6342.223685191486,"standard_error":2310.182139412882}}