{"Mean":{"confidence_interval":{"confidence_level":0.95,"lower_bound":27173.50136100459,"upper_bound":31644.459679216936},"point_estimate":29084.330576769364,"standard_error":1158.5587833694003},"Median":{"confidence_interval":{"confidence_level":0.95,"lower_bound":25588.712635501353,"upper_bound":26145.946717146475},"point_estimate":25906.89661028062,"standard_error":163.99943197499869},"MedianAbsDev":{"confidence_interval":{"confidence_level":0.95,"lower_bound":914.74124550268,"upper_bound":1903.729216034419},"point_estimate":1447.244108915482,"standard_error":249.0592045770263},"Slope":{"confidence_interval":{"confidence_level":0.95,"lower_bound":25284.339916884393,"upper_bound":25803.960196047152},"point_estimate":25515.854047223434,"standard_error":133.11193833497163},"StdDev":{"confidence_interval":{"confidence_level":0.95,"lower_bound":4176.873828213234,"upper_bound":18073.477741394418},"point_estimate":11656.895077664967,"standard_error":3794.369811611308}}