{"Mean":{"confidence_interval":{"confidence_level":0.95,"lower_bound":-0.10867360442640485,"upper_bound":0.12456702702928223},"point_estimate":0.0025111147114988963,"standard_error":0.0587436573955195},"Median":{"confidence_interval":{"confidence_level":0.95,"lower_bound":-0.011154876226836197,"upper_bound":0.016533721746025742},"point_estimate":0.003353492065190089,"standard_error":0.0067481151380464005}}