{"Mean":{"confidence_interval":{"confidence_level":0.95,"lower_bound":-0.19371816603012637,"upper_bound":-0.09634051763653008},"point_estimate":-0.14852990471646998,"standard_error":0.02478431010341966},"Median":{"confidence_interval":{"confidence_level":0.95,"lower_bound":-0.14832941508591846,"upper_bound":-0.07520343428503007},"point_estimate":-0.09918589869382288,"standard_error":0.01780395227153436}}