{"Mean":{"confidence_interval":{"confidence_level":0.95,"lower_bound":-0.15149764446545397,"upper_bound":0.11848670980498488},"point_estimate":-0.02789505247950963,"standard_error":0.06915035705459718},"Median":{"confidence_interval":{"confidence_level":0.95,"lower_bound":-0.02550719436464577,"upper_bound":0.042875669249309745},"point_estimate":0.008287017356197302,"standard_error":0.017866291981791415}}