{"Mean":{"confidence_interval":{"confidence_level":0.95,"lower_bound":30476.500712361543,"upper_bound":36921.46346381319},"point_estimate":33132.83722902265,"standard_error":1672.7348198273028},"Median":{"confidence_interval":{"confidence_level":0.95,"lower_bound":28500.599673202614,"upper_bound":29607.509307958477},"point_estimate":28856.30120049783,"standard_error":275.1435781502247},"MedianAbsDev":{"confidence_interval":{"confidence_level":0.95,"lower_bound":1095.1561376696661,"upper_bound":2817.582185026938},"point_estimate":1952.308502771206,"standard_error":444.05627277953334},"Slope":{"confidence_interval":{"confidence_level":0.95,"lower_bound":28123.612217568225,"upper_bound":29016.528457584314},"point_estimate":28573.13959970097,"standard_error":227.71386480341246},"StdDev":{"confidence_interval":{"confidence_level":0.95,"lower_bound":5229.735118445873,"upper_bound":26734.89443142523},"point_estimate":16788.492856395726,"standard_error":6151.762914158936}}