{"Mean":{"confidence_interval":{"confidence_level":0.95,"lower_bound":17658.544754489933,"upper_bound":21058.305960742706},"point_estimate":19095.23866194105,"standard_error":880.2871847155861},"Median":{"confidence_interval":{"confidence_level":0.95,"lower_bound":16535.070669029687,"upper_bound":17491.510630899153},"point_estimate":16664.587801350048,"standard_error":248.33112624038225},"MedianAbsDev":{"confidence_interval":{"confidence_level":0.95,"lower_bound":1229.0786231909533,"upper_bound":2029.5875826207232},"point_estimate":1541.6473169390026,"standard_error":208.79601895029862},"Slope":{"confidence_interval":{"confidence_level":0.95,"lower_bound":16220.786351524703,"upper_bound":16760.088434147256},"point_estimate":16467.495857476133,"standard_error":137.78604437541128},"StdDev":{"confidence_interval":{"confidence_level":0.95,"lower_bound":3173.339948664803,"upper_bound":13889.273220308101},"point_estimate":8882.124849745127,"standard_error":3034.7252484138653}}