{"Mean":{"confidence_interval":{"confidence_level":0.95,"lower_bound":-0.1219851525104154,"upper_bound":0.12119523768987027},"point_estimate":-0.004148639522372322,"standard_error":0.06195327408509631},"Median":{"confidence_interval":{"confidence_level":0.95,"lower_bound":-0.02975305747327324,"upper_bound":0.013963360413513426},"point_estimate":-0.003533601409710707,"standard_error":0.010377144797715504}}