{"Mean":{"confidence_interval":{"confidence_level":0.95,"lower_bound":-0.13994292023322627,"upper_bound":0.10295947993624839},"point_estimate":-0.02098897088264151,"standard_error":0.061314072586791495},"Median":{"confidence_interval":{"confidence_level":0.95,"lower_bound":-0.03081719705516628,"upper_bound":0.006603874002757859},"point_estimate":-0.011625936062585884,"standard_error":0.00899875438356005}}