{"Mean":{"confidence_interval":{"confidence_level":0.95,"lower_bound":-0.09176855413292324,"upper_bound":0.13929172249822386},"point_estimate":0.01761469386173009,"standard_error":0.058676181290258894},"Median":{"confidence_interval":{"confidence_level":0.95,"lower_bound":-0.009975165051845036,"upper_bound":0.02588689113917475},"point_estimate":0.008605417014848404,"standard_error":0.009461396409018353}}