{"Mean":{"confidence_interval":{"confidence_level":0.95,"lower_bound":314488.7999069852,"upper_bound":365667.45186839515},"point_estimate":336097.5816997673,"standard_error":13228.082856982479},"Median":{"confidence_interval":{"confidence_level":0.95,"lower_bound":297408.1220238095,"upper_bound":307694.56111111114},"point_estimate":303181.32090036327,"standard_error":2384.085601917191},"MedianAbsDev":{"confidence_interval":{"confidence_level":0.95,"lower_bound":14302.375057897783,"upper_bound":27428.27622123019},"point_estimate":20706.359234888623,"standard_error":3308.7870462731175},"Slope":{"confidence_interval":{"confidence_level":0.95,"lower_bound":290396.1866235968,"upper_bound":296108.0711403244},"point_estimate":293239.43648884294,"standard_error":1454.6755816655414},"StdDev":{"confidence_interval":{"confidence_level":0.95,"lower_bound":46926.648766070466,"upper_bound":208999.1492106233},"point_estimate":133353.36459028503,"standard_error":45707.563495690025}}