{"Mean":{"confidence_interval":{"confidence_level":0.95,"lower_bound":-0.12337502793004937,"upper_bound":0.13830841912272981},"point_estimate":0.0010690860849367212,"standard_error":0.06685585463842011},"Median":{"confidence_interval":{"confidence_level":0.95,"lower_bound":-0.04990085604160548,"upper_bound":0.01842319772037526},"point_estimate":-0.013369883628894685,"standard_error":0.01748273668542853}}