{"Mean":{"confidence_interval":{"confidence_level":0.95,"lower_bound":11977.78158588032,"upper_bound":14613.585747574394},"point_estimate":13120.761533492328,"standard_error":679.7870936995765},"Median":{"confidence_interval":{"confidence_level":0.95,"lower_bound":11054.358713784906,"upper_bound":11537.407314331955},"point_estimate":11237.141086904008,"standard_error":114.1855642634029},"MedianAbsDev":{"confidence_interval":{"confidence_level":0.95,"lower_bound":620.4822683145901,"upper_bound":1385.14520624209},"point_estimate":913.364915777235,"standard_error":212.9621745893564},"Slope":{"confidence_interval":{"confidence_level":0.95,"lower_bound":11067.453540701865,"upper_bound":11432.357326553582},"point_estimate":11249.859985079967,"standard_error":92.79608835525572},"StdDev":{"confidence_interval":{"confidence_level":0.95,"lower_bound":2797.481202153393,"upper_bound":10432.398011891451},"point_estimate":6852.784948053394,"standard_error":2081.1432374236983}}