{"Mean":{"confidence_interval":{"confidence_level":0.95,"lower_bound":36449952.04355378,"upper_bound":36858312.43951011},"point_estimate":36630968.23522817,"standard_error":105112.4436863039},"Median":{"confidence_interval":{"confidence_level":0.95,"lower_bound":36279315.492236026,"upper_bound":36476255.51111111},"point_estimate":36347549.843325794,"standard_error":48447.696130840406},"MedianAbsDev":{"confidence_interval":{"confidence_level":0.95,"lower_bound":267714.0562650468,"upper_bound":470301.3400948219},"point_estimate":349581.4875522245,"standard_error":53353.25624825262},"Slope":{"confidence_interval":{"confidence_level":0.95,"lower_bound":36192455.26973531,"upper_bound":36322573.68761519},"point_estimate":36254976.30469632,"standard_error":33188.488951354724},"StdDev":{"confidence_interval":{"confidence_level":0.95,"lower_bound":516652.38586774655,"upper_bound":1569468.669318199},"point_estimate":1056365.7896517508,"standard_error":287630.9549202689}}