{"Mean":{"confidence_interval":{"confidence_level":0.95,"lower_bound":-0.12434795667611255,"upper_bound":0.1640732096794874},"point_estimate":0.009464171704776536,"standard_error":0.07367579826026133},"Median":{"confidence_interval":{"confidence_level":0.95,"lower_bound":-0.049618831758281745,"upper_bound":0.02733701707595504},"point_estimate":-0.021861843057853658,"standard_error":0.020451441757034693}}