{"Mean":{"confidence_interval":{"confidence_level":0.95,"lower_bound":478726.2798884664,"upper_bound":543684.9341758303},"point_estimate":506475.90864566655,"standard_error":16800.420769130047},"Median":{"confidence_interval":{"confidence_level":0.95,"lower_bound":456503.8544600939,"upper_bound":469002.0133333333},"point_estimate":461406.94622955564,"standard_error":3192.890772687545},"MedianAbsDev":{"confidence_interval":{"confidence_level":0.95,"lower_bound":15758.364099665772,"upper_bound":36078.6732727263},"point_estimate":23995.113225738605,"standard_error":5225.546451641266},"Slope":{"confidence_interval":{"confidence_level":0.95,"lower_bound":447009.1613454326,"upper_bound":458300.58840522025},"point_estimate":452616.8556967637,"standard_error":2874.382959746883},"StdDev":{"confidence_interval":{"confidence_level":0.95,"lower_bound":63698.23966694356,"upper_bound":262326.9771905304},"point_estimate":168672.38089405195,"standard_error":55770.4491232403}}