{"Mean":{"confidence_interval":{"confidence_level":0.95,"lower_bound":-0.35730347295476106,"upper_bound":-0.14559657251973968},"point_estimate":-0.26380100750752866,"standard_error":0.05358164148220181},"Median":{"confidence_interval":{"confidence_level":0.95,"lower_bound":-0.27767603554357145,"upper_bound":-0.1694612873406538},"point_estimate":-0.21235064491078381,"standard_error":0.026842544750184265}}