{"Mean":{"confidence_interval":{"confidence_level":0.95,"lower_bound":-0.13970110813482878,"upper_bound":0.12873867798993774},"point_estimate":-0.01610299983644714,"standard_error":0.06787816351690482},"Median":{"confidence_interval":{"confidence_level":0.95,"lower_bound":-0.027094767043651546,"upper_bound":0.06052609692003519},"point_estimate":0.0003082749364968773,"standard_error":0.022403264759277973}}