{"Mean":{"confidence_interval":{"confidence_level":0.95,"lower_bound":12115.821480083801,"upper_bound":14926.672254864314},"point_estimate":13274.940077461708,"standard_error":728.1682400224751},"Median":{"confidence_interval":{"confidence_level":0.95,"lower_bound":11346.147988505747,"upper_bound":11791.26479476881},"point_estimate":11528.400289465102,"standard_error":111.30087785287841},"MedianAbsDev":{"confidence_interval":{"confidence_level":0.95,"lower_bound":631.1550575697051,"upper_bound":1278.6483406233185},"point_estimate":853.7072695155935,"standard_error":167.54227237999456},"Slope":{"confidence_interval":{"confidence_level":0.95,"lower_bound":11351.524366693297,"upper_bound":11701.352276206802},"point_estimate":11521.89556439338,"standard_error":89.2076227913499},"StdDev":{"confidence_interval":{"confidence_level":0.95,"lower_bound":1961.2931951562502,"upper_bound":11692.109181831913},"point_estimate":7322.520561433229,"standard_error":2723.4433006780787}}