{"Mean":{"confidence_interval":{"confidence_level":0.95,"lower_bound":129089.94048421508,"upper_bound":152830.8251525205},"point_estimate":139164.40778963233,"standard_error":6136.6282148760665},"Median":{"confidence_interval":{"confidence_level":0.95,"lower_bound":121001.25768321512,"upper_bound":124063.86236829503},"point_estimate":122541.21766848816,"standard_error":770.0341695265305},"MedianAbsDev":{"confidence_interval":{"confidence_level":0.95,"lower_bound":4081.8766502562416,"upper_bound":8315.188297881563},"point_estimate":5882.809260802969,"standard_error":1144.7138039760525},"Slope":{"confidence_interval":{"confidence_level":0.95,"lower_bound":120713.73174048151,"upper_bound":122771.79411562078},"point_estimate":121721.57658604666,"standard_error":525.0789435605321},"StdDev":{"confidence_interval":{"confidence_level":0.95,"lower_bound":21216.25342676643,"upper_bound":96073.70672930664},"point_estimate":61611.03625157955,"standard_error":20511.256180362936}}