{"Mean":{"confidence_interval":{"confidence_level":0.95,"lower_bound":395407.8081124315,"upper_bound":468101.74818873167},"point_estimate":426594.8402310977,"standard_error":18803.30045058286},"Median":{"confidence_interval":{"confidence_level":0.95,"lower_bound":369462.1282051282,"upper_bound":380723.4694741533},"point_estimate":375796.95454545453,"standard_error":2979.2999901190014},"MedianAbsDev":{"confidence_interval":{"confidence_level":0.95,"lower_bound":16041.648780491181,"upper_bound":36652.4568681802},"point_estimate":24536.099600207974,"standard_error":5131.374660363865},"Slope":{"confidence_interval":{"confidence_level":0.95,"lower_bound":359066.3517228021,"upper_bound":366764.6410860616},"point_estimate":362814.842657012,"standard_error":1962.7365912928183},"StdDev":{"confidence_interval":{"confidence_level":0.95,"lower_bound":70469.57971019318,"upper_bound":294767.1578345569},"point_estimate":189564.06404490993,"standard_error":62935.134453494844}}