{"Mean":{"confidence_interval":{"confidence_level":0.95,"lower_bound":-0.15343668025975718,"upper_bound":0.1038099327222524},"point_estimate":-0.03427763590700206,"standard_error":0.06531705581490477},"Median":{"confidence_interval":{"confidence_level":0.95,"lower_bound":-0.042915367114663115,"upper_bound":0.012338407552082696},"point_estimate":-0.01011393472269051,"standard_error":0.01371317203297226}}