{"Mean":{"confidence_interval":{"confidence_level":0.95,"lower_bound":18258.04943712479,"upper_bound":22211.869490089495},"point_estimate":19907.952003012648,"standard_error":1028.4797427949968},"Median":{"confidence_interval":{"confidence_level":0.95,"lower_bound":17087.00502873563,"upper_bound":18020.11619190405},"point_estimate":17530.064646030645,"standard_error":237.5605152447667},"MedianAbsDev":{"confidence_interval":{"confidence_level":0.95,"lower_bound":1161.5530431183654,"upper_bound":2152.6708838298628},"point_estimate":1501.3062293736327,"standard_error":252.61908853120462},"Slope":{"confidence_interval":{"confidence_level":0.95,"lower_bound":16833.702624021433,"upper_bound":17285.035332413016},"point_estimate":17057.169133574193,"standard_error":115.27054129657799},"StdDev":{"confidence_interval":{"confidence_level":0.95,"lower_bound":3288.313948331841,"upper_bound":16415.452586462943},"point_estimate":10360.530280379926,"standard_error":3739.5182946548643}}