{"Mean":{"confidence_interval":{"confidence_level":0.95,"lower_bound":87328.93545174436,"upper_bound":105530.7104419061},"point_estimate":95053.14316362022,"standard_error":4698.048533856027},"Median":{"confidence_interval":{"confidence_level":0.95,"lower_bound":81876.26560232221,"upper_bound":84694.87396252246},"point_estimate":83344.54002658435,"standard_error":698.4358956116067},"MedianAbsDev":{"confidence_interval":{"confidence_level":0.95,"lower_bound":3389.534847164011,"upper_bound":6999.02259118092},"point_estimate":4582.879476061183,"standard_error":966.183758665407},"Slope":{"confidence_interval":{"confidence_level":0.95,"lower_bound":79534.74178495689,"upper_bound":81408.81292280981},"point_estimate":80465.29294153755,"standard_error":478.74002174410316},"StdDev":{"confidence_interval":{"confidence_level":0.95,"lower_bound":15221.576704120309,"upper_bound":73635.2094257211},"point_estimate":47284.87415720238,"standard_error":15826.72340011382}}