{"Mean":{"confidence_interval":{"confidence_level":0.95,"lower_bound":-0.3819430922221299,"upper_bound":0.6081744144259409},"point_estimate":-0.014619173768526506,"standard_error":0.2559980993973529},"Median":{"confidence_interval":{"confidence_level":0.95,"lower_bound":-0.13657907478254727,"upper_bound":0.187928188045494},"point_estimate":0.002830564517623424,"standard_error":0.08194160600985717}}