{"Mean":{"confidence_interval":{"confidence_level":0.95,"lower_bound":3036155.062217811,"upper_bound":6832836.366942308},"point_estimate":4639816.911226262,"standard_error":983242.3866830231},"Median":{"confidence_interval":{"confidence_level":0.95,"lower_bound":1647063.0,"upper_bound":2437127.425},"point_estimate":1932326.9405762304,"standard_error":196194.2991341899},"MedianAbsDev":{"confidence_interval":{"confidence_level":0.95,"lower_bound":686923.8873251793,"upper_bound":1661722.4344396386},"point_estimate":1097708.9606392703,"standard_error":239781.9142006938},"Slope":{"confidence_interval":{"confidence_level":0.95,"lower_bound":1422207.1951346085,"upper_bound":1611925.3454305704},"point_estimate":1504539.0769410373,"standard_error":48429.230007310995},"StdDev":{"confidence_interval":{"confidence_level":0.95,"lower_bound":3417140.145419794,"upper_bound":15498223.688161725},"point_estimate":9881732.072095307,"standard_error":3369595.851204591}}