{"Mean":{"confidence_interval":{"confidence_level":0.95,"lower_bound":0.0021597796487506328,"upper_bound":0.0077954534239563205},"point_estimate":0.005011958374188996,"standard_error":0.0014352595831241626},"Median":{"confidence_interval":{"confidence_level":0.95,"lower_bound":0.0033883274344130854,"upper_bound":0.00670427293595932},"point_estimate":0.005332296329928932,"standard_error":0.0008352886431601677}}