{"Mean":{"confidence_interval":{"confidence_level":0.95,"lower_bound":60702.99285499581,"upper_bound":71038.65940807597},"point_estimate":65059.75653728493,"standard_error":2669.7289040694736},"Median":{"confidence_interval":{"confidence_level":0.95,"lower_bound":57317.33615627823,"upper_bound":58728.634132682804},"point_estimate":58232.33963129797,"standard_error":363.9785391669254},"MedianAbsDev":{"confidence_interval":{"confidence_level":0.95,"lower_bound":1753.633791118257,"upper_bound":3596.6991081774004},"point_estimate":2675.3841959756264,"standard_error":499.24490824725876},"Slope":{"confidence_interval":{"confidence_level":0.95,"lower_bound":56661.9386704062,"upper_bound":57330.19669070165},"point_estimate":56975.54673037453,"standard_error":170.12570063836216},"StdDev":{"confidence_interval":{"confidence_level":0.95,"lower_bound":9037.436744399683,"upper_bound":41910.06926830241},"point_estimate":26823.40395876919,"standard_error":9174.675404208003}}