{"Mean":{"confidence_interval":{"confidence_level":0.95,"lower_bound":12294111.624993838,"upper_bound":12587258.13986349},"point_estimate":12422823.519873388,"standard_error":75359.21327132396},"Median":{"confidence_interval":{"confidence_level":0.95,"lower_bound":12147329.105263159,"upper_bound":12283231.217575189},"point_estimate":12222262.702731092,"standard_error":34625.601813336456},"MedianAbsDev":{"confidence_interval":{"confidence_level":0.95,"lower_bound":185590.7965104035,"upper_bound":348151.35410494416},"point_estimate":256424.68223553864,"standard_error":43240.602140837815},"Slope":{"confidence_interval":{"confidence_level":0.95,"lower_bound":12110822.092728416,"upper_bound":12189145.686494634},"point_estimate":12147935.334496822,"standard_error":19961.197447283925},"StdDev":{"confidence_interval":{"confidence_level":0.95,"lower_bound":359802.38123819814,"upper_bound":1135974.4308460031},"point_estimate":757483.5214816375,"standard_error":216896.8486147483}}