{"Mean":{"confidence_interval":{"confidence_level":0.95,"lower_bound":24760236.628611453,"upper_bound":25001433.402041763},"point_estimate":24866950.35233493,"standard_error":62103.177853336274},"Median":{"confidence_interval":{"confidence_level":0.95,"lower_bound":24655027.40746934,"upper_bound":24791343.48780488},"point_estimate":24702687.348120302,"standard_error":32630.188647233204},"MedianAbsDev":{"confidence_interval":{"confidence_level":0.95,"lower_bound":200492.09637416908,"upper_bound":357821.39888095617},"point_estimate":277912.5887526729,"standard_error":39321.667751706336},"Slope":{"confidence_interval":{"confidence_level":0.95,"lower_bound":24588924.18913175,"upper_bound":24686135.2663782},"point_estimate":24635180.292306785,"standard_error":24813.180371929742},"StdDev":{"confidence_interval":{"confidence_level":0.95,"lower_bound":300014.2531811673,"upper_bound":929376.0380981381},"point_estimate":625731.2509651186,"standard_error":169816.6644723296}}