{"Mean":{"confidence_interval":{"confidence_level":0.95,"lower_bound":33789.596745478935,"upper_bound":40295.41856256447},"point_estimate":36619.4381557434,"standard_error":1677.523972520214},"Median":{"confidence_interval":{"confidence_level":0.95,"lower_bound":30969.30893141946,"upper_bound":32386.3483286473},"point_estimate":31695.714532360646,"standard_error":403.1846684975639},"MedianAbsDev":{"confidence_interval":{"confidence_level":0.95,"lower_bound":1384.8126677913378,"upper_bound":3068.541107823068},"point_estimate":2169.1669057513986,"standard_error":447.5055188110179},"Slope":{"confidence_interval":{"confidence_level":0.95,"lower_bound":30709.55683469755,"upper_bound":31240.303616227327},"point_estimate":30965.937684216184,"standard_error":135.48569075858873},"StdDev":{"confidence_interval":{"confidence_level":0.95,"lower_bound":7513.005726815594,"upper_bound":25580.58948309759},"point_estimate":16875.074825767537,"standard_error":5042.712329715586}}