{"Mean":{"confidence_interval":{"confidence_level":0.95,"lower_bound":-0.4062788272966759,"upper_bound":0.6792815933971905},"point_estimate":-0.0015186848096622185,"standard_error":0.27950994106608057},"Median":{"confidence_interval":{"confidence_level":0.95,"lower_bound":-0.15632755103145024,"upper_bound":0.2273890448315079},"point_estimate":0.01700538352949832,"standard_error":0.09061011064204404}}