{"Mean":{"confidence_interval":{"confidence_level":0.95,"lower_bound":43358.29464490485,"upper_bound":43979.74424813163},"point_estimate":43627.16162417747,"standard_error":160.0357804164372},"Median":{"confidence_interval":{"confidence_level":0.95,"lower_bound":43187.94824326967,"upper_bound":43600.60507246377},"point_estimate":43471.41429765886,"standard_error":121.84476157376422},"MedianAbsDev":{"confidence_interval":{"confidence_level":0.95,"lower_bound":622.5429231867854,"upper_bound":940.5676810288612},"point_estimate":821.3738856885581,"standard_error":81.62183751543185},"Slope":{"confidence_interval":{"confidence_level":0.95,"lower_bound":43247.87109220428,"upper_bound":43592.56302176329},"point_estimate":43418.05463933025,"standard_error":87.90494250431085},"StdDev":{"confidence_interval":{"confidence_level":0.95,"lower_bound":664.979016671894,"upper_bound":2453.1709206651076},"point_estimate":1604.7527827924507,"standard_error":490.59078477481853}}