{"Mean":{"confidence_interval":{"confidence_level":0.95,"lower_bound":80119212.35309708,"upper_bound":80504930.97011444},"point_estimate":80296069.3422875,"standard_error":98641.43591085113},"Median":{"confidence_interval":{"confidence_level":0.95,"lower_bound":79936653.2962963,"upper_bound":80291058.26644737},"point_estimate":80104454.00551948,"standard_error":93507.8776345473},"MedianAbsDev":{"confidence_interval":{"confidence_level":0.95,"lower_bound":458508.97637263674,"upper_bound":768460.1389202607},"point_estimate":625455.2876688414,"standard_error":78474.8363396281},"Slope":{"confidence_interval":{"confidence_level":0.95,"lower_bound":79895855.84416085,"upper_bound":80172280.18531513},"point_estimate":80031816.01358357,"standard_error":70480.82143677001},"StdDev":{"confidence_interval":{"confidence_level":0.95,"lower_bound":596074.8926695464,"upper_bound":1408319.8449856727},"point_estimate":992140.2943018087,"standard_error":227403.1040780137}}