{"Mean":{"confidence_interval":{"confidence_level":0.95,"lower_bound":9601166.869247181,"upper_bound":22561387.00758205},"point_estimate":15025631.837402472,"standard_error":3360990.409342369},"Median":{"confidence_interval":{"confidence_level":0.95,"lower_bound":5086487.564367816,"upper_bound":7385229.508442776},"point_estimate":5849240.158431373,"standard_error":589125.1692266495},"MedianAbsDev":{"confidence_interval":{"confidence_level":0.95,"lower_bound":2322987.8087575394,"upper_bound":5269235.362381185},"point_estimate":3412666.9396316865,"standard_error":744643.3842993041},"Slope":{"confidence_interval":{"confidence_level":0.95,"lower_bound":4242716.961916431,"upper_bound":4864085.2906638775},"point_estimate":4511082.197505541,"standard_error":158754.62669640238},"StdDev":{"confidence_interval":{"confidence_level":0.95,"lower_bound":11238225.998909995,"upper_bound":53010279.43252785},"point_estimate":33629012.29418839,"standard_error":11695755.65435349}}