{"Mean":{"confidence_interval":{"confidence_level":0.95,"lower_bound":-0.0918299720788735,"upper_bound":0.09052458137597175},"point_estimate":-0.004409672856524383,"standard_error":0.0462532483177701},"Median":{"confidence_interval":{"confidence_level":0.95,"lower_bound":-0.026525002853550826,"upper_bound":0.01859736413779034},"point_estimate":-0.0002999421546854286,"standard_error":0.011639664406279473}}