{"Mean":{"confidence_interval":{"confidence_level":0.95,"lower_bound":-0.011570465580894848,"upper_bound":0.00435489647954697},"point_estimate":-0.0019529051547401144,"standard_error":0.0042090917459320955},"Median":{"confidence_interval":{"confidence_level":0.95,"lower_bound":0.0005992411652804286,"upper_bound":0.004677919582695145},"point_estimate":0.0025509960655887287,"standard_error":0.0010670697651718709}}