{"Mean":{"confidence_interval":{"confidence_level":0.95,"lower_bound":53406.54429366308,"upper_bound":65015.33450683439},"point_estimate":58332.2207387591,"standard_error":3011.055384491426},"Median":{"confidence_interval":{"confidence_level":0.95,"lower_bound":49785.92213114754,"upper_bound":52055.26739130435},"point_estimate":50666.44670212766,"standard_error":460.5018652603088},"MedianAbsDev":{"confidence_interval":{"confidence_level":0.95,"lower_bound":2307.218101929394,"upper_bound":4723.485433884303},"point_estimate":3487.1223644501097,"standard_error":576.9144003051589},"Slope":{"confidence_interval":{"confidence_level":0.95,"lower_bound":48830.45529566726,"upper_bound":50779.59667200479},"point_estimate":49740.90909309886,"standard_error":497.83240598291644},"StdDev":{"confidence_interval":{"confidence_level":0.95,"lower_bound":10089.35099633796,"upper_bound":47150.401439780006},"point_estimate":30223.596753609447,"standard_error":10108.304309267916}}