{"Mean":{"confidence_interval":{"confidence_level":0.95,"lower_bound":53871.39389277313,"upper_bound":55248.876301522665},"point_estimate":54486.05231076426,"standard_error":353.51891543048947},"Median":{"confidence_interval":{"confidence_level":0.95,"lower_bound":53489.35665634675,"upper_bound":53852.671306818185},"point_estimate":53635.46525641026,"standard_error":80.36632419676468},"MedianAbsDev":{"confidence_interval":{"confidence_level":0.95,"lower_bound":581.2666085249022,"upper_bound":1041.028880141521},"point_estimate":802.9192759913275,"standard_error":118.61836763833716},"Slope":{"confidence_interval":{"confidence_level":0.95,"lower_bound":53577.69195881935,"upper_bound":54721.79431464087},"point_estimate":54078.87143910463,"standard_error":294.6947229033717},"StdDev":{"confidence_interval":{"confidence_level":0.95,"lower_bound":1660.9957656206414,"upper_bound":5117.360062749997},"point_estimate":3558.676427252035,"standard_error":891.6567968486993}}