{"Mean":{"confidence_interval":{"confidence_level":0.95,"lower_bound":84186.08997835752,"upper_bound":85818.434662956},"point_estimate":85010.15215499673,"standard_error":415.154309840946},"Median":{"confidence_interval":{"confidence_level":0.95,"lower_bound":84921.08984375,"upper_bound":85886.67777777778},"point_estimate":85441.77864583334,"standard_error":218.80696547807406},"MedianAbsDev":{"confidence_interval":{"confidence_level":0.95,"lower_bound":1524.6750056113071,"upper_bound":2693.2597785861726},"point_estimate":2176.5907279093435,"standard_error":299.1238239895143},"Slope":{"confidence_interval":{"confidence_level":0.95,"lower_bound":85033.62538823264,"upper_bound":85798.74358705286},"point_estimate":85420.68494335255,"standard_error":194.96503044064488},"StdDev":{"confidence_interval":{"confidence_level":0.95,"lower_bound":3001.158233123724,"upper_bound":5260.683074523932},"point_estimate":4176.534921702126,"standard_error":579.6764280283952}}