{"Mean":{"confidence_interval":{"confidence_level":0.95,"lower_bound":474951.5614253535,"upper_bound":536798.8382842726},"point_estimate":501233.1673758804,"standard_error":15981.436542930924},"Median":{"confidence_interval":{"confidence_level":0.95,"lower_bound":457954.24705882353,"upper_bound":467768.59794372297},"point_estimate":462249.5599281966,"standard_error":2545.8155534448456},"MedianAbsDev":{"confidence_interval":{"confidence_level":0.95,"lower_bound":19176.112508843675,"upper_bound":39849.42481526201},"point_estimate":25768.911477252732,"standard_error":5110.845740804465},"Slope":{"confidence_interval":{"confidence_level":0.95,"lower_bound":443380.9161786491,"upper_bound":453418.98751205544},"point_estimate":448333.6766060785,"standard_error":2558.078550906201},"StdDev":{"confidence_interval":{"confidence_level":0.95,"lower_bound":58805.55624992092,"upper_bound":250048.22238740514},"point_estimate":160558.2251766155,"standard_error":53174.61097577638}}