{"Mean":{"confidence_interval":{"confidence_level":0.95,"lower_bound":12021.679776315075,"upper_bound":14245.08958886095},"point_estimate":12964.909165402896,"standard_error":575.436493349156},"Median":{"confidence_interval":{"confidence_level":0.95,"lower_bound":11321.373157172768,"upper_bound":11681.096295006257},"point_estimate":11463.504588367334,"standard_error":102.9255983817737},"MedianAbsDev":{"confidence_interval":{"confidence_level":0.95,"lower_bound":565.6434846463734,"upper_bound":1263.5422746821453},"point_estimate":887.9134012768056,"standard_error":181.4994173371092},"Slope":{"confidence_interval":{"confidence_level":0.95,"lower_bound":11296.083735096028,"upper_bound":11603.155591597828},"point_estimate":11448.187745358284,"standard_error":78.2174500525035},"StdDev":{"confidence_interval":{"confidence_level":0.95,"lower_bound":1961.2714717072774,"upper_bound":9057.555812284409},"point_estimate":5805.467574542043,"standard_error":1963.3063462166858}}