{"Mean":{"confidence_interval":{"confidence_level":0.95,"lower_bound":366967.1060771692,"upper_bound":417481.5414121347},"point_estimate":388735.26192199136,"standard_error":12994.544359731108},"Median":{"confidence_interval":{"confidence_level":0.95,"lower_bound":348824.24779511534,"upper_bound":361800.99375},"point_estimate":352814.99054621847,"standard_error":3344.5365264448333},"MedianAbsDev":{"confidence_interval":{"confidence_level":0.95,"lower_bound":14975.278406891086,"upper_bound":28169.370306224406},"point_estimate":20766.677549849315,"standard_error":3245.6581943320316},"Slope":{"confidence_interval":{"confidence_level":0.95,"lower_bound":340787.1507067975,"upper_bound":347194.3740984896},"point_estimate":343910.4147014925,"standard_error":1636.3227765438808},"StdDev":{"confidence_interval":{"confidence_level":0.95,"lower_bound":51811.67130195388,"upper_bound":197441.11219256514},"point_estimate":130185.48864893809,"standard_error":38421.70254602166}}