{"Mean":{"confidence_interval":{"confidence_level":0.95,"lower_bound":-0.111345852804607,"upper_bound":0.17044266526450189},"point_estimate":0.017454147437019563,"standard_error":0.07175727647076807},"Median":{"confidence_interval":{"confidence_level":0.95,"lower_bound":-0.03270682381883743,"upper_bound":0.033439108915432},"point_estimate":0.0016767197253810817,"standard_error":0.01590317890566472}}