{"Mean":{"confidence_interval":{"confidence_level":0.95,"lower_bound":-0.13160029843653062,"upper_bound":0.1596329435562367},"point_estimate":0.003573496670649101,"standard_error":0.07313557873654875},"Median":{"confidence_interval":{"confidence_level":0.95,"lower_bound":-0.01555732127810863,"upper_bound":0.02022637834927643},"point_estimate":0.0010959073504195338,"standard_error":0.009528161650523668}}