{"Mean":{"confidence_interval":{"confidence_level":0.95,"lower_bound":0.04777628345970957,"upper_bound":0.1393885806515393},"point_estimate":0.09271235167771819,"standard_error":0.023587914307883096},"Median":{"confidence_interval":{"confidence_level":0.95,"lower_bound":0.020924332221538666,"upper_bound":0.055915151565335997},"point_estimate":0.03133636295967546,"standard_error":0.009112464587944895}}