{"Mean":{"confidence_interval":{"confidence_level":0.95,"lower_bound":32332.2644945797,"upper_bound":32919.61178396234},"point_estimate":32615.8191469312,"standard_error":150.0694429921129},"Median":{"confidence_interval":{"confidence_level":0.95,"lower_bound":32163.475073313784,"upper_bound":32632.438082734967},"point_estimate":32483.739328420466,"standard_error":96.59395554648994},"MedianAbsDev":{"confidence_interval":{"confidence_level":0.95,"lower_bound":887.6282587009828,"upper_bound":1509.5018047722037},"point_estimate":1161.7661140178734,"standard_error":157.15983504241262},"Slope":{"confidence_interval":{"confidence_level":0.95,"lower_bound":32165.104504166917,"upper_bound":33125.52497943625},"point_estimate":32627.660269142947,"standard_error":245.40167044669383},"StdDev":{"confidence_interval":{"confidence_level":0.95,"lower_bound":1137.3771541607528,"upper_bound":1863.2389671791184},"point_estimate":1505.8196446508623,"standard_error":186.932391465482}}