{"Mean":{"confidence_interval":{"confidence_level":0.95,"lower_bound":11663.105173449741,"upper_bound":14232.678371211246},"point_estimate":12727.829332453164,"standard_error":668.1326439768337},"Median":{"confidence_interval":{"confidence_level":0.95,"lower_bound":10974.502286749794,"upper_bound":11272.231778936977},"point_estimate":11060.848558256988,"standard_error":75.63309108517944},"MedianAbsDev":{"confidence_interval":{"confidence_level":0.95,"lower_bound":465.47515335894076,"upper_bound":1204.2321964667403},"point_estimate":762.4864203439726,"standard_error":192.06199470591955},"Slope":{"confidence_interval":{"confidence_level":0.95,"lower_bound":10954.087073304863,"upper_bound":11253.242732969877},"point_estimate":11100.523934002564,"standard_error":76.37510887967522},"StdDev":{"confidence_interval":{"confidence_level":0.95,"lower_bound":2003.6315934570532,"upper_bound":10714.876862953268},"point_estimate":6739.7371081331075,"standard_error":2466.457047410475}}