{"Mean":{"confidence_interval":{"confidence_level":0.95,"lower_bound":-0.09288084161819084,"upper_bound":0.1435846070030515},"point_estimate":0.020667948233402234,"standard_error":0.060080172116676496},"Median":{"confidence_interval":{"confidence_level":0.95,"lower_bound":-0.022451403720530227,"upper_bound":0.0596619171319835},"point_estimate":0.015588263088186949,"standard_error":0.019760285159539787}}