{"Mean":{"confidence_interval":{"confidence_level":0.95,"lower_bound":-0.03157290009359475,"upper_bound":0.03513474956741922},"point_estimate":0.0008975569362044133,"standard_error":0.017004491048797997},"Median":{"confidence_interval":{"confidence_level":0.95,"lower_bound":-0.007274169566643396,"upper_bound":0.007964088334510233},"point_estimate":-0.0005379806532186393,"standard_error":0.00375620935370263}}