{"Mean":{"confidence_interval":{"confidence_level":0.95,"lower_bound":19182.06033320258,"upper_bound":23183.428094883475},"point_estimate":20893.9282997261,"standard_error":1034.744817218343},"Median":{"confidence_interval":{"confidence_level":0.95,"lower_bound":17774.532262860543,"upper_bound":18884.849733028223},"point_estimate":18271.03614381348,"standard_error":257.46500161486705},"MedianAbsDev":{"confidence_interval":{"confidence_level":0.95,"lower_bound":1315.8175562821546,"upper_bound":2430.252468595621},"point_estimate":1917.8282276091772,"standard_error":284.88446026991335},"Slope":{"confidence_interval":{"confidence_level":0.95,"lower_bound":17509.907505453833,"upper_bound":17986.959910164554},"point_estimate":17734.82076117588,"standard_error":121.46822788407415},"StdDev":{"confidence_interval":{"confidence_level":0.95,"lower_bound":3525.6480635202324,"upper_bound":16152.244344265948},"point_estimate":10412.957059234739,"standard_error":3388.3379375556156}}