{"Mean":{"confidence_interval":{"confidence_level":0.95,"lower_bound":73543.59553526438,"upper_bound":86565.2614959293},"point_estimate":79039.94033284846,"standard_error":3386.766215349098},"Median":{"confidence_interval":{"confidence_level":0.95,"lower_bound":69336.87415213179,"upper_bound":71404.88095238095},"point_estimate":70283.69513888888,"standard_error":547.2265759036851},"MedianAbsDev":{"confidence_interval":{"confidence_level":0.95,"lower_bound":2828.669033363185,"upper_bound":4935.362903281742},"point_estimate":3661.5751049792257,"standard_error":560.3980113793083},"Slope":{"confidence_interval":{"confidence_level":0.95,"lower_bound":67433.8508039964,"upper_bound":68768.4760835526},"point_estimate":68076.91229712822,"standard_error":339.27221186622603},"StdDev":{"confidence_interval":{"confidence_level":0.95,"lower_bound":12038.582826064148,"upper_bound":53424.49392109817},"point_estimate":34120.696092640486,"standard_error":11750.148560536383}}