{"Mean":{"confidence_interval":{"confidence_level":0.95,"lower_bound":25195.28997707459,"upper_bound":29588.797427772544},"point_estimate":27072.069260674016,"standard_error":1134.9565998748128},"Median":{"confidence_interval":{"confidence_level":0.95,"lower_bound":23647.3671720501,"upper_bound":24503.29268292683},"point_estimate":24065.619840602347,"standard_error":199.96214080162179},"MedianAbsDev":{"confidence_interval":{"confidence_level":0.95,"lower_bound":952.8604248633169,"upper_bound":1891.095989977248},"point_estimate":1415.5197812532308,"standard_error":257.3884332693674},"Slope":{"confidence_interval":{"confidence_level":0.95,"lower_bound":23479.470767904222,"upper_bound":23908.861041881602},"point_estimate":23687.514877580223,"standard_error":109.4384964254867},"StdDev":{"confidence_interval":{"confidence_level":0.95,"lower_bound":4131.058371956526,"upper_bound":17754.072725524904},"point_estimate":11433.299479796027,"standard_error":3776.346584810982}}