{"Mean":{"confidence_interval":{"confidence_level":0.95,"lower_bound":7939504.108339303,"upper_bound":8201564.319670485},"point_estimate":8051570.572730507,"standard_error":67578.08894978503},"Median":{"confidence_interval":{"confidence_level":0.95,"lower_bound":7819310.75,"upper_bound":7914563.368421053},"point_estimate":7884455.9375,"standard_error":23647.21597674539},"MedianAbsDev":{"confidence_interval":{"confidence_level":0.95,"lower_bound":121481.08938657821,"upper_bound":230344.87253243805},"point_estimate":183192.98012314615,"standard_error":28611.055484901164},"Slope":{"confidence_interval":{"confidence_level":0.95,"lower_bound":7786496.537380368,"upper_bound":7829012.190221048},"point_estimate":7806031.009549283,"standard_error":10850.275245740104},"StdDev":{"confidence_interval":{"confidence_level":0.95,"lower_bound":278051.689892807,"upper_bound":1048176.3308545891},"point_estimate":678605.7774530126,"standard_error":217799.84178333415}}