{"Mean":{"confidence_interval":{"confidence_level":0.95,"lower_bound":-0.21457403360468744,"upper_bound":0.2080835906218105},"point_estimate":-0.017963857842979936,"standard_error":0.10782472127094878},"Median":{"confidence_interval":{"confidence_level":0.95,"lower_bound":-0.05658574654151627,"upper_bound":0.050005555008717506},"point_estimate":-0.003818207722556699,"standard_error":0.027786780279265108}}