{"Mean":{"confidence_interval":{"confidence_level":0.95,"lower_bound":-0.1173033420699797,"upper_bound":0.1447154224406638},"point_estimate":0.0013734590385634515,"standard_error":0.0661861451103549},"Median":{"confidence_interval":{"confidence_level":0.95,"lower_bound":-0.016361285125165347,"upper_bound":0.02946629200864881},"point_estimate":0.00035300346648003966,"standard_error":0.01035972793367003}}