{"Mean":{"confidence_interval":{"confidence_level":0.95,"lower_bound":24923.099563305037,"upper_bound":29417.12063016901},"point_estimate":26853.06864115311,"standard_error":1159.391157681094},"Median":{"confidence_interval":{"confidence_level":0.95,"lower_bound":22901.189655172413,"upper_bound":24386.65927419355},"point_estimate":23745.661206723027,"standard_error":442.83958004613714},"MedianAbsDev":{"confidence_interval":{"confidence_level":0.95,"lower_bound":1551.0951750400427,"upper_bound":3223.5297452425007},"point_estimate":2179.873825527813,"standard_error":483.4895916789719},"Slope":{"confidence_interval":{"confidence_level":0.95,"lower_bound":22669.514625502277,"upper_bound":23392.102508555097},"point_estimate":23002.559328912368,"standard_error":184.79029451097077},"StdDev":{"confidence_interval":{"confidence_level":0.95,"lower_bound":4748.803304210848,"upper_bound":17774.92309170266},"point_estimate":11600.781855493458,"standard_error":3554.6770350056936}}