{"Mean":{"confidence_interval":{"confidence_level":0.95,"lower_bound":2128434.699628947,"upper_bound":2325388.3558773273},"point_estimate":2211422.348871473,"standard_error":51033.60323255898},"Median":{"confidence_interval":{"confidence_level":0.95,"lower_bound":2054389.6734693877,"upper_bound":2109955.703703704},"point_estimate":2074761.6631493508,"standard_error":12489.689920703177},"MedianAbsDev":{"confidence_interval":{"confidence_level":0.95,"lower_bound":66924.9733124325,"upper_bound":118980.88147457548},"point_estimate":83682.93554585263,"standard_error":12513.946316906497},"Slope":{"confidence_interval":{"confidence_level":0.95,"lower_bound":2031903.4920708837,"upper_bound":2053419.6850182838},"point_estimate":2041893.8850775824,"standard_error":5482.566928468023},"StdDev":{"confidence_interval":{"confidence_level":0.95,"lower_bound":190948.43989770566,"upper_bound":805224.4021707987},"point_estimate":512812.1449147244,"standard_error":177062.29785343344}}