{"Mean":{"confidence_interval":{"confidence_level":0.95,"lower_bound":7017030.623685178,"upper_bound":16209643.159442056},"point_estimate":10917984.345816026,"standard_error":2385862.610981843},"Median":{"confidence_interval":{"confidence_level":0.95,"lower_bound":3728482.8032786883,"upper_bound":5373412.560975609},"point_estimate":4351832.647647059,"standard_error":416959.0576677587},"MedianAbsDev":{"confidence_interval":{"confidence_level":0.95,"lower_bound":1667677.5653662153,"upper_bound":3770577.709262998},"point_estimate":2475840.098767169,"standard_error":533173.4469271429},"Slope":{"confidence_interval":{"confidence_level":0.95,"lower_bound":3148958.772133913,"upper_bound":3592760.81212332},"point_estimate":3341156.9161489583,"standard_error":113676.00208823876},"StdDev":{"confidence_interval":{"confidence_level":0.95,"lower_bound":8133631.517468811,"upper_bound":37509800.34120345},"point_estimate":23956047.742803816,"standard_error":8115447.604011635}}