{"Mean":{"confidence_interval":{"confidence_level":0.95,"lower_bound":-0.09283025224654323,"upper_bound":0.09273077411658286},"point_estimate":-0.0006460859680265107,"standard_error":0.04748781732737273},"Median":{"confidence_interval":{"confidence_level":0.95,"lower_bound":-0.02416722789299408,"upper_bound":0.017356662673684076},"point_estimate":-0.0045660328726451205,"standard_error":0.010822188091801795}}