{"Mean":{"confidence_interval":{"confidence_level":0.95,"lower_bound":-0.46762424404135616,"upper_bound":0.805840542135762},"point_estimate":0.0005874053484102859,"standard_error":0.3280525845283747},"Median":{"confidence_interval":{"confidence_level":0.95,"lower_bound":-0.22427338490604287,"upper_bound":0.31238487857365493},"point_estimate":-0.017089620053386545,"standard_error":0.13716003188420134}}