{"Mean":{"confidence_interval":{"confidence_level":0.95,"lower_bound":229010.8819714219,"upper_bound":274468.8365894949},"point_estimate":248107.0884798261,"standard_error":11855.142903364644},"Median":{"confidence_interval":{"confidence_level":0.95,"lower_bound":214498.59701492538,"upper_bound":225992.61071428572},"point_estimate":217862.24689655172,"standard_error":2997.1891290088433},"MedianAbsDev":{"confidence_interval":{"confidence_level":0.95,"lower_bound":11595.981049534299,"upper_bound":25208.89891786843},"point_estimate":15014.404470115962,"standard_error":3328.8070443913334},"Slope":{"confidence_interval":{"confidence_level":0.95,"lower_bound":209167.1108645905,"upper_bound":213355.0781270451},"point_estimate":211209.90540328063,"standard_error":1067.5781724205824},"StdDev":{"confidence_interval":{"confidence_level":0.95,"lower_bound":39835.478486546774,"upper_bound":187871.61997761173},"point_estimate":119032.77670846124,"standard_error":42110.737281842245}}