{"Mean":{"confidence_interval":{"confidence_level":0.95,"lower_bound":-0.10815936525744158,"upper_bound":0.15006297387436812},"point_estimate":0.016381804894563645,"standard_error":0.06555014592124522},"Median":{"confidence_interval":{"confidence_level":0.95,"lower_bound":-0.055510858799743636,"upper_bound":0.03585023672566878},"point_estimate":-0.014877712789274189,"standard_error":0.023060759021820008}}