{"Mean":{"confidence_interval":{"confidence_level":0.95,"lower_bound":-0.10671889081183326,"upper_bound":0.14656841597131182},"point_estimate":0.013301276861989342,"standard_error":0.06437036868298752},"Median":{"confidence_interval":{"confidence_level":0.95,"lower_bound":-0.027435522812534363,"upper_bound":0.013103661003150524},"point_estimate":-0.0042298676106332644,"standard_error":0.009941354863334485}}