{"Mean":{"confidence_interval":{"confidence_level":0.95,"lower_bound":-0.15272894922603292,"upper_bound":0.0956175999600513},"point_estimate":-0.03318201951647892,"standard_error":0.06313701486029843},"Median":{"confidence_interval":{"confidence_level":0.95,"lower_bound":-0.03211232788586438,"upper_bound":0.02105166138148715},"point_estimate":-0.00633488614100608,"standard_error":0.012851001904287031}}