{"Mean":{"confidence_interval":{"confidence_level":0.95,"lower_bound":-0.1459135685689488,"upper_bound":0.11671824497107851},"point_estimate":-0.02957455794512276,"standard_error":0.06634740452246879},"Median":{"confidence_interval":{"confidence_level":0.95,"lower_bound":-0.049774403330147265,"upper_bound":0.03212974410575509},"point_estimate":-0.0019417233568319592,"standard_error":0.01739695460624701}}