{"Mean":{"confidence_interval":{"confidence_level":0.95,"lower_bound":73770.92982233445,"upper_bound":100110.49878459258},"point_estimate":84816.06062985021,"standard_error":6854.473419671788},"Median":{"confidence_interval":{"confidence_level":0.95,"lower_bound":64279.65918803419,"upper_bound":69400.17183462532},"point_estimate":66629.4718915344,"standard_error":1415.4655632283398},"MedianAbsDev":{"confidence_interval":{"confidence_level":0.95,"lower_bound":4358.558306216184,"upper_bound":10540.202675541852},"point_estimate":7062.6201174934,"standard_error":1658.5293176648959},"Slope":{"confidence_interval":{"confidence_level":0.95,"lower_bound":63070.66523910146,"upper_bound":64574.26249917173},"point_estimate":63739.64712477218,"standard_error":383.6946149630027},"StdDev":{"confidence_interval":{"confidence_level":0.95,"lower_bound":22834.699153149137,"upper_bound":108706.70917023916},"point_estimate":68759.84712577508,"standard_error":24467.74224987411}}