{"Mean":{"confidence_interval":{"confidence_level":0.95,"lower_bound":-0.0966229906488875,"upper_bound":0.12718124927174249},"point_estimate":0.010358213948521877,"standard_error":0.05669404283994754},"Median":{"confidence_interval":{"confidence_level":0.95,"lower_bound":-0.022637712586007552,"upper_bound":0.02884248767601738},"point_estimate":0.0037274561875915158,"standard_error":0.013144482291825778}}