{"Mean":{"confidence_interval":{"confidence_level":0.95,"lower_bound":50417.69718381311,"upper_bound":60339.32048880051},"point_estimate":54545.93187689127,"standard_error":2572.098495906258},"Median":{"confidence_interval":{"confidence_level":0.95,"lower_bound":47546.25283446712,"upper_bound":49190.218245050826},"point_estimate":48104.94267775604,"standard_error":427.97875390696277},"MedianAbsDev":{"confidence_interval":{"confidence_level":0.95,"lower_bound":1842.618489786982,"upper_bound":3414.323378334012},"point_estimate":2430.432122981575,"standard_error":407.71605672963716},"Slope":{"confidence_interval":{"confidence_level":0.95,"lower_bound":46740.29735194234,"upper_bound":47714.53913312553},"point_estimate":47236.545596064934,"standard_error":248.68159267321337},"StdDev":{"confidence_interval":{"confidence_level":0.95,"lower_bound":8208.020200557386,"upper_bound":41007.24999889023},"point_estimate":25814.738623307378,"standard_error":9274.421851581974}}