{"Mean":{"confidence_interval":{"confidence_level":0.95,"lower_bound":22048.72609006058,"upper_bound":26154.76260062092},"point_estimate":23758.513390436114,"standard_error":1067.1617104446277},"Median":{"confidence_interval":{"confidence_level":0.95,"lower_bound":20832.734499520306,"upper_bound":21557.713518518518},"point_estimate":21178.12607520564,"standard_error":177.4749156925407},"MedianAbsDev":{"confidence_interval":{"confidence_level":0.95,"lower_bound":881.1941482201452,"upper_bound":1721.4560734299346},"point_estimate":1298.2896313257527,"standard_error":211.3239815202702},"Slope":{"confidence_interval":{"confidence_level":0.95,"lower_bound":20542.5101813217,"upper_bound":20981.21492406806},"point_estimate":20739.43837298655,"standard_error":111.77540991055912},"StdDev":{"confidence_interval":{"confidence_level":0.95,"lower_bound":3352.821431371786,"upper_bound":17065.484843754737},"point_estimate":10722.497382789845,"standard_error":3913.2292537806948}}