{"Mean":{"confidence_interval":{"confidence_level":0.95,"lower_bound":205355.7952999805,"upper_bound":348509.4904402925},"point_estimate":266119.69631888875,"standard_error":36998.09000334909},"Median":{"confidence_interval":{"confidence_level":0.95,"lower_bound":154972.00436360296,"upper_bound":178498.32345679012},"point_estimate":162268.6683438155,"standard_error":6469.228059166644},"MedianAbsDev":{"confidence_interval":{"confidence_level":0.95,"lower_bound":26367.706020533657,"upper_bound":55428.07483378132},"point_estimate":37208.717809261194,"standard_error":8015.324963548559},"Slope":{"confidence_interval":{"confidence_level":0.95,"lower_bound":145595.31151367337,"upper_bound":152515.5786168569},"point_estimate":148642.63188085973,"standard_error":1770.0445216577552},"StdDev":{"confidence_interval":{"confidence_level":0.95,"lower_bound":129160.02875450895,"upper_bound":584491.1588904602},"point_estimate":374004.5239743566,"standard_error":126409.83037953622}}