{"Mean":{"confidence_interval":{"confidence_level":0.95,"lower_bound":-0.13637456098562004,"upper_bound":0.10867277182157173},"point_estimate":-0.02365257431765544,"standard_error":0.06292240956612898},"Median":{"confidence_interval":{"confidence_level":0.95,"lower_bound":-0.04960472581499109,"upper_bound":0.031026633989496677},"point_estimate":-0.01068751605431928,"standard_error":0.02083363022269237}}