{"Mean":{"confidence_interval":{"confidence_level":0.95,"lower_bound":-0.21929072600783842,"upper_bound":0.03018308666571229},"point_estimate":-0.10379642600194539,"standard_error":0.06372611054134952},"Median":{"confidence_interval":{"confidence_level":0.95,"lower_bound":-0.06187642274869259,"upper_bound":0.02983721383389204},"point_estimate":-0.007103916866878501,"standard_error":0.02119012447885511}}