{"Mean":{"confidence_interval":{"confidence_level":0.95,"lower_bound":32617.752959598874,"upper_bound":38954.99858946715},"point_estimate":35321.52591167691,"standard_error":1639.989512748027},"Median":{"confidence_interval":{"confidence_level":0.95,"lower_bound":30558.600694444445,"upper_bound":31299.72235576923},"point_estimate":30915.416488835843,"standard_error":205.67484105818968},"MedianAbsDev":{"confidence_interval":{"confidence_level":0.95,"lower_bound":1020.7505253902837,"upper_bound":2212.428005608821},"point_estimate":1477.7119164010094,"standard_error":326.6126929593697},"Slope":{"confidence_interval":{"confidence_level":0.95,"lower_bound":30180.97510296811,"upper_bound":30641.40638568919},"point_estimate":30397.706799449534,"standard_error":117.51000680959186},"StdDev":{"confidence_interval":{"confidence_level":0.95,"lower_bound":5830.013933855306,"upper_bound":25635.62712094993},"point_estimate":16481.750691329078,"standard_error":5397.995802772121}}