{"Mean":{"confidence_interval":{"confidence_level":0.95,"lower_bound":-0.1306661973723899,"upper_bound":0.1211123142549056},"point_estimate":-0.015047189580862153,"standard_error":0.06400312028395976},"Median":{"confidence_interval":{"confidence_level":0.95,"lower_bound":-0.02586054843184018,"upper_bound":0.04710376817943662},"point_estimate":-0.0016507842719450938,"standard_error":0.01658555632889504}}