{"Mean":{"confidence_interval":{"confidence_level":0.95,"lower_bound":35121.92640622725,"upper_bound":42608.6851653265},"point_estimate":38270.21114337729,"standard_error":1931.6273766717352},"Median":{"confidence_interval":{"confidence_level":0.95,"lower_bound":32433.35436499488,"upper_bound":34459.51572552837},"point_estimate":33156.73327823692,"standard_error":558.2294728843635},"MedianAbsDev":{"confidence_interval":{"confidence_level":0.95,"lower_bound":1781.2263655335505,"upper_bound":3889.3481709562407},"point_estimate":2820.1878601927356,"standard_error":522.0146088289805},"Slope":{"confidence_interval":{"confidence_level":0.95,"lower_bound":32315.56960458598,"upper_bound":33227.5464738594},"point_estimate":32750.93039205413,"standard_error":234.23962283307324},"StdDev":{"confidence_interval":{"confidence_level":0.95,"lower_bound":6438.839633897222,"upper_bound":30408.911714814596},"point_estimate":19382.091504387456,"standard_error":6597.607398160005}}