{"Mean":{"confidence_interval":{"confidence_level":0.95,"lower_bound":-0.0067324941111578315,"upper_bound":0.010584285971426922},"point_estimate":0.0017078412474620386,"standard_error":0.004419191245373091},"Median":{"confidence_interval":{"confidence_level":0.95,"lower_bound":-0.008315314565590537,"upper_bound":0.011000327297352008},"point_estimate":0.0027020781060616006,"standard_error":0.004841310476004416}}