{"Mean":{"confidence_interval":{"confidence_level":0.95,"lower_bound":16007.349854084034,"upper_bound":18818.546369950807},"point_estimate":17194.671489765715,"standard_error":728.0600306268035},"Median":{"confidence_interval":{"confidence_level":0.95,"lower_bound":15069.012036354705,"upper_bound":15631.964098228664},"point_estimate":15405.960169781725,"standard_error":167.43990795025454},"MedianAbsDev":{"confidence_interval":{"confidence_level":0.95,"lower_bound":633.8519686381813,"upper_bound":1283.8218891982053},"point_estimate":966.8788898868779,"standard_error":168.6268132733947},"Slope":{"confidence_interval":{"confidence_level":0.95,"lower_bound":14923.91063044261,"upper_bound":15253.665967362274},"point_estimate":15075.159650392035,"standard_error":84.25488171649496},"StdDev":{"confidence_interval":{"confidence_level":0.95,"lower_bound":2439.422672236021,"upper_bound":11433.177288496783},"point_estimate":7320.549205387037,"standard_error":2469.58861870301}}