{"Mean":{"confidence_interval":{"confidence_level":0.95,"lower_bound":-0.14697873536394038,"upper_bound":0.09814806055236634},"point_estimate":-0.029734997365588156,"standard_error":0.06252687984397858},"Median":{"confidence_interval":{"confidence_level":0.95,"lower_bound":-0.05926531041073446,"upper_bound":0.014585302192446083},"point_estimate":-0.01835936035427499,"standard_error":0.018596126812280817}}