{"Mean":{"confidence_interval":{"confidence_level":0.95,"lower_bound":-0.17399039890265747,"upper_bound":0.06634710272100942},"point_estimate":-0.06104537408287114,"standard_error":0.0612259250436161},"Median":{"confidence_interval":{"confidence_level":0.95,"lower_bound":-0.08042302238593324,"upper_bound":0.01674100954535972},"point_estimate":-0.02733361983992122,"standard_error":0.024844910833607518}}