{"Mean":{"confidence_interval":{"confidence_level":0.95,"lower_bound":19741.239466434155,"upper_bound":23721.124163156113},"point_estimate":21422.869765900447,"standard_error":1030.9896502808735},"Median":{"confidence_interval":{"confidence_level":0.95,"lower_bound":18456.001265826777,"upper_bound":19520.282798833818},"point_estimate":18932.602479757086,"standard_error":284.02608881608137},"MedianAbsDev":{"confidence_interval":{"confidence_level":0.95,"lower_bound":1702.9664038739438,"upper_bound":3070.9374589047093},"point_estimate":2321.1141848669113,"standard_error":354.40190026147854},"Slope":{"confidence_interval":{"confidence_level":0.95,"lower_bound":17951.96416070583,"upper_bound":18561.44830207434},"point_estimate":18239.40874480145,"standard_error":155.3482135646193},"StdDev":{"confidence_interval":{"confidence_level":0.95,"lower_bound":3552.398658329553,"upper_bound":16260.091407226648},"point_estimate":10375.778329090044,"standard_error":3541.0708270439723}}