{"Mean":{"confidence_interval":{"confidence_level":0.95,"lower_bound":27190142.311210956,"upper_bound":27553512.020621203},"point_estimate":27354615.689185437,"standard_error":93063.14808479045},"Median":{"confidence_interval":{"confidence_level":0.95,"lower_bound":26983795.681818184,"upper_bound":27123861.925},"point_estimate":27050654.503393665,"standard_error":37410.94835232198},"MedianAbsDev":{"confidence_interval":{"confidence_level":0.95,"lower_bound":196094.736713232,"upper_bound":356714.4193888778},"point_estimate":267104.2476637275,"standard_error":41107.29081536446},"Slope":{"confidence_interval":{"confidence_level":0.95,"lower_bound":26931954.044828746,"upper_bound":27023287.18933596},"point_estimate":26974950.44195064,"standard_error":23232.06712641375},"StdDev":{"confidence_interval":{"confidence_level":0.95,"lower_bound":546591.7071743303,"upper_bound":1322504.7691472599},"point_estimate":931609.6960687777,"standard_error":210575.10335017703}}