{"Mean":{"confidence_interval":{"confidence_level":0.95,"lower_bound":-0.14400214486853058,"upper_bound":0.1378091780408055},"point_estimate":-0.012679165707954354,"standard_error":0.07194216052078896},"Median":{"confidence_interval":{"confidence_level":0.95,"lower_bound":-0.02309302835893691,"upper_bound":0.02950121988481813},"point_estimate":0.002505007622266131,"standard_error":0.012973991724124622}}