{"Mean":{"confidence_interval":{"confidence_level":0.95,"lower_bound":-0.1904556337142378,"upper_bound":0.04536088671144687},"point_estimate":-0.08713297974425593,"standard_error":0.05955100226065278},"Median":{"confidence_interval":{"confidence_level":0.95,"lower_bound":-0.07133923709418843,"upper_bound":-0.012795997263905345},"point_estimate":-0.04432396420879303,"standard_error":0.016499364439399585}}