{"Mean":{"confidence_interval":{"confidence_level":0.95,"lower_bound":-0.1001310562092349,"upper_bound":0.09195150901986608},"point_estimate":-0.006204460653992938,"standard_error":0.049024963644991475},"Median":{"confidence_interval":{"confidence_level":0.95,"lower_bound":-0.027218537088279742,"upper_bound":0.03179772821078763},"point_estimate":0.005653491736788974,"standard_error":0.014789389417538547}}