{"Mean":{"confidence_interval":{"confidence_level":0.95,"lower_bound":-0.06888349398181358,"upper_bound":0.06290924735167548},"point_estimate":-0.0022026303321702745,"standard_error":0.033646492832162464},"Median":{"confidence_interval":{"confidence_level":0.95,"lower_bound":-0.016292695957932923,"upper_bound":0.022458586872758785},"point_estimate":0.0069070095325274306,"standard_error":0.009524152369107716}}