{"Mean":{"confidence_interval":{"confidence_level":0.95,"lower_bound":-0.268037829737481,"upper_bound":0.3859749696383924},"point_estimate":0.00015702995761412986,"standard_error":0.16749003987512523},"Median":{"confidence_interval":{"confidence_level":0.95,"lower_bound":-0.07116848206993209,"upper_bound":0.08583836648398879},"point_estimate":0.01946190446661844,"standard_error":0.041324691837490775}}