{"Mean":{"confidence_interval":{"confidence_level":0.95,"lower_bound":-0.16529565021057235,"upper_bound":0.06228480137310395},"point_estimate":-0.058621606478289845,"standard_error":0.05780981364144069},"Median":{"confidence_interval":{"confidence_level":0.95,"lower_bound":-0.0683084869547137,"upper_bound":0.0012653325852864938},"point_estimate":-0.03297887837727653,"standard_error":0.017799376672018162}}