{"Mean":{"confidence_interval":{"confidence_level":0.95,"lower_bound":-0.1314693814023107,"upper_bound":0.11294862620363802},"point_estimate":-0.015412936720261672,"standard_error":0.062156726563393716},"Median":{"confidence_interval":{"confidence_level":0.95,"lower_bound":-0.008167089154996088,"upper_bound":0.02144066419001489},"point_estimate":0.004871520356922954,"standard_error":0.007324791340915398}}