{"Mean":{"confidence_interval":{"confidence_level":0.95,"lower_bound":58687.2238664227,"upper_bound":59580.43344756128},"point_estimate":59125.06508661804,"standard_error":227.32844212433878},"Median":{"confidence_interval":{"confidence_level":0.95,"lower_bound":58162.1056763285,"upper_bound":59067.055555555555},"point_estimate":58638.50539625647,"standard_error":230.5799381921727},"MedianAbsDev":{"confidence_interval":{"confidence_level":0.95,"lower_bound":1268.357699810689,"upper_bound":2406.5037001026367},"point_estimate":1849.2008662497115,"standard_error":307.9250667330376},"Slope":{"confidence_interval":{"confidence_level":0.95,"lower_bound":58958.40384567514,"upper_bound":60169.23089348999},"point_estimate":59546.12399569808,"standard_error":309.36681243592074},"StdDev":{"confidence_interval":{"confidence_level":0.95,"lower_bound":1875.544615656285,"upper_bound":2645.142692157855},"point_estimate":2280.356798541036,"standard_error":197.66598937425331}}