{"Mean":{"confidence_interval":{"confidence_level":0.95,"lower_bound":-0.3256996557081131,"upper_bound":-0.0009269567043503603},"point_estimate":-0.1700597594779495,"standard_error":0.08341541348456516},"Median":{"confidence_interval":{"confidence_level":0.95,"lower_bound":-0.07786353804515178,"upper_bound":-0.015610111268631433},"point_estimate":-0.0429560721353307,"standard_error":0.0160042196650205}}