{"Mean":{"confidence_interval":{"confidence_level":0.95,"lower_bound":45510744.71676321,"upper_bound":45930868.54585424},"point_estimate":45711697.3199764,"standard_error":107731.07832936784},"Median":{"confidence_interval":{"confidence_level":0.95,"lower_bound":45104854.390625,"upper_bound":45660753.164948456},"point_estimate":45318715.67546584,"standard_error":149149.9066644592},"MedianAbsDev":{"confidence_interval":{"confidence_level":0.95,"lower_bound":480440.17809308704,"upper_bound":1023782.4694478235},"point_estimate":755565.6918455003,"standard_error":139913.30810337412},"Slope":{"confidence_interval":{"confidence_level":0.95,"lower_bound":45399052.341207996,"upper_bound":46037295.55128314},"point_estimate":45694245.97115413,"standard_error":163289.42474780927},"StdDev":{"confidence_interval":{"confidence_level":0.95,"lower_bound":807741.4764934031,"upper_bound":1326753.8436877767},"point_estimate":1080062.2355307993,"standard_error":133074.45806297704}}