{"Mean":{"confidence_interval":{"confidence_level":0.95,"lower_bound":-0.19651166974629933,"upper_bound":0.03207322089593577},"point_estimate":-0.09251456481682707,"standard_error":0.057770977153292095},"Median":{"confidence_interval":{"confidence_level":0.95,"lower_bound":-0.08078963236247716,"upper_bound":0.0033302872222029656},"point_estimate":-0.03572166628623785,"standard_error":0.021633802098268932}}