{"Mean":{"confidence_interval":{"confidence_level":0.95,"lower_bound":-0.12702838392272986,"upper_bound":0.1578584332161659},"point_estimate":0.0070397601754954575,"standard_error":0.07249990218002456},"Median":{"confidence_interval":{"confidence_level":0.95,"lower_bound":-0.024739763792145708,"upper_bound":0.036462041016527946},"point_estimate":-0.002091591174565255,"standard_error":0.01467266306967444}}