{"Mean":{"confidence_interval":{"confidence_level":0.95,"lower_bound":-0.14272303084199978,"upper_bound":0.09796254832696456},"point_estimate":-0.026190428299440405,"standard_error":0.06129173465394081},"Median":{"confidence_interval":{"confidence_level":0.95,"lower_bound":-0.03603160540635183,"upper_bound":0.023312053199800564},"point_estimate":-0.012210467109181278,"standard_error":0.01590165314925563}}