{"Mean":{"confidence_interval":{"confidence_level":0.95,"lower_bound":20434.69373789703,"upper_bound":20857.477979047108},"point_estimate":20641.485284171024,"standard_error":108.0075605024503},"Median":{"confidence_interval":{"confidence_level":0.95,"lower_bound":20169.708084735263,"upper_bound":20753.341940679384},"point_estimate":20445.72702373707,"standard_error":154.35893036307687},"MedianAbsDev":{"confidence_interval":{"confidence_level":0.95,"lower_bound":702.3550173918167,"upper_bound":1220.8864843249305},"point_estimate":849.8557866347996,"standard_error":146.10264491979916},"Slope":{"confidence_interval":{"confidence_level":0.95,"lower_bound":20280.096165443356,"upper_bound":20698.880911706226},"point_estimate":20484.207699559134,"standard_error":106.97090809848129},"StdDev":{"confidence_interval":{"confidence_level":0.95,"lower_bound":888.9128615002039,"upper_bound":1263.4231426651081},"point_estimate":1086.2950407443782,"standard_error":95.95675936217937}}