{"Mean":{"confidence_interval":{"confidence_level":0.95,"lower_bound":17596.1905611878,"upper_bound":20871.37878514168},"point_estimate":18969.916500129424,"standard_error":846.0929554026799},"Median":{"confidence_interval":{"confidence_level":0.95,"lower_bound":16476.88859463277,"upper_bound":17247.99286351472},"point_estimate":16747.828315492123,"standard_error":171.65138669064885},"MedianAbsDev":{"confidence_interval":{"confidence_level":0.95,"lower_bound":830.3863849838062,"upper_bound":1777.7683232347383},"point_estimate":1286.247065030628,"standard_error":226.39678658578472},"Slope":{"confidence_interval":{"confidence_level":0.95,"lower_bound":16397.98469361573,"upper_bound":16788.440020117414},"point_estimate":16578.690863788124,"standard_error":99.52647161440007},"StdDev":{"confidence_interval":{"confidence_level":0.95,"lower_bound":2829.3755407152084,"upper_bound":13353.760559276006},"point_estimate":8488.771107133745,"standard_error":2961.678177941476}}