{"Mean":{"confidence_interval":{"confidence_level":0.95,"lower_bound":-0.29347277054118304,"upper_bound":-0.0746461647231493},"point_estimate":-0.19414602857216579,"standard_error":0.05548040763649831},"Median":{"confidence_interval":{"confidence_level":0.95,"lower_bound":-0.21863029970329584,"upper_bound":-0.0850762560941114},"point_estimate":-0.13327704666348816,"standard_error":0.03664494054180632}}