{"Mean":{"confidence_interval":{"confidence_level":0.95,"lower_bound":-0.10923004155589691,"upper_bound":0.12970728539199664},"point_estimate":0.0008086408512337773,"standard_error":0.06052695245030681},"Median":{"confidence_interval":{"confidence_level":0.95,"lower_bound":-0.033188501749267615,"upper_bound":0.02287043853407078},"point_estimate":-0.008694135455324381,"standard_error":0.015140176103348113}}