{"Mean":{"confidence_interval":{"confidence_level":0.95,"lower_bound":11929.869943336342,"upper_bound":14395.06496483409},"point_estimate":12962.98649083097,"standard_error":642.107181848581},"Median":{"confidence_interval":{"confidence_level":0.95,"lower_bound":11173.148888888889,"upper_bound":11778.025990903185},"point_estimate":11338.103660251003,"standard_error":136.09409134695937},"MedianAbsDev":{"confidence_interval":{"confidence_level":0.95,"lower_bound":675.7222461337327,"upper_bound":1311.0889232240643},"point_estimate":886.2322150733784,"standard_error":165.03853080157586},"Slope":{"confidence_interval":{"confidence_level":0.95,"lower_bound":11122.652839501932,"upper_bound":11430.78094865795},"point_estimate":11277.52440241039,"standard_error":78.66696844772973},"StdDev":{"confidence_interval":{"confidence_level":0.95,"lower_bound":2032.0413641910452,"upper_bound":10226.906750278984},"point_estimate":6460.646344901926,"standard_error":2331.727037579656}}