{"Mean":{"confidence_interval":{"confidence_level":0.95,"lower_bound":-0.3582042137463788,"upper_bound":-0.2023560647543865},"point_estimate":-0.28677680537319705,"standard_error":0.03964460681554961},"Median":{"confidence_interval":{"confidence_level":0.95,"lower_bound":-0.31155810439369414,"upper_bound":-0.1484650247298549},"point_estimate":-0.2503771710017877,"standard_error":0.05104090466982684}}