{"Mean":{"confidence_interval":{"confidence_level":0.95,"lower_bound":17774.11756730386,"upper_bound":18148.75341924489},"point_estimate":17948.365304512008,"standard_error":95.67302662066457},"Median":{"confidence_interval":{"confidence_level":0.95,"lower_bound":17694.632449799195,"upper_bound":17868.00404040404},"point_estimate":17790.23760024129,"standard_error":45.88710905446099},"MedianAbsDev":{"confidence_interval":{"confidence_level":0.95,"lower_bound":315.3178820115261,"upper_bound":573.3431599722626},"point_estimate":461.6444746141477,"standard_error":66.12098891780104},"Slope":{"confidence_interval":{"confidence_level":0.95,"lower_bound":17776.076537048433,"upper_bound":18319.496484016483},"point_estimate":18020.67036124508,"standard_error":139.30689325186964},"StdDev":{"confidence_interval":{"confidence_level":0.95,"lower_bound":624.0229780773014,"upper_bound":1250.8977049554785},"point_estimate":960.2252758257449,"standard_error":160.30612718338452}}