{"Mean":{"confidence_interval":{"confidence_level":0.95,"lower_bound":-0.11537825480202009,"upper_bound":0.12245167519880727},"point_estimate":-0.0014520662459870382,"standard_error":0.06015245676992797},"Median":{"confidence_interval":{"confidence_level":0.95,"lower_bound":-0.007646298713256172,"upper_bound":0.03426434562747338},"point_estimate":0.01990318429818716,"standard_error":0.010381896522085373}}