{"Mean":{"confidence_interval":{"confidence_level":0.95,"lower_bound":3970688.0952294725,"upper_bound":4213937.338585589},"point_estimate":4076264.0666730166,"standard_error":62803.38425570634},"Median":{"confidence_interval":{"confidence_level":0.95,"lower_bound":3869311.446153846,"upper_bound":3919844.782051282},"point_estimate":3887551.0378435515,"standard_error":13119.12839958212},"MedianAbsDev":{"confidence_interval":{"confidence_level":0.95,"lower_bound":53560.58588881105,"upper_bound":124017.9378073321},"point_estimate":80073.13096750833,"standard_error":19194.270942300627},"Slope":{"confidence_interval":{"confidence_level":0.95,"lower_bound":3846576.462999214,"upper_bound":3871219.5918586985},"point_estimate":3858418.7055563764,"standard_error":6276.933241582187},"StdDev":{"confidence_interval":{"confidence_level":0.95,"lower_bound":269808.69027351873,"upper_bound":956644.8996393355},"point_estimate":631437.0694003222,"standard_error":188760.7035788891}}