{"Mean":{"confidence_interval":{"confidence_level":0.95,"lower_bound":70810.37386331552,"upper_bound":87401.5205512903},"point_estimate":77984.98976351722,"standard_error":4294.69155907071},"Median":{"confidence_interval":{"confidence_level":0.95,"lower_bound":64600.67898391813,"upper_bound":66833.162911442},"point_estimate":65142.780171886465,"standard_error":559.0158141019313},"MedianAbsDev":{"confidence_interval":{"confidence_level":0.95,"lower_bound":2491.347760016646,"upper_bound":5570.673430944514},"point_estimate":3439.1341041760747,"standard_error":756.9516314963205},"Slope":{"confidence_interval":{"confidence_level":0.95,"lower_bound":63772.30363400601,"upper_bound":64800.10192313899},"point_estimate":64241.86365265258,"standard_error":262.08154458939094},"StdDev":{"confidence_interval":{"confidence_level":0.95,"lower_bound":17581.858832472364,"upper_bound":66066.97813194561},"point_estimate":43155.747052984974,"standard_error":13451.8220258295}}