{"Mean":{"confidence_interval":{"confidence_level":0.95,"lower_bound":27109.443698280604,"upper_bound":27378.30292086806},"point_estimate":27236.715544863386,"standard_error":68.92781465816502},"Median":{"confidence_interval":{"confidence_level":0.95,"lower_bound":27017.63238265003,"upper_bound":27236.589908392438},"point_estimate":27141.99879616598,"standard_error":60.45221119725318},"MedianAbsDev":{"confidence_interval":{"confidence_level":0.95,"lower_bound":304.09788062696174,"upper_bound":510.2070607790909},"point_estimate":378.27298271826186,"standard_error":50.95698312821314},"Slope":{"confidence_interval":{"confidence_level":0.95,"lower_bound":27050.90008866395,"upper_bound":27251.447749146704},"point_estimate":27148.257747894193,"standard_error":51.17912478444148},"StdDev":{"confidence_interval":{"confidence_level":0.95,"lower_bound":484.35905673896855,"upper_bound":884.7273712456257},"point_estimate":693.2529210433054,"standard_error":102.49957797723279}}