{"Mean":{"confidence_interval":{"confidence_level":0.95,"lower_bound":11970.46092766782,"upper_bound":14247.98221038233},"point_estimate":12920.443053531319,"standard_error":591.822225356402},"Median":{"confidence_interval":{"confidence_level":0.95,"lower_bound":11192.866316764434,"upper_bound":11873.141136481578},"point_estimate":11383.22065381153,"standard_error":182.7679409911146},"MedianAbsDev":{"confidence_interval":{"confidence_level":0.95,"lower_bound":773.757832139176,"upper_bound":1533.826228283637},"point_estimate":1127.5611861367438,"standard_error":208.64814140758517},"Slope":{"confidence_interval":{"confidence_level":0.95,"lower_bound":11307.493918114338,"upper_bound":11693.476867684261},"point_estimate":11502.148607517833,"standard_error":98.24645528340172},"StdDev":{"confidence_interval":{"confidence_level":0.95,"lower_bound":1914.961770713619,"upper_bound":9409.751364105794},"point_estimate":5929.756709279872,"standard_error":2139.379295335655}}