{"Mean":{"confidence_interval":{"confidence_level":0.95,"lower_bound":366325.91592781135,"upper_bound":418475.7758972008},"point_estimate":389106.16752990626,"standard_error":13398.436037997182},"Median":{"confidence_interval":{"confidence_level":0.95,"lower_bound":350535.7983870968,"upper_bound":360342.3592171717},"point_estimate":356862.4991071429,"standard_error":2388.665149698805},"MedianAbsDev":{"confidence_interval":{"confidence_level":0.95,"lower_bound":14139.757250262215,"upper_bound":28326.24609115997},"point_estimate":21762.91486143803,"standard_error":3678.7905552920693},"Slope":{"confidence_interval":{"confidence_level":0.95,"lower_bound":339198.86444511,"upper_bound":346839.60510127636},"point_estimate":342958.105553421,"standard_error":1950.9966726701796},"StdDev":{"confidence_interval":{"confidence_level":0.95,"lower_bound":55026.096497152386,"upper_bound":202079.017399404},"point_estimate":134631.1945456574,"standard_error":38682.90507454772}}