{"Mean":{"confidence_interval":{"confidence_level":0.95,"lower_bound":58914.476320278394,"upper_bound":70577.85375182537},"point_estimate":63920.60153867106,"standard_error":3001.172049185893},"Median":{"confidence_interval":{"confidence_level":0.95,"lower_bound":53772.82717121588,"upper_bound":56956.14861111111},"point_estimate":54749.47925579322,"standard_error":834.693428564791},"MedianAbsDev":{"confidence_interval":{"confidence_level":0.95,"lower_bound":2802.7264052416645,"upper_bound":7334.071221230639},"point_estimate":4320.112384211369,"standard_error":1083.328681175901},"Slope":{"confidence_interval":{"confidence_level":0.95,"lower_bound":53242.463602152355,"upper_bound":54804.69441160052},"point_estimate":53947.782938081866,"standard_error":399.85738959121187},"StdDev":{"confidence_interval":{"confidence_level":0.95,"lower_bound":12050.30458337956,"upper_bound":46361.51990358472},"point_estimate":30173.723855129443,"standard_error":9408.459608645695}}