{"Mean":{"confidence_interval":{"confidence_level":0.95,"lower_bound":-0.4332826328636763,"upper_bound":0.7365467407278927},"point_estimate":0.0034644746829688433,"standard_error":0.3026832064833588},"Median":{"confidence_interval":{"confidence_level":0.95,"lower_bound":-0.2003717431225427,"upper_bound":0.2751135211587583},"point_estimate":0.010404243277868375,"standard_error":0.122545699908468}}