{"Mean":{"confidence_interval":{"confidence_level":0.95,"lower_bound":-0.44043892680142027,"upper_bound":-0.25194956109731054},"point_estimate":-0.3563044593598026,"standard_error":0.04808161651924268},"Median":{"confidence_interval":{"confidence_level":0.95,"lower_bound":-0.30756095335256195,"upper_bound":-0.15832652769258},"point_estimate":-0.24731249773397435,"standard_error":0.03851494865453707}}