{"Mean":{"confidence_interval":{"confidence_level":0.95,"lower_bound":129583.04602567649,"upper_bound":149951.8992676713},"point_estimate":138313.24923165186,"standard_error":5275.131775910534},"Median":{"confidence_interval":{"confidence_level":0.95,"lower_bound":122092.875,"upper_bound":127046.90032679739},"point_estimate":124580.17678666362,"standard_error":1104.5131075399788},"MedianAbsDev":{"confidence_interval":{"confidence_level":0.95,"lower_bound":6432.252805120925,"upper_bound":11395.387701161122},"point_estimate":9441.983986241186,"standard_error":1295.619796299496},"Slope":{"confidence_interval":{"confidence_level":0.95,"lower_bound":119503.34050509906,"upper_bound":121652.01760177368},"point_estimate":120509.83235538479,"standard_error":548.8893422831436},"StdDev":{"confidence_interval":{"confidence_level":0.95,"lower_bound":19646.394789293023,"upper_bound":82165.81435207734},"point_estimate":53236.24668218023,"standard_error":17198.5499987753}}