{"Mean":{"confidence_interval":{"confidence_level":0.95,"lower_bound":63977.59982813818,"upper_bound":75583.27667452452},"point_estimate":68945.39790173316,"standard_error":3010.3233012635174},"Median":{"confidence_interval":{"confidence_level":0.95,"lower_bound":59315.83432539683,"upper_bound":63001.03968253968},"point_estimate":60596.628246997,"standard_error":956.0385561999371},"MedianAbsDev":{"confidence_interval":{"confidence_level":0.95,"lower_bound":3244.737130484868,"upper_bound":7312.8196847129875},"point_estimate":4978.102385277867,"standard_error":1038.6005444352857},"Slope":{"confidence_interval":{"confidence_level":0.95,"lower_bound":58649.179980772,"upper_bound":60431.02781658068},"point_estimate":59456.28037748551,"standard_error":457.15344103496176},"StdDev":{"confidence_interval":{"confidence_level":0.95,"lower_bound":10976.18017916272,"upper_bound":46660.49807597536},"point_estimate":30204.613898129766,"standard_error":9742.456284543961}}