{"Mean":{"confidence_interval":{"confidence_level":0.95,"lower_bound":89582.81636706449,"upper_bound":91470.36321242056},"point_estimate":90541.54716422035,"standard_error":481.86019893785874},"Median":{"confidence_interval":{"confidence_level":0.95,"lower_bound":90496.53315612263,"upper_bound":91733.71826086956},"point_estimate":91057.90039558144,"standard_error":353.2308782936528},"MedianAbsDev":{"confidence_interval":{"confidence_level":0.95,"lower_bound":1714.7125912917631,"upper_bound":2859.3488054771988},"point_estimate":2220.3244431310104,"standard_error":290.45734024973626},"Slope":{"confidence_interval":{"confidence_level":0.95,"lower_bound":89584.94731069368,"upper_bound":90771.03002699916},"point_estimate":90210.34894823811,"standard_error":302.0499106978412},"StdDev":{"confidence_interval":{"confidence_level":0.95,"lower_bound":3834.9432257674202,"upper_bound":5761.967137796876},"point_estimate":4863.965151693285,"standard_error":490.50258128821366}}