{"Mean":{"confidence_interval":{"confidence_level":0.95,"lower_bound":6865853.892575181,"upper_bound":7084655.437347697},"point_estimate":6962205.218749306,"standard_error":56300.01044521197},"Median":{"confidence_interval":{"confidence_level":0.95,"lower_bound":6788199.931818182,"upper_bound":6889816.748418722},"point_estimate":6831431.05976144,"standard_error":27342.354953176542},"MedianAbsDev":{"confidence_interval":{"confidence_level":0.95,"lower_bound":157144.2917732293,"upper_bound":272574.1627850919},"point_estimate":196205.4744433802,"standard_error":29758.89235954143},"Slope":{"confidence_interval":{"confidence_level":0.95,"lower_bound":6743153.585623278,"upper_bound":6858428.7262712885},"point_estimate":6797128.761666913,"standard_error":29667.885469899735},"StdDev":{"confidence_interval":{"confidence_level":0.95,"lower_bound":255582.50065527752,"upper_bound":844852.403526871},"point_estimate":565111.7531809073,"standard_error":157626.36992002078}}