{"Mean":{"confidence_interval":{"confidence_level":0.95,"lower_bound":15255.421744204563,"upper_bound":18482.882644225836},"point_estimate":16596.982520933947,"standard_error":840.6474636953418},"Median":{"confidence_interval":{"confidence_level":0.95,"lower_bound":14168.905146388699,"upper_bound":14785.615491651206},"point_estimate":14355.771995437386,"standard_error":185.24951962929987},"MedianAbsDev":{"confidence_interval":{"confidence_level":0.95,"lower_bound":940.0366060697071,"upper_bound":2349.720293436237},"point_estimate":1653.7440486348382,"standard_error":352.32068404213084},"Slope":{"confidence_interval":{"confidence_level":0.95,"lower_bound":14276.77716417796,"upper_bound":14863.507832038022},"point_estimate":14565.187296908794,"standard_error":150.1371347544406},"StdDev":{"confidence_interval":{"confidence_level":0.95,"lower_bound":2539.16266812938,"upper_bound":13381.254554805382},"point_estimate":8419.4555800648,"standard_error":3069.216949536217}}