{"Mean":{"confidence_interval":{"confidence_level":0.95,"lower_bound":34338.74993344841,"upper_bound":40349.34444613593},"point_estimate":36859.53641383065,"standard_error":1561.1074797552706},"Median":{"confidence_interval":{"confidence_level":0.95,"lower_bound":32015.26892237506,"upper_bound":34121.80889894419},"point_estimate":33118.678715170274,"standard_error":560.139441359518},"MedianAbsDev":{"confidence_interval":{"confidence_level":0.95,"lower_bound":2155.6217412557994,"upper_bound":4369.047797560333},"point_estimate":3422.958292647298,"standard_error":617.3083781587849},"Slope":{"confidence_interval":{"confidence_level":0.95,"lower_bound":31610.22188707565,"upper_bound":32812.487811933046},"point_estimate":32163.869707316648,"standard_error":307.0568964329194},"StdDev":{"confidence_interval":{"confidence_level":0.95,"lower_bound":5081.871239092753,"upper_bound":24915.05567561711},"point_estimate":15759.181889295272,"standard_error":5648.578454691551}}