{"Mean":{"confidence_interval":{"confidence_level":0.95,"lower_bound":23174.492687708174,"upper_bound":27580.98661058793},"point_estimate":25021.67503540935,"standard_error":1139.120403487337},"Median":{"confidence_interval":{"confidence_level":0.95,"lower_bound":21801.589351851853,"upper_bound":22368.04702762515},"point_estimate":22113.381222902804,"standard_error":172.82810506640098},"MedianAbsDev":{"confidence_interval":{"confidence_level":0.95,"lower_bound":1053.846790178374,"upper_bound":2043.6216480589437},"point_estimate":1588.6939055450223,"standard_error":271.98159415594824},"Slope":{"confidence_interval":{"confidence_level":0.95,"lower_bound":21350.735895659698,"upper_bound":21674.02574712373},"point_estimate":21498.373926715434,"standard_error":82.17817784774408},"StdDev":{"confidence_interval":{"confidence_level":0.95,"lower_bound":3657.787293104069,"upper_bound":17994.35178959213},"point_estimate":11442.366773952172,"standard_error":3978.578341447003}}