{"Mean":{"confidence_interval":{"confidence_level":0.95,"lower_bound":12262.414391532746,"upper_bound":14653.581843334854},"point_estimate":13280.966416192045,"standard_error":618.8512729817156},"Median":{"confidence_interval":{"confidence_level":0.95,"lower_bound":11515.562948717949,"upper_bound":11834.547900365153},"point_estimate":11643.528153935185,"standard_error":87.11171891086468},"MedianAbsDev":{"confidence_interval":{"confidence_level":0.95,"lower_bound":491.76705968886137,"upper_bound":1311.263792620953},"point_estimate":925.5841065169096,"standard_error":220.3687965142184},"Slope":{"confidence_interval":{"confidence_level":0.95,"lower_bound":11475.958614550309,"upper_bound":11808.21955460295},"point_estimate":11639.439140461061,"standard_error":84.5654027439127},"StdDev":{"confidence_interval":{"confidence_level":0.95,"lower_bound":1984.2938653578024,"upper_bound":9707.68605248623},"point_estimate":6226.436225351656,"standard_error":2090.9694201409106}}