{"Mean":{"confidence_interval":{"confidence_level":0.95,"lower_bound":-0.05573913921828204,"upper_bound":0.07296958449144533},"point_estimate":0.005346598703858341,"standard_error":0.03264426948481801},"Median":{"confidence_interval":{"confidence_level":0.95,"lower_bound":-0.008578163301209418,"upper_bound":0.022489249580502288},"point_estimate":0.004887589614675392,"standard_error":0.007810156547465455}}