{"Mean":{"confidence_interval":{"confidence_level":0.95,"lower_bound":44203.21566356016,"upper_bound":51856.61974422287},"point_estimate":47374.437746172414,"standard_error":1991.0916186295015},"Median":{"confidence_interval":{"confidence_level":0.95,"lower_bound":41747.76536692162,"upper_bound":42957.834677419356},"point_estimate":42170.8053002451,"standard_error":311.43333981283615},"MedianAbsDev":{"confidence_interval":{"confidence_level":0.95,"lower_bound":1303.1981278757494,"upper_bound":3309.0596176576755},"point_estimate":2090.4250135504167,"standard_error":507.45410775198854},"Slope":{"confidence_interval":{"confidence_level":0.95,"lower_bound":41302.078987284425,"upper_bound":42075.730705888884},"point_estimate":41689.561993128416,"standard_error":196.95843583760617},"StdDev":{"confidence_interval":{"confidence_level":0.95,"lower_bound":6159.619833742404,"upper_bound":32014.554377629396},"point_estimate":20113.8498254421,"standard_error":7383.678811734545}}