{"Mean":{"confidence_interval":{"confidence_level":0.95,"lower_bound":35322731.142603345,"upper_bound":35638925.8338753},"point_estimate":35466918.90067176,"standard_error":80614.9528183351},"Median":{"confidence_interval":{"confidence_level":0.95,"lower_bound":35149530.5,"upper_bound":35299497.44878617},"point_estimate":35231836.77050486,"standard_error":37795.76589024303},"MedianAbsDev":{"confidence_interval":{"confidence_level":0.95,"lower_bound":205874.38923933808,"upper_bound":402480.5960549977},"point_estimate":295012.03171248786,"standard_error":49534.947715168906},"Slope":{"confidence_interval":{"confidence_level":0.95,"lower_bound":35132632.42095867,"upper_bound":35290338.69579918},"point_estimate":35203086.24638688,"standard_error":40306.61204815936},"StdDev":{"confidence_interval":{"confidence_level":0.95,"lower_bound":479163.8713513052,"upper_bound":1118908.5878897654},"point_estimate":810098.6265468025,"standard_error":166923.39813151798}}