{"Mean":{"confidence_interval":{"confidence_level":0.95,"lower_bound":-0.05085482653450357,"upper_bound":0.049980897696463064},"point_estimate":-0.0022960594152836578,"standard_error":0.025317442905303543},"Median":{"confidence_interval":{"confidence_level":0.95,"lower_bound":-0.00418452919929746,"upper_bound":0.02599876575755956},"point_estimate":0.009390613067661313,"standard_error":0.007842841914268083}}