{"Mean":{"confidence_interval":{"confidence_level":0.95,"lower_bound":17950.24660657117,"upper_bound":21111.815154983644},"point_estimate":19286.110876189035,"standard_error":817.3003436915319},"Median":{"confidence_interval":{"confidence_level":0.95,"lower_bound":16880.681394009218,"upper_bound":17652.402646396396},"point_estimate":17369.238349790034,"standard_error":204.21630157353687},"MedianAbsDev":{"confidence_interval":{"confidence_level":0.95,"lower_bound":1217.4860694466993,"upper_bound":2267.913560476428},"point_estimate":1660.658785012954,"standard_error":273.3123374993585},"Slope":{"confidence_interval":{"confidence_level":0.95,"lower_bound":16496.74230676423,"upper_bound":16932.951580042805},"point_estimate":16704.208371459536,"standard_error":110.96436250522743},"StdDev":{"confidence_interval":{"confidence_level":0.95,"lower_bound":2972.5539145914513,"upper_bound":12858.991878205701},"point_estimate":8223.344700500737,"standard_error":2785.0071463890713}}