{"Mean":{"confidence_interval":{"confidence_level":0.95,"lower_bound":35565.25531636318,"upper_bound":43283.62753863738},"point_estimate":38870.0382730683,"standard_error":1986.0777140345483},"Median":{"confidence_interval":{"confidence_level":0.95,"lower_bound":32319.797554347828,"upper_bound":33999.09121567688},"point_estimate":32952.329657669514,"standard_error":433.3879396750241},"MedianAbsDev":{"confidence_interval":{"confidence_level":0.95,"lower_bound":1291.3149828935411,"upper_bound":3461.237657073343},"point_estimate":2123.489434301999,"standard_error":542.3678897583268},"Slope":{"confidence_interval":{"confidence_level":0.95,"lower_bound":32171.06777154799,"upper_bound":32862.07933535841},"point_estimate":32479.403733282845,"standard_error":176.69461507783487},"StdDev":{"confidence_interval":{"confidence_level":0.95,"lower_bound":7836.792499245185,"upper_bound":30696.289874161404},"point_estimate":19973.74009229653,"standard_error":6229.20145812946}}