{"Mean":{"confidence_interval":{"confidence_level":0.95,"lower_bound":665428.2737461983,"upper_bound":762623.9025295943},"point_estimate":706994.4946310676,"standard_error":25098.246832233395},"Median":{"confidence_interval":{"confidence_level":0.95,"lower_bound":632056.7743902439,"upper_bound":651263.275297619},"point_estimate":639192.8276960785,"standard_error":4949.713746969667},"MedianAbsDev":{"confidence_interval":{"confidence_level":0.95,"lower_bound":31311.960577555103,"upper_bound":58443.68698658608},"point_estimate":42965.20767522112,"standard_error":6982.170334039888},"Slope":{"confidence_interval":{"confidence_level":0.95,"lower_bound":615594.686735687,"upper_bound":626361.7363954585},"point_estimate":620769.0214969706,"standard_error":2741.1995963240815},"StdDev":{"confidence_interval":{"confidence_level":0.95,"lower_bound":93197.52935022816,"upper_bound":389946.4462891124},"point_estimate":251683.44945543353,"standard_error":81736.80453960963}}