{"Mean":{"confidence_interval":{"confidence_level":0.95,"lower_bound":-0.1872795584108238,"upper_bound":0.04902815881128448},"point_estimate":-0.07898380124649163,"standard_error":0.06076973904386674},"Median":{"confidence_interval":{"confidence_level":0.95,"lower_bound":-0.06955194862358027,"upper_bound":0.005746971811806834},"point_estimate":-0.03708670961387095,"standard_error":0.01898203539167988}}