{"Mean":{"confidence_interval":{"confidence_level":0.95,"lower_bound":-0.17686093080134183,"upper_bound":0.038378666908300045},"point_estimate":-0.07753948668633892,"standard_error":0.054727304586982925},"Median":{"confidence_interval":{"confidence_level":0.95,"lower_bound":-0.1005493521568086,"upper_bound":0.01921167834024213},"point_estimate":-0.05432175103779391,"standard_error":0.03203075444968287}}