{"Mean":{"confidence_interval":{"confidence_level":0.95,"lower_bound":147170640.1139144,"upper_bound":147805306.74871528},"point_estimate":147461772.93615544,"standard_error":162581.19072970387},"Median":{"confidence_interval":{"confidence_level":0.95,"lower_bound":146946762.55916667,"upper_bound":147290163.7317073},"point_estimate":147063857.63263157,"standard_error":88654.13565063744},"MedianAbsDev":{"confidence_interval":{"confidence_level":0.95,"lower_bound":708126.0106006938,"upper_bound":1133344.1863098578},"point_estimate":888816.4138706004,"standard_error":113110.15202941971},"Slope":{"confidence_interval":{"confidence_level":0.95,"lower_bound":146870055.65957347,"upper_bound":147261263.7350267},"point_estimate":147061217.2439338,"standard_error":99476.84018426035},"StdDev":{"confidence_interval":{"confidence_level":0.95,"lower_bound":1022526.2362073452,"upper_bound":2258169.67570867},"point_estimate":1629158.7473297743,"standard_error":333466.6463351862}}