{"Mean":{"confidence_interval":{"confidence_level":0.95,"lower_bound":-0.0042584431552538686,"upper_bound":0.010703950877079834},"point_estimate":0.003565560685919067,"standard_error":0.0038404063235734165},"Median":{"confidence_interval":{"confidence_level":0.95,"lower_bound":-0.0016662000428612211,"upper_bound":0.007886225646375422},"point_estimate":0.0034258184127899938,"standard_error":0.002371697268728961}}