{"Mean":{"confidence_interval":{"confidence_level":0.95,"lower_bound":-0.1231904146357744,"upper_bound":0.07037577347059591},"point_estimate":-0.028063918778183927,"standard_error":0.04961497602982417},"Median":{"confidence_interval":{"confidence_level":0.95,"lower_bound":-0.026792919068961325,"upper_bound":0.017634702631326826},"point_estimate":-0.0005545093563912307,"standard_error":0.0113694258272623}}