{"Mean":{"confidence_interval":{"confidence_level":0.95,"lower_bound":689057.9427129664,"upper_bound":801699.933403225},"point_estimate":738076.4146990936,"standard_error":29095.00157311846},"Median":{"confidence_interval":{"confidence_level":0.95,"lower_bound":642407.6890350877,"upper_bound":672111.1421493902},"point_estimate":657347.5921929826,"standard_error":6601.663903497158},"MedianAbsDev":{"confidence_interval":{"confidence_level":0.95,"lower_bound":32447.280598024558,"upper_bound":66622.03675654459},"point_estimate":47614.17180873833,"standard_error":7572.457337542097},"Slope":{"confidence_interval":{"confidence_level":0.95,"lower_bound":626199.5998524227,"upper_bound":640947.1811317011},"point_estimate":633206.1113418058,"standard_error":3760.272297105859},"StdDev":{"confidence_interval":{"confidence_level":0.95,"lower_bound":121127.6529054701,"upper_bound":447963.1347814172},"point_estimate":293735.2100205509,"standard_error":90470.14917759666}}