{"Mean":{"confidence_interval":{"confidence_level":0.95,"lower_bound":-0.1019269208384933,"upper_bound":0.16519104437653465},"point_estimate":0.0256210427168575,"standard_error":0.06836554849597731},"Median":{"confidence_interval":{"confidence_level":0.95,"lower_bound":0.0014112315125924813,"upper_bound":0.05160440248429188},"point_estimate":0.02149368877346869,"standard_error":0.011895726834930415}}