{"Mean":{"confidence_interval":{"confidence_level":0.95,"lower_bound":-0.18644001765976878,"upper_bound":-0.00772257428917056},"point_estimate":-0.09853746920906503,"standard_error":0.04575294747893665},"Median":{"confidence_interval":{"confidence_level":0.95,"lower_bound":-0.12768784682559498,"upper_bound":-0.03187030310522575},"point_estimate":-0.07052937441838614,"standard_error":0.02469686328228749}}