{"Mean":{"confidence_interval":{"confidence_level":0.95,"lower_bound":-0.12336038940496447,"upper_bound":0.1520184380310966},"point_estimate":0.006898598656275068,"standard_error":0.06962946033432292},"Median":{"confidence_interval":{"confidence_level":0.95,"lower_bound":-0.03554726898916854,"upper_bound":0.04868358896584302},"point_estimate":0.011807050853529288,"standard_error":0.022610739935682515}}