{"Mean":{"confidence_interval":{"confidence_level":0.95,"lower_bound":12526.840205465516,"upper_bound":15359.041501313804},"point_estimate":13706.58863301662,"standard_error":735.5983796012564},"Median":{"confidence_interval":{"confidence_level":0.95,"lower_bound":11775.686931348222,"upper_bound":12259.900765900766},"point_estimate":11989.550776627219,"standard_error":113.89605276172674},"MedianAbsDev":{"confidence_interval":{"confidence_level":0.95,"lower_bound":702.9234482197021,"upper_bound":1407.0034127610795},"point_estimate":980.5122127240501,"standard_error":190.15233374715024},"Slope":{"confidence_interval":{"confidence_level":0.95,"lower_bound":11700.62598757419,"upper_bound":12054.501888376897},"point_estimate":11877.713167900029,"standard_error":90.11156267808592},"StdDev":{"confidence_interval":{"confidence_level":0.95,"lower_bound":2257.913899965577,"upper_bound":11746.082629725051},"point_estimate":7396.653649127013,"standard_error":2693.0539411892273}}