{"Mean":{"confidence_interval":{"confidence_level":0.95,"lower_bound":-0.21528106526931196,"upper_bound":0.024943568786101263},"point_estimate":-0.10206353685696024,"standard_error":0.061384302050382186},"Median":{"confidence_interval":{"confidence_level":0.95,"lower_bound":-0.07583795454290054,"upper_bound":-0.006390610304293554},"point_estimate":-0.02639905222168959,"standard_error":0.016958522945274095}}