{"Mean":{"confidence_interval":{"confidence_level":0.95,"lower_bound":26656.65824061852,"upper_bound":31862.158415157002},"point_estimate":28825.959791792873,"standard_error":1348.4150537100916},"Median":{"confidence_interval":{"confidence_level":0.95,"lower_bound":24717.799628942485,"upper_bound":25923.450807334426},"point_estimate":25467.54795918367,"standard_error":335.8238336878325},"MedianAbsDev":{"confidence_interval":{"confidence_level":0.95,"lower_bound":1312.6410824267984,"upper_bound":2689.824857915529},"point_estimate":1971.4543481505289,"standard_error":395.3213285530528},"Slope":{"confidence_interval":{"confidence_level":0.95,"lower_bound":24334.126045070338,"upper_bound":24886.442993965124},"point_estimate":24580.616804802015,"standard_error":140.87093304915348},"StdDev":{"confidence_interval":{"confidence_level":0.95,"lower_bound":4682.457605416611,"upper_bound":21304.604967715197},"point_estimate":13494.113543156922,"standard_error":4767.855636589166}}