{"Mean":{"confidence_interval":{"confidence_level":0.95,"lower_bound":748247.604093027,"upper_bound":848257.5103653945},"point_estimate":791369.7603865132,"standard_error":25764.32985197876},"Median":{"confidence_interval":{"confidence_level":0.95,"lower_bound":706038.8839285715,"upper_bound":730211.3175675676},"point_estimate":719964.35625,"standard_error":5959.6699423398295},"MedianAbsDev":{"confidence_interval":{"confidence_level":0.95,"lower_bound":25856.372569873234,"upper_bound":57207.00419588778},"point_estimate":38244.47937650756,"standard_error":7469.65150681217},"Slope":{"confidence_interval":{"confidence_level":0.95,"lower_bound":698926.1917934308,"upper_bound":709214.6395968365},"point_estimate":703886.4691547215,"standard_error":2621.4657999555466},"StdDev":{"confidence_interval":{"confidence_level":0.95,"lower_bound":104088.32417253964,"upper_bound":398041.96209300257},"point_estimate":258835.43505565374,"standard_error":80621.97690406776}}