{"Mean":{"confidence_interval":{"confidence_level":0.95,"lower_bound":14319.45192254935,"upper_bound":17026.311381939176},"point_estimate":15457.776937193301,"standard_error":701.4263868257957},"Median":{"confidence_interval":{"confidence_level":0.95,"lower_bound":13629.805499664655,"upper_bound":13943.292018779342},"point_estimate":13783.861692733335,"standard_error":77.50551127392963},"MedianAbsDev":{"confidence_interval":{"confidence_level":0.95,"lower_bound":445.37480387278583,"upper_bound":957.2279203742406},"point_estimate":709.6409343561048,"standard_error":133.36503635728317},"Slope":{"confidence_interval":{"confidence_level":0.95,"lower_bound":13539.256386331259,"upper_bound":13736.895459116968},"point_estimate":13638.139354281444,"standard_error":50.3528131469458},"StdDev":{"confidence_interval":{"confidence_level":0.95,"lower_bound":2192.19349753369,"upper_bound":11111.761625054594},"point_estimate":7065.106654560095,"standard_error":2455.8930759330005}}