{"Mean":{"confidence_interval":{"confidence_level":0.95,"lower_bound":-0.1260697408970714,"upper_bound":0.16362049262766984},"point_estimate":0.006579591371634885,"standard_error":0.07407075087203879},"Median":{"confidence_interval":{"confidence_level":0.95,"lower_bound":-0.028775952776732377,"upper_bound":0.018166666396723485},"point_estimate":-0.00717131938124782,"standard_error":0.012945034127657793}}