{"Mean":{"confidence_interval":{"confidence_level":0.95,"lower_bound":88416.30360888901,"upper_bound":103885.2544878092},"point_estimate":94885.84689193638,"standard_error":4016.8219621167063},"Median":{"confidence_interval":{"confidence_level":0.95,"lower_bound":83277.79326923077,"upper_bound":86421.93193153001},"point_estimate":84317.89217683296,"standard_error":868.4043317571306},"MedianAbsDev":{"confidence_interval":{"confidence_level":0.95,"lower_bound":3659.695510623188,"upper_bound":7531.811685254506},"point_estimate":5031.434495123891,"standard_error":1013.065235881798},"Slope":{"confidence_interval":{"confidence_level":0.95,"lower_bound":82175.32011789366,"upper_bound":83546.06477040751},"point_estimate":82820.41979334099,"standard_error":348.6724809572958},"StdDev":{"confidence_interval":{"confidence_level":0.95,"lower_bound":12809.790786207965,"upper_bound":63956.11818079823},"point_estimate":40482.68931245546,"standard_error":14415.204305896272}}