{"Mean":{"confidence_interval":{"confidence_level":0.95,"lower_bound":-0.208978857985133,"upper_bound":0.0594035758504388},"point_estimate":-0.08172875824767478,"standard_error":0.06803302954238974},"Median":{"confidence_interval":{"confidence_level":0.95,"lower_bound":-0.07917176628163058,"upper_bound":0.0019366217204475067},"point_estimate":-0.03259225305099267,"standard_error":0.0198877271785655}}