{"Mean":{"confidence_interval":{"confidence_level":0.95,"lower_bound":11128166.893873317,"upper_bound":25820584.053754874},"point_estimate":17325402.41644923,"standard_error":3810072.8712174497},"Median":{"confidence_interval":{"confidence_level":0.95,"lower_bound":5775881.233333333,"upper_bound":8343220.073170732},"point_estimate":6779791.787843138,"standard_error":655149.0162827473},"MedianAbsDev":{"confidence_interval":{"confidence_level":0.95,"lower_bound":2581196.756122423,"upper_bound":5877073.704838035},"point_estimate":3915296.2503302675,"standard_error":849965.1695620612},"Slope":{"confidence_interval":{"confidence_level":0.95,"lower_bound":4929398.825136642,"upper_bound":5641264.487430605},"point_estimate":5239801.195120437,"standard_error":181146.9257859335},"StdDev":{"confidence_interval":{"confidence_level":0.95,"lower_bound":13119663.95752331,"upper_bound":59906541.304600656},"point_estimate":38261374.15940166,"standard_error":13065632.135472905}}