{"Mean":{"confidence_interval":{"confidence_level":0.95,"lower_bound":136669.38212793323,"upper_bound":165925.07051711192},"point_estimate":149147.5603237299,"standard_error":7569.873917576037},"Median":{"confidence_interval":{"confidence_level":0.95,"lower_bound":126160.38,"upper_bound":131563.08333333334},"point_estimate":128667.0172413793,"standard_error":1551.0885321239737},"MedianAbsDev":{"confidence_interval":{"confidence_level":0.95,"lower_bound":5684.0309620882945,"upper_bound":11499.526668945746},"point_estimate":8345.373306728963,"standard_error":1520.8402345029263},"Slope":{"confidence_interval":{"confidence_level":0.95,"lower_bound":125253.23550087606,"upper_bound":127310.95969416716},"point_estimate":126221.31169720703,"standard_error":525.982198390979},"StdDev":{"confidence_interval":{"confidence_level":0.95,"lower_bound":28894.856835630675,"upper_bound":118128.05695581796},"point_estimate":76143.92670821284,"standard_error":24797.223364804402}}