{"Mean":{"confidence_interval":{"confidence_level":0.95,"lower_bound":-0.19901322547111666,"upper_bound":-0.006716966417421278},"point_estimate":-0.10782314410054694,"standard_error":0.04918157382476033},"Median":{"confidence_interval":{"confidence_level":0.95,"lower_bound":-0.1127028989952659,"upper_bound":-0.009564499780990499},"point_estimate":-0.049275322232329,"standard_error":0.028497391928020453}}