{"Mean":{"confidence_interval":{"confidence_level":0.95,"lower_bound":-0.11399667342324112,"upper_bound":0.12143827231226906},"point_estimate":-0.004019593918968001,"standard_error":0.06001721645550768},"Median":{"confidence_interval":{"confidence_level":0.95,"lower_bound":-0.027223806110694415,"upper_bound":0.010720990464790026},"point_estimate":-0.007904006741603742,"standard_error":0.009783685405762488}}