{"Mean":{"confidence_interval":{"confidence_level":0.95,"lower_bound":121497523.14612487,"upper_bound":121882924.37708524},"point_estimate":121682853.2207871,"standard_error":98025.21531496168},"Median":{"confidence_interval":{"confidence_level":0.95,"lower_bound":121271992.21800655,"upper_bound":121656686.95632799},"point_estimate":121461092.90213674,"standard_error":106195.4658072825},"MedianAbsDev":{"confidence_interval":{"confidence_level":0.95,"lower_bound":620512.3192215313,"upper_bound":1067570.3686136447},"point_estimate":822938.9151311888,"standard_error":110025.24484221985},"Slope":{"confidence_interval":{"confidence_level":0.95,"lower_bound":121373120.22695091,"upper_bound":121841356.75728458},"point_estimate":121600248.74858283,"standard_error":119385.04347560975},"StdDev":{"confidence_interval":{"confidence_level":0.95,"lower_bound":767333.951636273,"upper_bound":1206181.9090180828},"point_estimate":986270.9830324962,"standard_error":113479.64175027088}}