{"Mean":{"confidence_interval":{"confidence_level":0.95,"lower_bound":-0.13067591170583417,"upper_bound":0.10182552060963733},"point_estimate":-0.020734894016634642,"standard_error":0.05901891361218842},"Median":{"confidence_interval":{"confidence_level":0.95,"lower_bound":-0.03547478960554973,"upper_bound":0.020115623293601725},"point_estimate":-0.007860521758377481,"standard_error":0.015123018594555636}}