{"Mean":{"confidence_interval":{"confidence_level":0.95,"lower_bound":-0.13135394247588295,"upper_bound":0.10876863838247153},"point_estimate":-0.010456539358429051,"standard_error":0.06110858793228596},"Median":{"confidence_interval":{"confidence_level":0.95,"lower_bound":-0.042039099546816436,"upper_bound":0.03527133449347297},"point_estimate":0.006720608328460331,"standard_error":0.01891550561305635}}