{"Mean":{"confidence_interval":{"confidence_level":0.95,"lower_bound":201507.81283172427,"upper_bound":237752.5632344806},"point_estimate":216877.781800838,"standard_error":9404.961474192833},"Median":{"confidence_interval":{"confidence_level":0.95,"lower_bound":188460.35833333334,"upper_bound":198711.00476190477},"point_estimate":193730.84978991596,"standard_error":2636.4206433900868},"MedianAbsDev":{"confidence_interval":{"confidence_level":0.95,"lower_bound":11645.825633475148,"upper_bound":21252.378138821256},"point_estimate":15195.66968417699,"standard_error":2488.568574294905},"Slope":{"confidence_interval":{"confidence_level":0.95,"lower_bound":183452.45890329595,"upper_bound":187490.4581340474},"point_estimate":185405.50930545293,"standard_error":1028.0898065140916},"StdDev":{"confidence_interval":{"confidence_level":0.95,"lower_bound":34433.7215991427,"upper_bound":147223.12954091423},"point_estimate":94633.8110479023,"standard_error":31410.128702802915}}