{"Mean":{"confidence_interval":{"confidence_level":0.95,"lower_bound":12256.66263313492,"upper_bound":14566.49478894629},"point_estimate":13233.733623383898,"standard_error":596.182605312924},"Median":{"confidence_interval":{"confidence_level":0.95,"lower_bound":11504.881639859932,"upper_bound":11910.1787355608},"point_estimate":11624.96710360606,"standard_error":122.946979570044},"MedianAbsDev":{"confidence_interval":{"confidence_level":0.95,"lower_bound":534.154927549521,"upper_bound":1242.3486232516075},"point_estimate":780.2880536545396,"standard_error":180.64086719972013},"Slope":{"confidence_interval":{"confidence_level":0.95,"lower_bound":11468.54082762804,"upper_bound":11758.104771929713},"point_estimate":11608.968736408617,"standard_error":73.79353059527668},"StdDev":{"confidence_interval":{"confidence_level":0.95,"lower_bound":2019.7058329975541,"upper_bound":9406.630872577809},"point_estimate":6001.931634350431,"standard_error":2051.1927291598167}}