{"Mean":{"confidence_interval":{"confidence_level":0.95,"lower_bound":36518150.99261471,"upper_bound":36806022.97883625},"point_estimate":36650933.92147444,"standard_error":73650.30469836242},"Median":{"confidence_interval":{"confidence_level":0.95,"lower_bound":36383154.40449438,"upper_bound":36526541.6},"point_estimate":36422272.96847507,"standard_error":37641.19328174123},"MedianAbsDev":{"confidence_interval":{"confidence_level":0.95,"lower_bound":207990.0915404153,"upper_bound":397328.68367772194},"point_estimate":255600.04527006816,"standard_error":52585.00985481771},"Slope":{"confidence_interval":{"confidence_level":0.95,"lower_bound":36319038.580213144,"upper_bound":36433611.67595695},"point_estimate":36374125.89084084,"standard_error":29299.473637455438},"StdDev":{"confidence_interval":{"confidence_level":0.95,"lower_bound":442428.17676398787,"upper_bound":1005315.9857358066},"point_estimate":741395.079380913,"standard_error":144727.53586930674}}