{"Mean":{"confidence_interval":{"confidence_level":0.95,"lower_bound":56822899.11725566,"upper_bound":58574155.66431428},"point_estimate":57495692.60432805,"standard_error":470103.9399368587},"Median":{"confidence_interval":{"confidence_level":0.95,"lower_bound":56431809.428571425,"upper_bound":56679743.333333336},"point_estimate":56581097.41836065,"standard_error":71810.07296816794},"MedianAbsDev":{"confidence_interval":{"confidence_level":0.95,"lower_bound":359339.19710991776,"upper_bound":723454.1351209764},"point_estimate":560605.2658430517,"standard_error":90309.31645119865},"Slope":{"confidence_interval":{"confidence_level":0.95,"lower_bound":56586244.41462036,"upper_bound":60566648.1536181},"point_estimate":57973135.26544702,"standard_error":1134181.4857498554},"StdDev":{"confidence_interval":{"confidence_level":0.95,"lower_bound":1032065.0099700353,"upper_bound":7866155.968223498},"point_estimate":4735706.67698399,"standard_error":2202329.543650934}}