{"Mean":{"confidence_interval":{"confidence_level":0.95,"lower_bound":-0.5611885393937707,"upper_bound":-0.38322426232876916},"point_estimate":-0.4847082970248717,"standard_error":0.04550769983746026},"Median":{"confidence_interval":{"confidence_level":0.95,"lower_bound":-0.4984063962550416,"upper_bound":-0.2618411243844597},"point_estimate":-0.3764120687678456,"standard_error":0.05673437164852063}}