{"Mean":{"confidence_interval":{"confidence_level":0.95,"lower_bound":-0.5015600933148915,"upper_bound":-0.24200578623032207},"point_estimate":-0.3795344206677659,"standard_error":0.06679288859117548},"Median":{"confidence_interval":{"confidence_level":0.95,"lower_bound":-0.3282988464672928,"upper_bound":-0.23472483524963317},"point_estimate":-0.28045665435837597,"standard_error":0.025940833904726866}}