{"Mean":{"confidence_interval":{"confidence_level":0.95,"lower_bound":35594677.30464876,"upper_bound":36012727.851931825},"point_estimate":35771456.0483785,"standard_error":108183.9523479244},"Median":{"confidence_interval":{"confidence_level":0.95,"lower_bound":35414096.78571428,"upper_bound":35589226.53277886},"point_estimate":35483182.36927835,"standard_error":45065.36388659755},"MedianAbsDev":{"confidence_interval":{"confidence_level":0.95,"lower_bound":224808.2133512044,"upper_bound":419447.576328117},"point_estimate":300617.4993321819,"standard_error":46804.208902334285},"Slope":{"confidence_interval":{"confidence_level":0.95,"lower_bound":35383473.23839708,"upper_bound":35546613.25968035},"point_estimate":35454944.24446579,"standard_error":41829.65243777802},"StdDev":{"confidence_interval":{"confidence_level":0.95,"lower_bound":463612.43965455,"upper_bound":1694581.121313066},"point_estimate":1086183.7202235744,"standard_error":377689.06941826956}}