{"Mean":{"confidence_interval":{"confidence_level":0.95,"lower_bound":28191825.46874135,"upper_bound":28541384.548973158},"point_estimate":28356923.732424237,"standard_error":89504.62756852832},"Median":{"confidence_interval":{"confidence_level":0.95,"lower_bound":27932584.12345679,"upper_bound":28191669.02794971},"point_estimate":28043617.100147277,"standard_error":74162.60633287049},"MedianAbsDev":{"confidence_interval":{"confidence_level":0.95,"lower_bound":343117.1397529885,"upper_bound":665429.282847974},"point_estimate":478420.1021100948,"standard_error":84813.18139355518},"Slope":{"confidence_interval":{"confidence_level":0.95,"lower_bound":27973388.637079887,"upper_bound":28370257.46825148},"point_estimate":28146586.901235405,"standard_error":102706.98238281165},"StdDev":{"confidence_interval":{"confidence_level":0.95,"lower_bound":656442.8140757366,"upper_bound":1110434.5360242953},"point_estimate":901288.5767783665,"standard_error":116296.75380822885}}