{"Mean":{"confidence_interval":{"confidence_level":0.95,"lower_bound":3922853.5869639777,"upper_bound":4148452.4253921956},"point_estimate":4021999.36301851,"standard_error":58037.342004119724},"Median":{"confidence_interval":{"confidence_level":0.95,"lower_bound":3819342.765625,"upper_bound":3877326.1515151514},"point_estimate":3856443.474137931,"standard_error":15409.844107957544},"MedianAbsDev":{"confidence_interval":{"confidence_level":0.95,"lower_bound":66834.29512428757,"upper_bound":143560.38415161034},"point_estimate":102541.09734879456,"standard_error":19460.403576468678},"Slope":{"confidence_interval":{"confidence_level":0.95,"lower_bound":3802725.1211696207,"upper_bound":3838979.610956111},"point_estimate":3818807.0650953157,"standard_error":9241.30335235493},"StdDev":{"confidence_interval":{"confidence_level":0.95,"lower_bound":253723.87646790067,"upper_bound":863216.5547606067},"point_estimate":584745.021217875,"standard_error":157659.18835484053}}