{"Mean":{"confidence_interval":{"confidence_level":0.95,"lower_bound":-0.13833065805681244,"upper_bound":0.1299643031226914},"point_estimate":-0.012365395840129856,"standard_error":0.06832261333199949},"Median":{"confidence_interval":{"confidence_level":0.95,"lower_bound":-0.05149242522585247,"upper_bound":0.03343461975049489},"point_estimate":-0.00693179560732593,"standard_error":0.021519201872935424}}