{"Mean":{"confidence_interval":{"confidence_level":0.95,"lower_bound":15274.382749753073,"upper_bound":18394.2391041785},"point_estimate":16596.52634659743,"standard_error":806.9503358741191},"Median":{"confidence_interval":{"confidence_level":0.95,"lower_bound":14236.456770833332,"upper_bound":14909.682350852272},"point_estimate":14483.206754611605,"standard_error":170.01125844499455},"MedianAbsDev":{"confidence_interval":{"confidence_level":0.95,"lower_bound":768.7446074874719,"upper_bound":1773.3695350031403},"point_estimate":1121.587052862567,"standard_error":285.9040842301371},"Slope":{"confidence_interval":{"confidence_level":0.95,"lower_bound":14407.798383258261,"upper_bound":14893.020075110786},"point_estimate":14648.080741604477,"standard_error":124.27928058182371},"StdDev":{"confidence_interval":{"confidence_level":0.95,"lower_bound":2461.2655805616614,"upper_bound":12735.085599770357},"point_estimate":8130.551088657105,"standard_error":2783.6460372195406}}