{"Mean":{"confidence_interval":{"confidence_level":0.95,"lower_bound":18384.14035168184,"upper_bound":21734.4479966473},"point_estimate":19798.71840005074,"standard_error":866.6089060093103},"Median":{"confidence_interval":{"confidence_level":0.95,"lower_bound":17183.116372354496,"upper_bound":17903.54787878788},"point_estimate":17461.640920187794,"standard_error":195.0372803977085},"MedianAbsDev":{"confidence_interval":{"confidence_level":0.95,"lower_bound":966.2504105879442,"upper_bound":2023.681598976854},"point_estimate":1409.0178625343167,"standard_error":264.7608069378788},"Slope":{"confidence_interval":{"confidence_level":0.95,"lower_bound":17008.407261821343,"upper_bound":17380.644686029285},"point_estimate":17181.60993734299,"standard_error":95.11106390577245},"StdDev":{"confidence_interval":{"confidence_level":0.95,"lower_bound":3011.7670365435715,"upper_bound":13637.309267651688},"point_estimate":8706.517231974469,"standard_error":2965.775530407753}}