{"Mean":{"confidence_interval":{"confidence_level":0.95,"lower_bound":-0.18059084042790394,"upper_bound":0.06656900366162778},"point_estimate":-0.0691162740969683,"standard_error":0.06274075741671037},"Median":{"confidence_interval":{"confidence_level":0.95,"lower_bound":-0.08729154352507383,"upper_bound":-0.024780507801211327},"point_estimate":-0.04934335372938181,"standard_error":0.01659768717755039}}