{"Mean":{"confidence_interval":{"confidence_level":0.95,"lower_bound":-0.1387806456675027,"upper_bound":0.12414368099548476},"point_estimate":-0.013206118838412384,"standard_error":0.06682420372392492},"Median":{"confidence_interval":{"confidence_level":0.95,"lower_bound":-0.025387707366117507,"upper_bound":0.02736574343157061},"point_estimate":0.0044673907161119075,"standard_error":0.013943638906553384}}