{"Mean":{"confidence_interval":{"confidence_level":0.95,"lower_bound":43654.14433360758,"upper_bound":52958.35652164858},"point_estimate":47588.34937230035,"standard_error":2427.5001899209215},"Median":{"confidence_interval":{"confidence_level":0.95,"lower_bound":40915.373625192005,"upper_bound":42350.32355555556},"point_estimate":41506.53918864098,"standard_error":317.8586579696599},"MedianAbsDev":{"confidence_interval":{"confidence_level":0.95,"lower_bound":1895.6561418892716,"upper_bound":4117.672368485541},"point_estimate":2725.5361056911756,"standard_error":590.0641661336853},"Slope":{"confidence_interval":{"confidence_level":0.95,"lower_bound":40112.28374003312,"upper_bound":40930.614133509844},"point_estimate":40502.7440301463,"standard_error":208.67776833712938},"StdDev":{"confidence_interval":{"confidence_level":0.95,"lower_bound":7608.313736504288,"upper_bound":38441.888641882986},"point_estimate":24414.962924440293,"standard_error":8603.995928320059}}