{"Mean":{"confidence_interval":{"confidence_level":0.95,"lower_bound":7726797.794439589,"upper_bound":7961865.231572578},"point_estimate":7829401.397578404,"standard_error":60555.01367985747},"Median":{"confidence_interval":{"confidence_level":0.95,"lower_bound":7621700.715686275,"upper_bound":7723935.15},"point_estimate":7673540.475852273,"standard_error":26950.015101107787},"MedianAbsDev":{"confidence_interval":{"confidence_level":0.95,"lower_bound":106544.95707113287,"upper_bound":210821.43145205165},"point_estimate":140207.9712620319,"standard_error":24506.156139462022},"Slope":{"confidence_interval":{"confidence_level":0.95,"lower_bound":7602511.574033717,"upper_bound":7641647.98432761},"point_estimate":7621056.679621694,"standard_error":9962.408838866171},"StdDev":{"confidence_interval":{"confidence_level":0.95,"lower_bound":241965.20721530376,"upper_bound":926239.2697567733},"point_estimate":608308.1536489842,"standard_error":180963.10683655523}}