{"Mean":{"confidence_interval":{"confidence_level":0.95,"lower_bound":12176.041720106035,"upper_bound":14360.323252699305},"point_estimate":13093.525817002177,"standard_error":565.0146270555189},"Median":{"confidence_interval":{"confidence_level":0.95,"lower_bound":11371.266640211641,"upper_bound":12176.768917937545},"point_estimate":11556.617283950618,"standard_error":186.2306988402042},"MedianAbsDev":{"confidence_interval":{"confidence_level":0.95,"lower_bound":790.3891341723591,"upper_bound":1607.7273097103123},"point_estimate":1211.996216640661,"standard_error":206.66481373291924},"Slope":{"confidence_interval":{"confidence_level":0.95,"lower_bound":11317.8355039211,"upper_bound":11639.834279994064},"point_estimate":11474.037841814032,"standard_error":81.99863088259058},"StdDev":{"confidence_interval":{"confidence_level":0.95,"lower_bound":1930.022641392717,"upper_bound":8936.383471211233},"point_estimate":5677.775385777158,"standard_error":1968.4285730284942}}