{"Mean":{"confidence_interval":{"confidence_level":0.95,"lower_bound":-0.1186288546525034,"upper_bound":0.14673865052373256},"point_estimate":0.006417299092969619,"standard_error":0.06732988949274879},"Median":{"confidence_interval":{"confidence_level":0.95,"lower_bound":-0.019093808676041126,"upper_bound":0.035198988077931315},"point_estimate":0.011198142799698996,"standard_error":0.013062846415873672}}