{"Mean":{"confidence_interval":{"confidence_level":0.95,"lower_bound":-0.13913355562312596,"upper_bound":0.11028291289897152},"point_estimate":-0.020395329683728036,"standard_error":0.06374204996882822},"Median":{"confidence_interval":{"confidence_level":0.95,"lower_bound":-0.049853125669805376,"upper_bound":0.026985910410000535},"point_estimate":-0.012959717767240253,"standard_error":0.017289637732383328}}