{"Mean":{"confidence_interval":{"confidence_level":0.95,"lower_bound":-0.10589070989669298,"upper_bound":0.12434950790705777},"point_estimate":0.005545387897224252,"standard_error":0.058919193752683355},"Median":{"confidence_interval":{"confidence_level":0.95,"lower_bound":-0.02609577003123098,"upper_bound":0.03774379119396206},"point_estimate":0.0072776301655923525,"standard_error":0.016046923968395545}}