{"Mean":{"confidence_interval":{"confidence_level":0.95,"lower_bound":30053.05292839353,"upper_bound":30717.658173265158},"point_estimate":30360.684603328646,"standard_error":170.4104374043822},"Median":{"confidence_interval":{"confidence_level":0.95,"lower_bound":29727.081360160308,"upper_bound":30228.39972761321},"point_estimate":29967.980915426037,"standard_error":154.44608317323113},"MedianAbsDev":{"confidence_interval":{"confidence_level":0.95,"lower_bound":609.3937385602301,"upper_bound":1072.5118656237737},"point_estimate":855.8908393861702,"standard_error":119.63228582070728},"Slope":{"confidence_interval":{"confidence_level":0.95,"lower_bound":29874.26394999193,"upper_bound":30789.601176724635},"point_estimate":30263.14037078335,"standard_error":237.22712486186293},"StdDev":{"confidence_interval":{"confidence_level":0.95,"lower_bound":1045.5282974633353,"upper_bound":2290.1768480330174},"point_estimate":1716.920447084343,"standard_error":317.6905306214519}}