{"Mean":{"confidence_interval":{"confidence_level":0.95,"lower_bound":26544.70211811271,"upper_bound":31689.663455624926},"point_estimate":28727.161877303235,"standard_error":1337.373038133454},"Median":{"confidence_interval":{"confidence_level":0.95,"lower_bound":24866.419715222517,"upper_bound":25418.01964321827},"point_estimate":25000.87348737572,"standard_error":146.86980998236578},"MedianAbsDev":{"confidence_interval":{"confidence_level":0.95,"lower_bound":751.9905891842371,"upper_bound":1739.9341074420313},"point_estimate":1087.068130197243,"standard_error":240.02120269766448},"Slope":{"confidence_interval":{"confidence_level":0.95,"lower_bound":24746.930352834286,"upper_bound":25159.105806425698},"point_estimate":24939.204775892056,"standard_error":105.58691615268656},"StdDev":{"confidence_interval":{"confidence_level":0.95,"lower_bound":4263.942252694489,"upper_bound":21119.460208479955},"point_estimate":13488.397425221907,"standard_error":4640.987266428287}}