{"Mean":{"confidence_interval":{"confidence_level":0.95,"lower_bound":11841.42265609747,"upper_bound":14110.30033745604},"point_estimate":12780.370158767402,"standard_error":590.4171296103231},"Median":{"confidence_interval":{"confidence_level":0.95,"lower_bound":11146.35595716198,"upper_bound":11721.668302601913},"point_estimate":11342.49171043147,"standard_error":147.17838120505797},"MedianAbsDev":{"confidence_interval":{"confidence_level":0.95,"lower_bound":734.7048662648767,"upper_bound":1395.8219912376185},"point_estimate":1137.5088679238097,"standard_error":171.0936540973041},"Slope":{"confidence_interval":{"confidence_level":0.95,"lower_bound":11184.318173515732,"upper_bound":11511.264099795862},"point_estimate":11341.756479264182,"standard_error":83.28930970838293},"StdDev":{"confidence_interval":{"confidence_level":0.95,"lower_bound":1764.7792823058232,"upper_bound":9459.617889731848},"point_estimate":5937.18824251951,"standard_error":2194.630182525223}}