{"Mean":{"confidence_interval":{"confidence_level":0.95,"lower_bound":12299.361547891,"upper_bound":14746.784648644474},"point_estimate":13331.560651777138,"standard_error":634.3119103224411},"Median":{"confidence_interval":{"confidence_level":0.95,"lower_bound":11601.470458553791,"upper_bound":12026.118412319129},"point_estimate":11756.091275642812,"standard_error":108.62614081299304},"MedianAbsDev":{"confidence_interval":{"confidence_level":0.95,"lower_bound":645.650274805788,"upper_bound":1245.9019934011799},"point_estimate":898.0887043717196,"standard_error":157.3327999962688},"Slope":{"confidence_interval":{"confidence_level":0.95,"lower_bound":11587.06963464872,"upper_bound":11950.038579270344},"point_estimate":11768.60026997393,"standard_error":92.52715874788187},"StdDev":{"confidence_interval":{"confidence_level":0.95,"lower_bound":1995.4404801339626,"upper_bound":10050.731232112696},"point_estimate":6385.372489920837,"standard_error":2228.7284516961045}}