{"Mean":{"confidence_interval":{"confidence_level":0.95,"lower_bound":2182308.4074041666,"upper_bound":2403195.9421354006},"point_estimate":2277664.283624156,"standard_error":57027.988632922694},"Median":{"confidence_interval":{"confidence_level":0.95,"lower_bound":2093373.2280361757,"upper_bound":2139553.1928571425},"point_estimate":2115902.8115220484,"standard_error":14441.31393636313},"MedianAbsDev":{"confidence_interval":{"confidence_level":0.95,"lower_bound":63535.462488101366,"upper_bound":135276.1785674528},"point_estimate":93161.10510672415,"standard_error":19149.35705385469},"Slope":{"confidence_interval":{"confidence_level":0.95,"lower_bound":2067655.7014055382,"upper_bound":2097080.7269339615},"point_estimate":2081051.2839101523,"standard_error":7502.27267345062},"StdDev":{"confidence_interval":{"confidence_level":0.95,"lower_bound":224477.92128253722,"upper_bound":875341.0833528017},"point_estimate":572349.1275595895,"standard_error":176894.46553734766}}