{"Mean":{"confidence_interval":{"confidence_level":0.95,"lower_bound":29447.93582294396,"upper_bound":29757.399829144477},"point_estimate":29594.5165478403,"standard_error":78.96615771353324},"Median":{"confidence_interval":{"confidence_level":0.95,"lower_bound":29303.149264705884,"upper_bound":29533.859133126934},"point_estimate":29437.823882844674,"standard_error":69.66590597877658},"MedianAbsDev":{"confidence_interval":{"confidence_level":0.95,"lower_bound":324.35805617438604,"upper_bound":635.7352797228017},"point_estimate":446.91257943433084,"standard_error":81.22162606648234},"Slope":{"confidence_interval":{"confidence_level":0.95,"lower_bound":29337.40653808375,"upper_bound":29628.632479272135},"point_estimate":29469.077142968905,"standard_error":74.49196321564713},"StdDev":{"confidence_interval":{"confidence_level":0.95,"lower_bound":550.2955989953599,"upper_bound":1019.0871528951772},"point_estimate":795.4536880496192,"standard_error":120.0797905759598}}