{"Mean":{"confidence_interval":{"confidence_level":0.95,"lower_bound":-0.45075185934363887,"upper_bound":0.8081555480030945},"point_estimate":0.002737411876069906,"standard_error":0.32589622426823556},"Median":{"confidence_interval":{"confidence_level":0.95,"lower_bound":-0.23601557052101163,"upper_bound":0.2940278586252083},"point_estimate":0.0005135515049849992,"standard_error":0.13816949951748228}}