{"Mean":{"confidence_interval":{"confidence_level":0.95,"lower_bound":43180.10378046256,"upper_bound":51131.00569415715},"point_estimate":46542.42073213256,"standard_error":2044.7751137442278},"Median":{"confidence_interval":{"confidence_level":0.95,"lower_bound":39739.76893311222,"upper_bound":41892.00785634119},"point_estimate":41338.5555635966,"standard_error":551.096205982537},"MedianAbsDev":{"confidence_interval":{"confidence_level":0.95,"lower_bound":2233.944840666349,"upper_bound":4569.688332700297},"point_estimate":3359.599547941685,"standard_error":637.1561744482741},"Slope":{"confidence_interval":{"confidence_level":0.95,"lower_bound":39360.31593809531,"upper_bound":40285.4436262183},"point_estimate":39781.85393199021,"standard_error":236.42192235584142},"StdDev":{"confidence_interval":{"confidence_level":0.95,"lower_bound":7674.984505911217,"upper_bound":32082.355112305828},"point_estimate":20579.261756512315,"standard_error":6871.387415764951}}