{"Mean":{"confidence_interval":{"confidence_level":0.95,"lower_bound":23573.43275213333,"upper_bound":23889.31033625042},"point_estimate":23715.273429028326,"standard_error":80.86729075258587},"Median":{"confidence_interval":{"confidence_level":0.95,"lower_bound":23538.41085271318,"upper_bound":23716.018294573645},"point_estimate":23615.524662959215,"standard_error":38.53182616115874},"MedianAbsDev":{"confidence_interval":{"confidence_level":0.95,"lower_bound":292.18441179740734,"upper_bound":468.0421858916418},"point_estimate":358.08190830147197,"standard_error":43.30151679743612},"Slope":{"confidence_interval":{"confidence_level":0.95,"lower_bound":23429.54362019629,"upper_bound":23657.081734631425},"point_estimate":23548.88334069922,"standard_error":58.1975593527715},"StdDev":{"confidence_interval":{"confidence_level":0.95,"lower_bound":446.62369248973835,"upper_bound":1186.9711648792313},"point_estimate":811.4933003001952,"standard_error":210.032807385467}}