{"Mean":{"confidence_interval":{"confidence_level":0.95,"lower_bound":1.308254569249671e-16,"upper_bound":1.1843478274233344e-15},"point_estimate":5.018535538901027e-16,"standard_error":3.141429291473076e-16},"Median":{"confidence_interval":{"confidence_level":0.95,"lower_bound":6.601853018167805e-17,"upper_bound":1.0015648177871566e-16},"point_estimate":7.433597582098332e-17,"standard_error":9.112524538716672e-18},"MedianAbsDev":{"confidence_interval":{"confidence_level":0.95,"lower_bound":3.5755930131194693e-17,"upper_bound":7.40184346282371e-17},"point_estimate":4.616306156231166e-17,"standard_error":9.466746582409258e-18},"Slope":{"confidence_interval":{"confidence_level":0.95,"lower_bound":5.275806816446969e-17,"upper_bound":2.7577821672456847e-15},"point_estimate":8.952061588249253e-16,"standard_error":8.175794851470007e-16},"StdDev":{"confidence_interval":{"confidence_level":0.95,"lower_bound":1.7631302345693248e-16,"upper_bound":5.3941611183973e-15},"point_estimate":3.161544752605981e-15,"standard_error":1.799242079922558e-15}}