{"Mean":{"confidence_interval":{"confidence_level":0.95,"lower_bound":-0.2793505513153365,"upper_bound":0.6622974866574605},"point_estimate":0.10825730431804437,"standard_error":0.24311586603994925},"Median":{"confidence_interval":{"confidence_level":0.95,"lower_bound":-0.07032526074187273,"upper_bound":0.159310965258604},"point_estimate":0.0580105259373116,"standard_error":0.06030846539828598}}