{"Mean":{"confidence_interval":{"confidence_level":0.95,"lower_bound":17370.762063794587,"upper_bound":17741.88357178474},"point_estimate":17550.534362815655,"standard_error":94.64250817525608},"Median":{"confidence_interval":{"confidence_level":0.95,"lower_bound":17256.30172413793,"upper_bound":17711.180316091955},"point_estimate":17458.768341260402,"standard_error":100.47047775256803},"MedianAbsDev":{"confidence_interval":{"confidence_level":0.95,"lower_bound":586.1699990199181,"upper_bound":932.664808803712},"point_estimate":710.226097304757,"standard_error":84.4054107700317},"Slope":{"confidence_interval":{"confidence_level":0.95,"lower_bound":17375.26092448686,"upper_bound":17747.601741240953},"point_estimate":17551.06764195411,"standard_error":94.70815469091723},"StdDev":{"confidence_interval":{"confidence_level":0.95,"lower_bound":737.7541531600535,"upper_bound":1154.5289292712175},"point_estimate":948.163150330507,"standard_error":107.74584135149838}}