{"Mean":{"confidence_interval":{"confidence_level":0.95,"lower_bound":30583.154506073537,"upper_bound":31566.213946626598},"point_estimate":31056.965386478103,"standard_error":251.28845718674526},"Median":{"confidence_interval":{"confidence_level":0.95,"lower_bound":29880.288978494624,"upper_bound":30639.20175953079},"point_estimate":30239.481062870385,"standard_error":206.54563176697437},"MedianAbsDev":{"confidence_interval":{"confidence_level":0.95,"lower_bound":1058.4615530645588,"upper_bound":1937.6703622030582},"point_estimate":1412.3214230641368,"standard_error":226.83074019037318},"Slope":{"confidence_interval":{"confidence_level":0.95,"lower_bound":30494.958601940485,"upper_bound":31414.355661136164},"point_estimate":30922.55183942949,"standard_error":234.53848398398864},"StdDev":{"confidence_interval":{"confidence_level":0.95,"lower_bound":2002.020752900925,"upper_bound":2930.048290840672},"point_estimate":2514.6226505304985,"standard_error":237.26387917066126}}