{"Mean":{"confidence_interval":{"confidence_level":0.95,"lower_bound":2145054.682327132,"upper_bound":2361885.939468089},"point_estimate":2238794.3267358113,"standard_error":55992.431267367145},"Median":{"confidence_interval":{"confidence_level":0.95,"lower_bound":2057469.2339622641,"upper_bound":2104864.185714286},"point_estimate":2070796.8774975433,"standard_error":11402.68725186891},"MedianAbsDev":{"confidence_interval":{"confidence_level":0.95,"lower_bound":62630.47421241143,"upper_bound":124551.44398224996},"point_estimate":81926.15361822274,"standard_error":15043.087516640264},"Slope":{"confidence_interval":{"confidence_level":0.95,"lower_bound":2027462.1018483143,"upper_bound":2049257.4656961423},"point_estimate":2037675.8578188266,"standard_error":5571.34655888466},"StdDev":{"confidence_interval":{"confidence_level":0.95,"lower_bound":242029.864175093,"upper_bound":860181.9707251975},"point_estimate":563141.2763916658,"standard_error":174227.34515032283}}