{"Mean":{"confidence_interval":{"confidence_level":0.95,"lower_bound":-0.1301795664814654,"upper_bound":0.15710829759337283},"point_estimate":0.0021815418050679103,"standard_error":0.07370819917408182},"Median":{"confidence_interval":{"confidence_level":0.95,"lower_bound":-0.017571633502442195,"upper_bound":0.020427884651448958},"point_estimate":0.002354645512518072,"standard_error":0.009593158721057085}}