{"Mean":{"confidence_interval":{"confidence_level":0.95,"lower_bound":936605.5458079006,"upper_bound":1957651.039301455},"point_estimate":1368328.6433526105,"standard_error":264307.96919114847},"Median":{"confidence_interval":{"confidence_level":0.95,"lower_bound":558990.7786885246,"upper_bound":741346.10625},"point_estimate":633296.3916383861,"standard_error":43673.8744571753},"MedianAbsDev":{"confidence_interval":{"confidence_level":0.95,"lower_bound":179455.13970709482,"upper_bound":403528.22159874876},"point_estimate":273427.82060325466,"standard_error":57275.33946866535},"Slope":{"confidence_interval":{"confidence_level":0.95,"lower_bound":502683.2336674648,"upper_bound":553175.5380085477},"point_estimate":524784.9677109502,"standard_error":12894.77881511441},"StdDev":{"confidence_interval":{"confidence_level":0.95,"lower_bound":919632.3963438877,"upper_bound":4154097.353573666},"point_estimate":2650086.9113130984,"standard_error":897843.1827852882}}