{"Mean":{"confidence_interval":{"confidence_level":0.95,"lower_bound":-0.13724862143159067,"upper_bound":0.13780496368341952},"point_estimate":-0.007246412246112999,"standard_error":0.06968410988325013},"Median":{"confidence_interval":{"confidence_level":0.95,"lower_bound":-0.03832984111465365,"upper_bound":0.012811150068016364},"point_estimate":-0.004092964238559427,"standard_error":0.01291121826792459}}