{"Mean":{"confidence_interval":{"confidence_level":0.95,"lower_bound":-0.12026021820581005,"upper_bound":0.14919370443305016},"point_estimate":0.006629905913089429,"standard_error":0.06861805671767233},"Median":{"confidence_interval":{"confidence_level":0.95,"lower_bound":-0.03628559922053709,"upper_bound":0.060618203285358385},"point_estimate":-0.004195650345834467,"standard_error":0.02317015166578891}}