{"Mean":{"confidence_interval":{"confidence_level":0.95,"lower_bound":-0.45193976350786613,"upper_bound":0.786445812156356},"point_estimate":-0.01502578811998756,"standard_error":0.31962321152886913},"Median":{"confidence_interval":{"confidence_level":0.95,"lower_bound":-0.20623499992513672,"upper_bound":0.3387357575251222},"point_estimate":0.032338208028574345,"standard_error":0.13494483633876442}}