{"Mean":{"confidence_interval":{"confidence_level":0.95,"lower_bound":-0.29758009805045255,"upper_bound":-0.07080192092601201},"point_estimate":-0.19106261969978655,"standard_error":0.05779352567546802},"Median":{"confidence_interval":{"confidence_level":0.95,"lower_bound":-0.16614456868544492,"upper_bound":-0.027237839014744525},"point_estimate":-0.07944334418897192,"standard_error":0.031895824862130585}}