{"Mean":{"confidence_interval":{"confidence_level":0.95,"lower_bound":22761.415707420325,"upper_bound":26711.341791758154},"point_estimate":24421.157839601397,"standard_error":1025.8029491833681},"Median":{"confidence_interval":{"confidence_level":0.95,"lower_bound":21292.17810760668,"upper_bound":22204.67091836735},"point_estimate":21800.213737435275,"standard_error":212.96851025488021},"MedianAbsDev":{"confidence_interval":{"confidence_level":0.95,"lower_bound":862.899629621361,"upper_bound":1870.5462046426685},"point_estimate":1309.7767053110417,"standard_error":267.97701120909653},"Slope":{"confidence_interval":{"confidence_level":0.95,"lower_bound":21127.274754404665,"upper_bound":21467.09438161801},"point_estimate":21279.272530618277,"standard_error":86.82214739896834},"StdDev":{"confidence_interval":{"confidence_level":0.95,"lower_bound":3413.2462409621066,"upper_bound":16317.887842969509},"point_estimate":10326.096874213592,"standard_error":3650.233324910165}}