{"Mean":{"confidence_interval":{"confidence_level":0.95,"lower_bound":-0.4477842710135009,"upper_bound":0.7944521409484787},"point_estimate":-0.0024406271418899728,"standard_error":0.3200811214777829},"Median":{"confidence_interval":{"confidence_level":0.95,"lower_bound":-0.22600264824588068,"upper_bound":0.2944509444191141},"point_estimate":-0.017881348764517524,"standard_error":0.1309852439669555}}