{"Mean":{"confidence_interval":{"confidence_level":0.95,"lower_bound":1790703.1194776148,"upper_bound":1970853.2852250068},"point_estimate":1867460.0397030944,"standard_error":46521.04112584897},"Median":{"confidence_interval":{"confidence_level":0.95,"lower_bound":1720713.2857142857,"upper_bound":1770339.9924030388},"point_estimate":1738371.057748538,"standard_error":14530.326670184006},"MedianAbsDev":{"confidence_interval":{"confidence_level":0.95,"lower_bound":67382.77843920034,"upper_bound":128445.74717568066},"point_estimate":89299.18430149123,"standard_error":15779.797088824034},"Slope":{"confidence_interval":{"confidence_level":0.95,"lower_bound":1697009.8713243576,"upper_bound":1728048.9161400287},"point_estimate":1710872.2612413182,"standard_error":7946.34823323955},"StdDev":{"confidence_interval":{"confidence_level":0.95,"lower_bound":180970.0952641523,"upper_bound":726430.1413982363},"point_estimate":468652.00921676605,"standard_error":153257.61242746844}}