{"Mean":{"confidence_interval":{"confidence_level":0.95,"lower_bound":149195506.82966772,"upper_bound":149748520.39154017},"point_estimate":149454471.6169975,"standard_error":141338.57842434273},"Median":{"confidence_interval":{"confidence_level":0.95,"lower_bound":148957904.971831,"upper_bound":149281507.7011111},"point_estimate":149186765.0080645,"standard_error":82575.15267182322},"MedianAbsDev":{"confidence_interval":{"confidence_level":0.95,"lower_bound":557369.7869169915,"upper_bound":1074107.2069923037},"point_estimate":742986.5976817588,"standard_error":134142.13263675227},"Slope":{"confidence_interval":{"confidence_level":0.95,"lower_bound":148862766.5237213,"upper_bound":149226725.43871018},"point_estimate":149041922.2841141,"standard_error":92846.27038539301},"StdDev":{"confidence_interval":{"confidence_level":0.95,"lower_bound":933246.736172672,"upper_bound":1882439.6153960573},"point_estimate":1423044.5183650306,"standard_error":246311.30355158835}}