{"Mean":{"confidence_interval":{"confidence_level":0.95,"lower_bound":-0.2526261920101191,"upper_bound":-0.031735143440317026},"point_estimate":-0.14794133287283218,"standard_error":0.056445470189086626},"Median":{"confidence_interval":{"confidence_level":0.95,"lower_bound":-0.206888161919213,"upper_bound":-0.05235461852685375},"point_estimate":-0.13126313972269577,"standard_error":0.03648576804636296}}