{"Mean":{"confidence_interval":{"confidence_level":0.95,"lower_bound":-0.1581546319998112,"upper_bound":0.06738959071591638},"point_estimate":-0.04668919056025511,"standard_error":0.05792648604412163},"Median":{"confidence_interval":{"confidence_level":0.95,"lower_bound":-0.061653574958072555,"upper_bound":0.021569276689450634},"point_estimate":-0.014093246668555048,"standard_error":0.02200403646447913}}