{"Mean":{"confidence_interval":{"confidence_level":0.95,"lower_bound":-0.10109951692660547,"upper_bound":0.1715956286813408},"point_estimate":0.031951821901203825,"standard_error":0.07065155244700987},"Median":{"confidence_interval":{"confidence_level":0.95,"lower_bound":-0.024910989333130518,"upper_bound":0.03498256845458281},"point_estimate":-0.0027496241485973627,"standard_error":0.015481373543162799}}