{"Mean":{"confidence_interval":{"confidence_level":0.95,"lower_bound":-0.5313919210310799,"upper_bound":-0.3388904774946695},"point_estimate":-0.44518141153826174,"standard_error":0.04923947009241474},"Median":{"confidence_interval":{"confidence_level":0.95,"lower_bound":-0.25993205083293436,"upper_bound":-0.07496117125026387},"point_estimate":-0.1247202156081294,"standard_error":0.04190369477364563}}