{"Mean":{"confidence_interval":{"confidence_level":0.95,"lower_bound":-0.0051648369278175345,"upper_bound":0.006453605015951772},"point_estimate":0.0005332217608156054,"standard_error":0.0029782838434804634},"Median":{"confidence_interval":{"confidence_level":0.95,"lower_bound":-0.002467272801796483,"upper_bound":0.004820223487910891},"point_estimate":0.0008717262815467475,"standard_error":0.0017955593154742476}}