{"Mean":{"confidence_interval":{"confidence_level":0.95,"lower_bound":-0.08919709288871891,"upper_bound":0.06094951034286018},"point_estimate":-0.014407216166937298,"standard_error":0.03808621231858961},"Median":{"confidence_interval":{"confidence_level":0.95,"lower_bound":-0.0366976978878929,"upper_bound":0.02045176574794083},"point_estimate":-0.0010447715268164792,"standard_error":0.013918108678904587}}