{"Mean":{"confidence_interval":{"confidence_level":0.95,"lower_bound":-0.18269404445644952,"upper_bound":0.07522499957370364},"point_estimate":-0.06405193253663966,"standard_error":0.06564107232437309},"Median":{"confidence_interval":{"confidence_level":0.95,"lower_bound":-0.046003205518371226,"upper_bound":0.027770594514567648},"point_estimate":-0.011525247807494865,"standard_error":0.01773212231173525}}