{"Mean":{"confidence_interval":{"confidence_level":0.95,"lower_bound":-0.00003880543461606486,"upper_bound":0.007826577550807174},"point_estimate":0.0038208673863582288,"standard_error":0.001992064451270215},"Median":{"confidence_interval":{"confidence_level":0.95,"lower_bound":0.0012964530314683754,"upper_bound":0.004793435965954496},"point_estimate":0.002929373141434377,"standard_error":0.0008625264711609055}}