{"Mean":{"confidence_interval":{"confidence_level":0.95,"lower_bound":324765.54449209466,"upper_bound":601851.5471739213},"point_estimate":441922.3672816115,"standard_error":71525.68034031762},"Median":{"confidence_interval":{"confidence_level":0.95,"lower_bound":223101.11479591837,"upper_bound":264970.73309800663},"point_estimate":241169.44846153847,"standard_error":10131.166674871247},"MedianAbsDev":{"confidence_interval":{"confidence_level":0.95,"lower_bound":42619.14195432949,"upper_bound":100423.95362406301},"point_estimate":66140.76415397286,"standard_error":14092.46658956051},"Slope":{"confidence_interval":{"confidence_level":0.95,"lower_bound":209077.09446472902,"upper_bound":221551.20980168556},"point_estimate":214484.00253330238,"standard_error":3186.339342190115},"StdDev":{"confidence_interval":{"confidence_level":0.95,"lower_bound":253903.78228995684,"upper_bound":1124864.683604218},"point_estimate":718380.2864820644,"standard_error":243838.9542838638}}