{"Mean":{"confidence_interval":{"confidence_level":0.95,"lower_bound":-0.10630659214316997,"upper_bound":0.1429390108889156},"point_estimate":0.011159100910154818,"standard_error":0.06390669473259358},"Median":{"confidence_interval":{"confidence_level":0.95,"lower_bound":-0.0623063936461935,"upper_bound":0.034984407230113077},"point_estimate":-0.030243420810765143,"standard_error":0.02627477482294644}}