{"Mean":{"confidence_interval":{"confidence_level":0.95,"lower_bound":43500.96161441843,"upper_bound":52834.58798856613},"point_estimate":47503.56232675804,"standard_error":2410.8825399171715},"Median":{"confidence_interval":{"confidence_level":0.95,"lower_bound":40267.990053050395,"upper_bound":41763.85769230769},"point_estimate":40931.86881645285,"standard_error":379.0125615074071},"MedianAbsDev":{"confidence_interval":{"confidence_level":0.95,"lower_bound":1700.4738043956086,"upper_bound":3375.6680478299168},"point_estimate":2409.7243912210693,"standard_error":428.3934725833526},"Slope":{"confidence_interval":{"confidence_level":0.95,"lower_bound":39871.1545221244,"upper_bound":40543.97833693128},"point_estimate":40188.507064941856,"standard_error":171.87976642346456},"StdDev":{"confidence_interval":{"confidence_level":0.95,"lower_bound":9477.219089812508,"upper_bound":37256.24245695206},"point_estimate":24224.54683789111,"standard_error":7603.647147994822}}