{"Mean":{"confidence_interval":{"confidence_level":0.95,"lower_bound":-0.13456249786837834,"upper_bound":0.1355471617199996},"point_estimate":-0.015516571005220858,"standard_error":0.06877433092274224},"Median":{"confidence_interval":{"confidence_level":0.95,"lower_bound":-0.03208337962733954,"upper_bound":0.022885302292264598},"point_estimate":-0.0019908910448699357,"standard_error":0.01387157998694741}}