{"Mean":{"confidence_interval":{"confidence_level":0.95,"lower_bound":12513.705443312941,"upper_bound":14967.79613625414},"point_estimate":13537.753622286955,"standard_error":636.97206226358},"Median":{"confidence_interval":{"confidence_level":0.95,"lower_bound":11683.626294591486,"upper_bound":12162.347283217085},"point_estimate":11905.892621831374,"standard_error":128.33994596861677},"MedianAbsDev":{"confidence_interval":{"confidence_level":0.95,"lower_bound":585.388917858483,"upper_bound":1236.3224289095708},"point_estimate":937.7395484006054,"standard_error":176.94726010651925},"Slope":{"confidence_interval":{"confidence_level":0.95,"lower_bound":11730.476992300582,"upper_bound":12067.31744155808},"point_estimate":11893.487969876149,"standard_error":86.19605063028297},"StdDev":{"confidence_interval":{"confidence_level":0.95,"lower_bound":2079.3857501932703,"upper_bound":10139.027166431151},"point_estimate":6408.046132816225,"standard_error":2261.167955881052}}