{"Mean":{"confidence_interval":{"confidence_level":0.95,"lower_bound":30883.355715473055,"upper_bound":36172.02931271654},"point_estimate":33140.84821101995,"standard_error":1372.9591664015227},"Median":{"confidence_interval":{"confidence_level":0.95,"lower_bound":28853.467237527922,"upper_bound":29959.830135262662},"point_estimate":29235.037954802,"standard_error":281.97138614761167},"MedianAbsDev":{"confidence_interval":{"confidence_level":0.95,"lower_bound":1192.7416362577594,"upper_bound":2565.2289049360256},"point_estimate":1735.840465599406,"standard_error":336.1998441291353},"Slope":{"confidence_interval":{"confidence_level":0.95,"lower_bound":28626.452391661078,"upper_bound":29211.917598022585},"point_estimate":28910.135530124568,"standard_error":149.724646019222},"StdDev":{"confidence_interval":{"confidence_level":0.95,"lower_bound":4998.526253022629,"upper_bound":21528.87033053534},"point_estimate":13854.684985039372,"standard_error":4631.204971125061}}