{"Mean":{"confidence_interval":{"confidence_level":0.95,"lower_bound":-0.13960882775552017,"upper_bound":0.12623740742621506},"point_estimate":-0.017311084729279447,"standard_error":0.06755494374751712},"Median":{"confidence_interval":{"confidence_level":0.95,"lower_bound":-0.03196237805111146,"upper_bound":0.011576000942542117},"point_estimate":-0.014463015138936997,"standard_error":0.01132114643710194}}