{"Mean":{"confidence_interval":{"confidence_level":0.95,"lower_bound":-0.2411267562324995,"upper_bound":-0.061730458071215716},"point_estimate":-0.1583153496096864,"standard_error":0.045732592862748105},"Median":{"confidence_interval":{"confidence_level":0.95,"lower_bound":-0.1918635065211014,"upper_bound":-0.061423347590542764},"point_estimate":-0.12326902306287524,"standard_error":0.03255577856768986}}