{"Mean":{"confidence_interval":{"confidence_level":0.95,"lower_bound":-0.10882335542989954,"upper_bound":0.15064411358240917},"point_estimate":0.013916865276363488,"standard_error":0.06593585603567594},"Median":{"confidence_interval":{"confidence_level":0.95,"lower_bound":-0.024513022185876254,"upper_bound":0.017441975143055455},"point_estimate":-0.007334296400123064,"standard_error":0.010787349245324448}}