{"Mean":{"confidence_interval":{"confidence_level":0.95,"lower_bound":-0.31199558755493506,"upper_bound":0.45781441045825794},"point_estimate":-0.000698301666790524,"standard_error":0.19797299370066535},"Median":{"confidence_interval":{"confidence_level":0.95,"lower_bound":-0.1091121760438496,"upper_bound":0.12418138133082932},"point_estimate":-0.02770122802100261,"standard_error":0.05896960784320303}}