{"Mean":{"confidence_interval":{"confidence_level":0.95,"lower_bound":-0.12239632364276276,"upper_bound":0.16389401774954931},"point_estimate":0.006269767407546478,"standard_error":0.0724468382101405},"Median":{"confidence_interval":{"confidence_level":0.95,"lower_bound":-0.05069474519031436,"upper_bound":0.027628404768439196},"point_estimate":-0.01955115711995481,"standard_error":0.018961774256920236}}