{"Mean":{"confidence_interval":{"confidence_level":0.95,"lower_bound":14574.92696928077,"upper_bound":17369.060836553792},"point_estimate":15756.19243012272,"standard_error":727.1890455008048},"Median":{"confidence_interval":{"confidence_level":0.95,"lower_bound":13756.919007535675,"upper_bound":14423.504208754208},"point_estimate":13913.215683971499,"standard_error":158.55000435347642},"MedianAbsDev":{"confidence_interval":{"confidence_level":0.95,"lower_bound":980.8536599445642,"upper_bound":2043.7226841322595},"point_estimate":1314.1299649156263,"standard_error":272.1479994674299},"Slope":{"confidence_interval":{"confidence_level":0.95,"lower_bound":13750.663935484636,"upper_bound":14193.122813891167},"point_estimate":13970.594262754634,"standard_error":112.68896413887855},"StdDev":{"confidence_interval":{"confidence_level":0.95,"lower_bound":2351.272742537515,"upper_bound":11471.890470761362},"point_estimate":7298.91870173968,"standard_error":2540.7581453951884}}