{"Mean":{"confidence_interval":{"confidence_level":0.95,"lower_bound":36059.406419927196,"upper_bound":42647.11332434125},"point_estimate":38863.34022382747,"standard_error":1703.3548811585172},"Median":{"confidence_interval":{"confidence_level":0.95,"lower_bound":33655.27468230694,"upper_bound":35234.756097560974},"point_estimate":34232.90744134897,"standard_error":382.1434568443658},"MedianAbsDev":{"confidence_interval":{"confidence_level":0.95,"lower_bound":1944.154003111261,"upper_bound":3767.0940812605486},"point_estimate":2886.496749557154,"standard_error":460.04271005917394},"Slope":{"confidence_interval":{"confidence_level":0.95,"lower_bound":33296.01592258477,"upper_bound":34166.667348491625},"point_estimate":33703.088103843605,"standard_error":222.7784019064564},"StdDev":{"confidence_interval":{"confidence_level":0.95,"lower_bound":6204.135772924821,"upper_bound":26665.47873426785},"point_estimate":17155.15648126932,"standard_error":5684.715650764881}}