{"Mean":{"confidence_interval":{"confidence_level":0.95,"lower_bound":13700.631490317186,"upper_bound":13904.401813551523},"point_estimate":13798.453136509635,"standard_error":52.01523490786068},"Median":{"confidence_interval":{"confidence_level":0.95,"lower_bound":13635.426301369864,"upper_bound":13804.669805936073},"point_estimate":13738.163328016513,"standard_error":41.57081656390855},"MedianAbsDev":{"confidence_interval":{"confidence_level":0.95,"lower_bound":260.65049676522284,"upper_bound":406.76893046017847},"point_estimate":361.05086769812476,"standard_error":38.1958579497467},"Slope":{"confidence_interval":{"confidence_level":0.95,"lower_bound":13672.042970041657,"upper_bound":13942.469017507025},"point_estimate":13796.435567530583,"standard_error":69.43039628014833},"StdDev":{"confidence_interval":{"confidence_level":0.95,"lower_bound":388.632752090082,"upper_bound":639.5364289424185},"point_estimate":522.8486467699458,"standard_error":64.02904360834677}}