{"Mean":{"confidence_interval":{"confidence_level":0.95,"lower_bound":-0.34568277837815686,"upper_bound":-0.12881378057252912},"point_estimate":-0.24845170784464676,"standard_error":0.05553449840860955},"Median":{"confidence_interval":{"confidence_level":0.95,"lower_bound":-0.15681472881487335,"upper_bound":-0.05098231895354455},"point_estimate":-0.10355034950999298,"standard_error":0.025405516655163992}}