{"Mean":{"confidence_interval":{"confidence_level":0.95,"lower_bound":13594.503299117527,"upper_bound":16253.445413628322},"point_estimate":14714.857539836286,"standard_error":690.1322560606682},"Median":{"confidence_interval":{"confidence_level":0.95,"lower_bound":12800.556555126555,"upper_bound":13356.067930242272},"point_estimate":13077.493116317644,"standard_error":157.27824842793967},"MedianAbsDev":{"confidence_interval":{"confidence_level":0.95,"lower_bound":888.1866296191146,"upper_bound":1651.4504782351416},"point_estimate":1260.9815719412725,"standard_error":209.32964444595825},"Slope":{"confidence_interval":{"confidence_level":0.95,"lower_bound":12864.160437901122,"upper_bound":13330.460915315924},"point_estimate":13096.690395659609,"standard_error":119.77810815467707},"StdDev":{"confidence_interval":{"confidence_level":0.95,"lower_bound":2307.0935025122703,"upper_bound":10856.029307956036},"point_estimate":6907.269886895438,"standard_error":2377.5159416574597}}