{"Mean":{"confidence_interval":{"confidence_level":0.95,"lower_bound":-0.11521655144577808,"upper_bound":0.1362902489924335},"point_estimate":0.0036122603751043147,"standard_error":0.06410390896322092},"Median":{"confidence_interval":{"confidence_level":0.95,"lower_bound":-0.023958750508855098,"upper_bound":0.007325883803203981},"point_estimate":-0.006771364790318368,"standard_error":0.007468799194967438}}