{"Mean":{"confidence_interval":{"confidence_level":0.95,"lower_bound":-0.02419234690326574,"upper_bound":0.01905954580670493},"point_estimate":-0.0029313212208805783,"standard_error":0.010953966356375217},"Median":{"confidence_interval":{"confidence_level":0.95,"lower_bound":-0.006350384063925407,"upper_bound":0.008099379635206905},"point_estimate":0.0014771740145871348,"standard_error":0.003680903226279659}}