{"Mean":{"confidence_interval":{"confidence_level":0.95,"lower_bound":5156253.599320032,"upper_bound":5347059.592778813},"point_estimate":5237547.824887839,"standard_error":49412.90339410397},"Median":{"confidence_interval":{"confidence_level":0.95,"lower_bound":5077771.953488372,"upper_bound":5136174.752998501},"point_estimate":5104899.351972662,"standard_error":16954.096632203593},"MedianAbsDev":{"confidence_interval":{"confidence_level":0.95,"lower_bound":77534.60714374625,"upper_bound":156690.93490219314},"point_estimate":116022.37613471574,"standard_error":20621.9814311683},"Slope":{"confidence_interval":{"confidence_level":0.95,"lower_bound":5055928.796691868,"upper_bound":5086850.522988449},"point_estimate":5070589.89979607,"standard_error":7881.2892015078405},"StdDev":{"confidence_interval":{"confidence_level":0.95,"lower_bound":184737.5321831049,"upper_bound":775071.9007625583},"point_estimate":497244.7460486353,"standard_error":168259.34074818072}}