{"Mean":{"confidence_interval":{"confidence_level":0.95,"lower_bound":-0.04062509645280113,"upper_bound":0.008996931911679861},"point_estimate":-0.0169481645780013,"standard_error":0.012615730883777408},"Median":{"confidence_interval":{"confidence_level":0.95,"lower_bound":-0.01802652129389759,"upper_bound":0.009625420948853547},"point_estimate":-0.00462665188708089,"standard_error":0.006643935637191483}}