{"Mean":{"confidence_interval":{"confidence_level":0.95,"lower_bound":-0.1451329238497282,"upper_bound":0.15819688676686391},"point_estimate":-0.012453008960589318,"standard_error":0.07653897137897174},"Median":{"confidence_interval":{"confidence_level":0.95,"lower_bound":-0.021448741738629984,"upper_bound":0.027126653180260085},"point_estimate":0.005676430845131364,"standard_error":0.012985355180609566}}