{"Mean":{"confidence_interval":{"confidence_level":0.95,"lower_bound":120396.71594485205,"upper_bound":145863.74640595372},"point_estimate":131740.8695244409,"standard_error":6557.292235003479},"Median":{"confidence_interval":{"confidence_level":0.95,"lower_bound":108390.14848484848,"upper_bound":114616.2804347826},"point_estimate":111722.80035885167,"standard_error":1523.4123838026162},"MedianAbsDev":{"confidence_interval":{"confidence_level":0.95,"lower_bound":6509.914778567336,"upper_bound":12889.77163373005},"point_estimate":9173.77737949653,"standard_error":1715.654432189188},"Slope":{"confidence_interval":{"confidence_level":0.95,"lower_bound":108146.02285597064,"upper_bound":111833.61026028368},"point_estimate":109917.6742674745,"standard_error":943.5099095213178},"StdDev":{"confidence_interval":{"confidence_level":0.95,"lower_bound":32680.675055515432,"upper_bound":96818.93575195612},"point_estimate":65866.84792763446,"standard_error":17330.17183700171}}