{"Mean":{"confidence_interval":{"confidence_level":0.95,"lower_bound":31401.54533108388,"upper_bound":37105.96245084618},"point_estimate":33778.868946124145,"standard_error":1483.8159504956875},"Median":{"confidence_interval":{"confidence_level":0.95,"lower_bound":29359.83238162975,"upper_bound":30874.08936246114},"point_estimate":30141.25902353967,"standard_error":406.7163156581288},"MedianAbsDev":{"confidence_interval":{"confidence_level":0.95,"lower_bound":1637.2662276606611,"upper_bound":3564.6730435517625},"point_estimate":2600.2170752301445,"standard_error":493.48325925364685},"Slope":{"confidence_interval":{"confidence_level":0.95,"lower_bound":29001.874726623653,"upper_bound":30093.919606751595},"point_estimate":29496.220931627653,"standard_error":279.95397277919307},"StdDev":{"confidence_interval":{"confidence_level":0.95,"lower_bound":4642.896588114223,"upper_bound":23652.619673171735},"point_estimate":14893.401508679366,"standard_error":5467.186875804648}}