{"Mean":{"confidence_interval":{"confidence_level":0.95,"lower_bound":5224139.964993225,"upper_bound":5425431.353311539},"point_estimate":5311739.314585378,"standard_error":51988.03918423456},"Median":{"confidence_interval":{"confidence_level":0.95,"lower_bound":5136854.712305611,"upper_bound":5208787.586206896},"point_estimate":5170300.6918239,"standard_error":18118.067584021515},"MedianAbsDev":{"confidence_interval":{"confidence_level":0.95,"lower_bound":72810.4578065723,"upper_bound":146807.63368033324},"point_estimate":110544.8151688138,"standard_error":19774.01015408638},"Slope":{"confidence_interval":{"confidence_level":0.95,"lower_bound":5117935.997081148,"upper_bound":5145812.185127922},"point_estimate":5130636.560082754,"standard_error":7128.979409842448},"StdDev":{"confidence_interval":{"confidence_level":0.95,"lower_bound":215569.61222501277,"upper_bound":792682.415545411},"point_estimate":521253.9389201995,"standard_error":157843.3302904052}}