{"Mean":{"confidence_interval":{"confidence_level":0.95,"lower_bound":-0.14171175638827832,"upper_bound":0.10255814420778663},"point_estimate":-0.027105726960050314,"standard_error":0.06239939520304817},"Median":{"confidence_interval":{"confidence_level":0.95,"lower_bound":-0.05502276869891032,"upper_bound":0.016471868929577162},"point_estimate":-0.023222716329367787,"standard_error":0.018585791037967557}}