{"Mean":{"confidence_interval":{"confidence_level":0.95,"lower_bound":5424932.798562884,"upper_bound":5682172.537822065},"point_estimate":5535425.621337655,"standard_error":66419.15540876363},"Median":{"confidence_interval":{"confidence_level":0.95,"lower_bound":5313966.229166667,"upper_bound":5362638.403225807},"point_estimate":5342756.634459282,"standard_error":10481.449184930507},"MedianAbsDev":{"confidence_interval":{"confidence_level":0.95,"lower_bound":89823.85552020177,"upper_bound":161446.0364128634},"point_estimate":125055.42452482213,"standard_error":18187.800048303085},"Slope":{"confidence_interval":{"confidence_level":0.95,"lower_bound":5285473.917343231,"upper_bound":5313674.319751316},"point_estimate":5298964.158974435,"standard_error":7213.239346696174},"StdDev":{"confidence_interval":{"confidence_level":0.95,"lower_bound":287320.17002997047,"upper_bound":1020694.2517869445},"point_estimate":664257.2650279446,"standard_error":210988.00165413413}}