{"Mean":{"confidence_interval":{"confidence_level":0.95,"lower_bound":-0.14362318757266188,"upper_bound":0.12262528022356964},"point_estimate":-0.017358403329348904,"standard_error":0.06848880016767223},"Median":{"confidence_interval":{"confidence_level":0.95,"lower_bound":-0.0469325324883314,"upper_bound":0.032812322125922},"point_estimate":-0.023936139629463837,"standard_error":0.02257451218222016}}