{"Mean":{"confidence_interval":{"confidence_level":0.95,"lower_bound":-0.1324896140649622,"upper_bound":0.12861974466942305},"point_estimate":-0.013536708873806313,"standard_error":0.0664578844796298},"Median":{"confidence_interval":{"confidence_level":0.95,"lower_bound":-0.041885823488168744,"upper_bound":0.03276425739774025},"point_estimate":-0.004011940863786423,"standard_error":0.018906174748930846}}