{"Mean":{"confidence_interval":{"confidence_level":0.95,"lower_bound":47273.447359946265,"upper_bound":47781.749875317786},"point_estimate":47518.89783700363,"standard_error":129.5032973607376},"Median":{"confidence_interval":{"confidence_level":0.95,"lower_bound":47164.40550595238,"upper_bound":47538.82470669427},"point_estimate":47379.28574165299,"standard_error":93.83094012520162},"MedianAbsDev":{"confidence_interval":{"confidence_level":0.95,"lower_bound":576.3106560077575,"upper_bound":986.7492328797216},"point_estimate":763.4753280113104,"standard_error":103.8387534848592},"Slope":{"confidence_interval":{"confidence_level":0.95,"lower_bound":47302.387177154844,"upper_bound":47768.677416784965},"point_estimate":47531.968282069145,"standard_error":118.82285237029512},"StdDev":{"confidence_interval":{"confidence_level":0.95,"lower_bound":980.9787340315522,"upper_bound":1590.652430762243},"point_estimate":1301.1446457103132,"standard_error":156.0959417466737}}