{"Mean":{"confidence_interval":{"confidence_level":0.95,"lower_bound":-0.11048886674991634,"upper_bound":0.14648432795508862},"point_estimate":0.00998594337888803,"standard_error":0.06520572187320317},"Median":{"confidence_interval":{"confidence_level":0.95,"lower_bound":-0.03267690215816781,"upper_bound":0.04977079029567588},"point_estimate":0.009641583288061195,"standard_error":0.022072326199113156}}