{"Mean":{"confidence_interval":{"confidence_level":0.95,"lower_bound":-0.12845403684329743,"upper_bound":0.12631672018614432},"point_estimate":-0.011946900584973719,"standard_error":0.06535191474831613},"Median":{"confidence_interval":{"confidence_level":0.95,"lower_bound":-0.043714353038328824,"upper_bound":0.022631941661710897},"point_estimate":-0.011398605646775417,"standard_error":0.017683471602928515}}