{"Mean":{"confidence_interval":{"confidence_level":0.95,"lower_bound":-0.14437958434435483,"upper_bound":0.13394107196872476},"point_estimate":-0.021731118644299774,"standard_error":0.0708658269080216},"Median":{"confidence_interval":{"confidence_level":0.95,"lower_bound":-0.06292106968527489,"upper_bound":-0.006599736139385581},"point_estimate":-0.02991630574188031,"standard_error":0.014652585400378424}}