{"Mean":{"confidence_interval":{"confidence_level":0.95,"lower_bound":-0.14849362060453825,"upper_bound":0.10559481770188585},"point_estimate":-0.028847268734422116,"standard_error":0.06527216588587938},"Median":{"confidence_interval":{"confidence_level":0.95,"lower_bound":-0.02720936005290253,"upper_bound":0.03963187001337376},"point_estimate":0.005340235947804084,"standard_error":0.01703786097704747}}